id,file,line,kind,route,surface,bucket,expected_class,spec_anchor,upstream_gate,existing_fixture,notes
UMB-0006,crates/scoopc/src/llvm/codegen/call/abi.rs,385,missing incoming_resume_token_ref param,Helper,rvalue,B-10,RealImpl,docs/spec/language_spec-part4.md#3-调用效果;docs/spec/language_spec-part4.md#12-required-effect-推断,effect lowering contract: callable adapter and effect ABI routing are implemented,,bucket_rule=effect-callable-adapter; legacy_gap=PIPELINE_GAPS §3.1; legacy_gap=PIPELINE_GAPS §3.2; legacy_gap=PIPELINE_GAPS §3.3; legacy_gap=PIPELINE_GAPS §3.12; legacy_gap=PIPELINE_GAPS §5.1
UMB-0007,crates/scoopc/src/llvm/codegen/call/abi.rs,394,missing effect outcome param,Helper,rvalue,B-10,RealImpl,docs/spec/language_spec-part4.md#3-调用效果;docs/spec/language_spec-part4.md#12-required-effect-推断,effect lowering contract: callable adapter and effect ABI routing are implemented,,bucket_rule=effect-callable-adapter; legacy_gap=PIPELINE_GAPS §3.1; legacy_gap=PIPELINE_GAPS §3.2; legacy_gap=PIPELINE_GAPS §3.3; legacy_gap=PIPELINE_GAPS §3.12; legacy_gap=PIPELINE_GAPS §5.1
UMB-0022,crates/scoopc/src/llvm/codegen/call/lowering.rs,761,itable effect outcome slot,Helper,rvalue,B-10,RealImpl,docs/spec/language_spec-part4.md#3-调用效果;docs/spec/language_spec-part4.md#12-required-effect-推断,effect lowering contract: callable adapter and effect ABI routing are implemented,,bucket_rule=effect-callable-adapter; legacy_gap=PIPELINE_GAPS §3.1; legacy_gap=PIPELINE_GAPS §3.2; legacy_gap=PIPELINE_GAPS §3.3; legacy_gap=PIPELINE_GAPS §3.12; legacy_gap=PIPELINE_GAPS §5.1
UMB-0029,crates/scoopc/src/llvm/codegen/call/lowering.rs,1258,Continuation.resume lowering,Helper,rvalue,B-10,RealImpl,docs/spec/language_spec-part4.md#3-调用效果;docs/spec/language_spec-part4.md#12-required-effect-推断,effect lowering contract: callable adapter and effect ABI routing are implemented,,bucket_rule=effect-callable-adapter; legacy_gap=PIPELINE_GAPS §3.1; legacy_gap=PIPELINE_GAPS §3.2; legacy_gap=PIPELINE_GAPS §3.3; legacy_gap=PIPELINE_GAPS §3.12; legacy_gap=PIPELINE_GAPS §5.1
UMB-0031,crates/scoopc/src/llvm/codegen/call/lowering.rs,1323,funptr callee value type,Helper,type,B-30,InternalBugSentinel,docs/spec/language_spec-part6.md#6-uintptr-与指针整数转换;docs/spec/language_spec-part6.md#7-function-pointer,"unsafe/intrinsic gate: named, FunPtr, and pointer conversion calls are valid",,bucket_rule=named-unsafe-funptr
UMB-0033,crates/scoopc/src/llvm/codegen/call/lowering.rs,1366,funptr signature type,Helper,type,B-30,InternalBugSentinel,docs/spec/language_spec-part6.md#6-uintptr-与指针整数转换;docs/spec/language_spec-part6.md#7-function-pointer,"unsafe/intrinsic gate: named, FunPtr, and pointer conversion calls are valid",,bucket_rule=named-unsafe-funptr
UMB-0034,crates/scoopc/src/llvm/codegen/call/lowering.rs,1373,funptr signature kind,Helper,type,B-30,InternalBugSentinel,docs/spec/language_spec-part6.md#6-uintptr-与指针整数转换;docs/spec/language_spec-part6.md#7-function-pointer,"unsafe/intrinsic gate: named, FunPtr, and pointer conversion calls are valid",,bucket_rule=named-unsafe-funptr
UMB-0037,crates/scoopc/src/llvm/codegen/call/lowering.rs,1615,funptr signature type,Helper,type,B-30,InternalBugSentinel,docs/spec/language_spec-part6.md#6-uintptr-与指针整数转换;docs/spec/language_spec-part6.md#7-function-pointer,"unsafe/intrinsic gate: named, FunPtr, and pointer conversion calls are valid",,bucket_rule=named-unsafe-funptr
UMB-0038,crates/scoopc/src/llvm/codegen/call/lowering.rs,1622,funptr signature kind,Helper,type,B-30,InternalBugSentinel,docs/spec/language_spec-part6.md#6-uintptr-与指针整数转换;docs/spec/language_spec-part6.md#7-function-pointer,"unsafe/intrinsic gate: named, FunPtr, and pointer conversion calls are valid",,bucket_rule=named-unsafe-funptr
UMB-0051,crates/scoopc/src/llvm/codegen/call/lowering.rs,2360,funptr call arity mismatch,Helper,rvalue,B-30,InternalBugSentinel,docs/spec/language_spec-part6.md#6-uintptr-与指针整数转换;docs/spec/language_spec-part6.md#7-function-pointer,"unsafe/intrinsic gate: named, FunPtr, and pointer conversion calls are valid",,bucket_rule=named-unsafe-funptr
UMB-0052,crates/scoopc/src/llvm/codegen/call/lowering.rs,2422,funptr call deferred return value,Helper,terminator,B-30,InternalBugSentinel,docs/spec/language_spec-part6.md#6-uintptr-与指针整数转换;docs/spec/language_spec-part6.md#7-function-pointer,"unsafe/intrinsic gate: named, FunPtr, and pointer conversion calls are valid",,bucket_rule=named-unsafe-funptr
UMB-0092,crates/scoopc/src/llvm/codegen/closure/mod.rs,85,lambda without expected function type,Helper,type,B-12,RealImpl,docs/spec/language_spec-part3.md#6-lambda-与函数值;docs/spec/language_spec-part3.md#61-函数类型与-effect,closure lowering contract: capture environment layout and function value ABI are published,,bucket_rule=closure-capture; legacy_gap=PIPELINE_GAPS §3.11
UMB-0094,crates/scoopc/src/llvm/codegen/closure/mod.rs,115,lambda return type,Helper,terminator,B-12,RealImpl,docs/spec/language_spec-part3.md#6-lambda-与函数值;docs/spec/language_spec-part3.md#61-函数类型与-effect,closure lowering contract: capture environment layout and function value ABI are published,,bucket_rule=closure-capture; legacy_gap=PIPELINE_GAPS §3.11
UMB-0095,crates/scoopc/src/llvm/codegen/closure/mod.rs,195,capture local not found,Helper,rvalue,B-12,RealImpl,docs/spec/language_spec-part3.md#6-lambda-与函数值;docs/spec/language_spec-part3.md#61-函数类型与-effect,closure lowering contract: capture environment layout and function value ABI are published,,bucket_rule=closure-capture; legacy_gap=PIPELINE_GAPS §3.11
UMB-0096,crates/scoopc/src/llvm/codegen/closure/mod.rs,201,capture local type,Helper,type,B-12,RealImpl,docs/spec/language_spec-part3.md#6-lambda-与函数值;docs/spec/language_spec-part3.md#61-函数类型与-effect,closure lowering contract: capture environment layout and function value ABI are published,,bucket_rule=closure-capture; legacy_gap=PIPELINE_GAPS §3.11
UMB-0099,crates/scoopc/src/llvm/codegen/closure/mod.rs,289,capture local not found,Helper,rvalue,B-12,RealImpl,docs/spec/language_spec-part3.md#6-lambda-与函数值;docs/spec/language_spec-part3.md#61-函数类型与-effect,closure lowering contract: capture environment layout and function value ABI are published,,bucket_rule=closure-capture; legacy_gap=PIPELINE_GAPS §3.11
UMB-0100,crates/scoopc/src/llvm/codegen/closure/mod.rs,295,capture local type,Helper,type,B-12,RealImpl,docs/spec/language_spec-part3.md#6-lambda-与函数值;docs/spec/language_spec-part3.md#61-函数类型与-effect,closure lowering contract: capture environment layout and function value ABI are published,,bucket_rule=closure-capture; legacy_gap=PIPELINE_GAPS §3.11
UMB-0103,crates/scoopc/src/llvm/codegen/closure/mod.rs,337,capture local not found,Helper,rvalue,B-12,RealImpl,docs/spec/language_spec-part3.md#6-lambda-与函数值;docs/spec/language_spec-part3.md#61-函数类型与-effect,closure lowering contract: capture environment layout and function value ABI are published,,bucket_rule=closure-capture; legacy_gap=PIPELINE_GAPS §3.11
UMB-0104,crates/scoopc/src/llvm/codegen/closure/mod.rs,345,capture local type,Helper,type,B-12,RealImpl,docs/spec/language_spec-part3.md#6-lambda-与函数值;docs/spec/language_spec-part3.md#61-函数类型与-effect,closure lowering contract: capture environment layout and function value ABI are published,,bucket_rule=closure-capture; legacy_gap=PIPELINE_GAPS §3.11
UMB-0105,crates/scoopc/src/llvm/codegen/closure/mod.rs,353,capture local (non-scalar),Helper,rvalue,B-12,RealImpl,docs/spec/language_spec-part3.md#6-lambda-与函数值;docs/spec/language_spec-part3.md#61-函数类型与-effect,closure lowering contract: capture environment layout and function value ABI are published,,bucket_rule=closure-capture; legacy_gap=PIPELINE_GAPS §3.11
UMB-0106,crates/scoopc/src/llvm/codegen/closure/mod.rs,462,receiver lambda missing this binder,Helper,rvalue,B-12,RealImpl,docs/spec/language_spec-part3.md#6-lambda-与函数值;docs/spec/language_spec-part3.md#61-函数类型与-effect,closure lowering contract: capture environment layout and function value ABI are published,,bucket_rule=closure-capture; legacy_gap=PIPELINE_GAPS §3.11
UMB-0107,crates/scoopc/src/llvm/codegen/closure/mod.rs,495,implicit it lambda missing it binder,Helper,rvalue,B-12,RealImpl,docs/spec/language_spec-part3.md#6-lambda-与函数值;docs/spec/language_spec-part3.md#61-函数类型与-effect,closure lowering contract: capture environment layout and function value ABI are published,,bucket_rule=closure-capture; legacy_gap=PIPELINE_GAPS §3.11
UMB-0108,crates/scoopc/src/llvm/codegen/closure/mod.rs,510,lambda param arity mismatch,Helper,rvalue,B-12,RealImpl,docs/spec/language_spec-part3.md#6-lambda-与函数值;docs/spec/language_spec-part3.md#61-函数类型与-effect,closure lowering contract: capture environment layout and function value ABI are published,,bucket_rule=closure-capture; legacy_gap=PIPELINE_GAPS §3.11
UMB-0109,crates/scoopc/src/llvm/codegen/closure/mod.rs,536,lambda return type,Helper,terminator,B-12,RealImpl,docs/spec/language_spec-part3.md#6-lambda-与函数值;docs/spec/language_spec-part3.md#61-函数类型与-effect,closure lowering contract: capture environment layout and function value ABI are published,,bucket_rule=closure-capture; legacy_gap=PIPELINE_GAPS §3.11
UMB-0110,crates/scoopc/src/llvm/codegen/closure/mod.rs,550,missing llvm lambda sret param,Helper,rvalue,B-12,RealImpl,docs/spec/language_spec-part3.md#6-lambda-与函数值;docs/spec/language_spec-part3.md#61-函数类型与-effect,closure lowering contract: capture environment layout and function value ABI are published,,bucket_rule=closure-capture; legacy_gap=PIPELINE_GAPS §3.11
UMB-0111,crates/scoopc/src/llvm/codegen/closure/mod.rs,575,missing llvm lambda env param,Helper,rvalue,B-12,RealImpl,docs/spec/language_spec-part3.md#6-lambda-与函数值;docs/spec/language_spec-part3.md#61-函数类型与-effect,closure lowering contract: capture environment layout and function value ABI are published,,bucket_rule=closure-capture; legacy_gap=PIPELINE_GAPS §3.11
UMB-0112,crates/scoopc/src/llvm/codegen/closure/mod.rs,594,capture type,Helper,type,B-12,RealImpl,docs/spec/language_spec-part3.md#6-lambda-与函数值;docs/spec/language_spec-part3.md#61-函数类型与-effect,closure lowering contract: capture environment layout and function value ABI are published,,bucket_rule=closure-capture; legacy_gap=PIPELINE_GAPS §3.11
UMB-0113,crates/scoopc/src/llvm/codegen/closure/mod.rs,602,capture local (non-scalar),Helper,rvalue,B-12,RealImpl,docs/spec/language_spec-part3.md#6-lambda-与函数值;docs/spec/language_spec-part3.md#61-函数类型与-effect,closure lowering contract: capture environment layout and function value ABI are published,,bucket_rule=closure-capture; legacy_gap=PIPELINE_GAPS §3.11
UMB-0114,crates/scoopc/src/llvm/codegen/closure/mod.rs,739,capture type,Helper,type,B-12,RealImpl,docs/spec/language_spec-part3.md#6-lambda-与函数值;docs/spec/language_spec-part3.md#61-函数类型与-effect,closure lowering contract: capture environment layout and function value ABI are published,,bucket_rule=closure-capture; legacy_gap=PIPELINE_GAPS §3.11
UMB-0115,crates/scoopc/src/llvm/codegen/closure/mod.rs,747,capture local (non-scalar),Helper,rvalue,B-12,RealImpl,docs/spec/language_spec-part3.md#6-lambda-与函数值;docs/spec/language_spec-part3.md#61-函数类型与-effect,closure lowering contract: capture environment layout and function value ABI are published,,bucket_rule=closure-capture; legacy_gap=PIPELINE_GAPS §3.11
UMB-0194,crates/scoopc/src/llvm/codegen/effect_lowered/body/call_invoke.rs,89,funptr carrier source type,EffectLoweredLlvm,type,B-10,RealImpl,docs/spec/language_spec-part4.md#3-调用效果;docs/spec/language_spec-part4.md#12-required-effect-推断,effect lowering contract: callable adapter and effect ABI routing are implemented,,bucket_rule=effect-callable-adapter; legacy_gap=PIPELINE_GAPS §3.1; legacy_gap=PIPELINE_GAPS §3.2; legacy_gap=PIPELINE_GAPS §3.3; legacy_gap=PIPELINE_GAPS §3.12; legacy_gap=PIPELINE_GAPS §5.1
UMB-0196,crates/scoopc/src/llvm/codegen/effect_lowered/body/call_invoke.rs,109,virtual receiver type,EffectLoweredLlvm,type,B-10,RealImpl,docs/spec/language_spec-part4.md#3-调用效果;docs/spec/language_spec-part4.md#12-required-effect-推断,effect lowering contract: callable adapter and effect ABI routing are implemented,,bucket_rule=effect-callable-adapter; legacy_gap=PIPELINE_GAPS §3.1; legacy_gap=PIPELINE_GAPS §3.2; legacy_gap=PIPELINE_GAPS §3.3; legacy_gap=PIPELINE_GAPS §3.12; legacy_gap=PIPELINE_GAPS §5.1
UMB-0197,crates/scoopc/src/llvm/codegen/effect_lowered/body/call_invoke.rs,122,interface receiver type,EffectLoweredLlvm,type,B-10,RealImpl,docs/spec/language_spec-part4.md#3-调用效果;docs/spec/language_spec-part4.md#12-required-effect-推断,effect lowering contract: callable adapter and effect ABI routing are implemented,,bucket_rule=effect-callable-adapter; legacy_gap=PIPELINE_GAPS §3.1; legacy_gap=PIPELINE_GAPS §3.2; legacy_gap=PIPELINE_GAPS §3.3; legacy_gap=PIPELINE_GAPS §3.12; legacy_gap=PIPELINE_GAPS §5.1
UMB-0198,crates/scoopc/src/llvm/codegen/effect_lowered/body/composed_call.rs,480,composed call replay block,EffectLoweredLlvm,rvalue,B-13,RealImpl,docs/spec/language_spec-part3.md#12-数组字面量;docs/spec/language_spec-part2.md#5-值类型,transport lowering contract: composite and array metadata are descriptor-backed,,bucket_rule=composite-transport; legacy_gap=PIPELINE_GAPS §4.1; legacy_gap=PIPELINE_GAPS §4.5
UMB-0199,crates/scoopc/src/llvm/codegen/effect_lowered/body/composed_call.rs,489,composed call replay statement,EffectLoweredLlvm,stmt,B-10,RealImpl,docs/spec/language_spec-part4.md#3-调用效果;docs/spec/language_spec-part4.md#12-required-effect-推断,effect lowering contract: callable adapter and effect ABI routing are implemented,,bucket_rule=effect-callable-adapter; legacy_gap=PIPELINE_GAPS §3.1; legacy_gap=PIPELINE_GAPS §3.2; legacy_gap=PIPELINE_GAPS §3.3; legacy_gap=PIPELINE_GAPS §3.12; legacy_gap=PIPELINE_GAPS §5.1
UMB-0200,crates/scoopc/src/llvm/codegen/effect_lowered/body/main_carrier.rs,431,carrier arg type,EffectLoweredLlvm,type,B-10,RealImpl,docs/spec/language_spec-part4.md#3-调用效果;docs/spec/language_spec-part4.md#12-required-effect-推断,effect lowering contract: callable adapter and effect ABI routing are implemented,,bucket_rule=effect-callable-adapter; legacy_gap=PIPELINE_GAPS §3.1; legacy_gap=PIPELINE_GAPS §3.2; legacy_gap=PIPELINE_GAPS §3.3; legacy_gap=PIPELINE_GAPS §3.12; legacy_gap=PIPELINE_GAPS §5.1
UMB-0201,crates/scoopc/src/llvm/codegen/effect_lowered/body/main_carrier.rs,453,closure env type,EffectLoweredLlvm,type,B-10,RealImpl,docs/spec/language_spec-part4.md#3-调用效果;docs/spec/language_spec-part4.md#12-required-effect-推断,effect lowering contract: callable adapter and effect ABI routing are implemented,,bucket_rule=effect-callable-adapter; legacy_gap=PIPELINE_GAPS §3.1; legacy_gap=PIPELINE_GAPS §3.2; legacy_gap=PIPELINE_GAPS §3.3; legacy_gap=PIPELINE_GAPS §3.12; legacy_gap=PIPELINE_GAPS §5.1
UMB-0202,crates/scoopc/src/llvm/codegen/effect_lowered/body/main_carrier.rs,462,closure env payload shape,EffectLoweredLlvm,rvalue,B-10,RealImpl,docs/spec/language_spec-part4.md#3-调用效果;docs/spec/language_spec-part4.md#12-required-effect-推断,effect lowering contract: callable adapter and effect ABI routing are implemented,,bucket_rule=effect-callable-adapter; legacy_gap=PIPELINE_GAPS §3.1; legacy_gap=PIPELINE_GAPS §3.2; legacy_gap=PIPELINE_GAPS §3.3; legacy_gap=PIPELINE_GAPS §3.12; legacy_gap=PIPELINE_GAPS §5.1
UMB-0203,crates/scoopc/src/llvm/codegen/effect_lowered/body/main_carrier.rs,468,closure env tuple type,EffectLoweredLlvm,type,B-10,RealImpl,docs/spec/language_spec-part4.md#3-调用效果;docs/spec/language_spec-part4.md#12-required-effect-推断,effect lowering contract: callable adapter and effect ABI routing are implemented,,bucket_rule=effect-callable-adapter; legacy_gap=PIPELINE_GAPS §3.1; legacy_gap=PIPELINE_GAPS §3.2; legacy_gap=PIPELINE_GAPS §3.3; legacy_gap=PIPELINE_GAPS §3.12; legacy_gap=PIPELINE_GAPS §5.1
UMB-0204,crates/scoopc/src/llvm/codegen/effect_lowered/body/main_carrier.rs,477,closure env capture type,EffectLoweredLlvm,type,B-10,RealImpl,docs/spec/language_spec-part4.md#3-调用效果;docs/spec/language_spec-part4.md#12-required-effect-推断,effect lowering contract: callable adapter and effect ABI routing are implemented,,bucket_rule=effect-callable-adapter; legacy_gap=PIPELINE_GAPS §3.1; legacy_gap=PIPELINE_GAPS §3.2; legacy_gap=PIPELINE_GAPS §3.3; legacy_gap=PIPELINE_GAPS §3.12; legacy_gap=PIPELINE_GAPS §5.1
UMB-0205,crates/scoopc/src/llvm/codegen/effect_lowered/body/main_entry.rs,460,plain callable cfg,EffectLoweredLlvm,terminator,B-10,RealImpl,docs/spec/language_spec-part4.md#3-调用效果;docs/spec/language_spec-part4.md#12-required-effect-推断,effect lowering contract: callable adapter and effect ABI routing are implemented,,bucket_rule=effect-callable-adapter; legacy_gap=PIPELINE_GAPS §3.1; legacy_gap=PIPELINE_GAPS §3.2; legacy_gap=PIPELINE_GAPS §3.3; legacy_gap=PIPELINE_GAPS §3.12; legacy_gap=PIPELINE_GAPS §5.1
UMB-0206,crates/scoopc/src/llvm/codegen/effect_lowered/body/main_entry.rs,483,plain callable return type,EffectLoweredLlvm,terminator,B-10,RealImpl,docs/spec/language_spec-part4.md#3-调用效果;docs/spec/language_spec-part4.md#12-required-effect-推断,effect lowering contract: callable adapter and effect ABI routing are implemented,,bucket_rule=effect-callable-adapter; legacy_gap=PIPELINE_GAPS §3.1; legacy_gap=PIPELINE_GAPS §3.2; legacy_gap=PIPELINE_GAPS §3.3; legacy_gap=PIPELINE_GAPS §3.12; legacy_gap=PIPELINE_GAPS §5.1
UMB-0207,crates/scoopc/src/llvm/codegen/effect_lowered/body/main_entry.rs,496,missing plain llvm function sret param,EffectLoweredLlvm,rvalue,B-10,RealImpl,docs/spec/language_spec-part4.md#3-调用效果;docs/spec/language_spec-part4.md#12-required-effect-推断,effect lowering contract: callable adapter and effect ABI routing are implemented,,bucket_rule=effect-callable-adapter; legacy_gap=PIPELINE_GAPS §3.1; legacy_gap=PIPELINE_GAPS §3.2; legacy_gap=PIPELINE_GAPS §3.3; legacy_gap=PIPELINE_GAPS §3.12; legacy_gap=PIPELINE_GAPS §5.1
UMB-0208,crates/scoopc/src/llvm/codegen/effect_lowered/body/main_entry.rs,589,plain callable start block,EffectLoweredLlvm,rvalue,B-10,RealImpl,docs/spec/language_spec-part4.md#3-调用效果;docs/spec/language_spec-part4.md#12-required-effect-推断,effect lowering contract: callable adapter and effect ABI routing are implemented,,bucket_rule=effect-callable-adapter; legacy_gap=PIPELINE_GAPS §3.1; legacy_gap=PIPELINE_GAPS §3.2; legacy_gap=PIPELINE_GAPS §3.3; legacy_gap=PIPELINE_GAPS §3.12; legacy_gap=PIPELINE_GAPS §5.1
UMB-0209,crates/scoopc/src/llvm/codegen/effect_lowered/body/main_entry.rs,670,plain goto target,EffectLoweredLlvm,terminator,B-10,RealImpl,docs/spec/language_spec-part4.md#3-调用效果;docs/spec/language_spec-part4.md#12-required-effect-推断,effect lowering contract: callable adapter and effect ABI routing are implemented,,bucket_rule=effect-callable-adapter; legacy_gap=PIPELINE_GAPS §3.1; legacy_gap=PIPELINE_GAPS §3.2; legacy_gap=PIPELINE_GAPS §3.3; legacy_gap=PIPELINE_GAPS §3.12; legacy_gap=PIPELINE_GAPS §5.1
UMB-0210,crates/scoopc/src/llvm/codegen/effect_lowered/body/main_entry.rs,686,plain branch condition,EffectLoweredLlvm,rvalue,B-10,RealImpl,docs/spec/language_spec-part4.md#3-调用效果;docs/spec/language_spec-part4.md#12-required-effect-推断,effect lowering contract: callable adapter and effect ABI routing are implemented,,bucket_rule=effect-callable-adapter; legacy_gap=PIPELINE_GAPS §3.1; legacy_gap=PIPELINE_GAPS §3.2; legacy_gap=PIPELINE_GAPS §3.3; legacy_gap=PIPELINE_GAPS §3.12; legacy_gap=PIPELINE_GAPS §5.1
UMB-0211,crates/scoopc/src/llvm/codegen/effect_lowered/body/main_entry.rs,693,plain then target,EffectLoweredLlvm,terminator,B-10,RealImpl,docs/spec/language_spec-part4.md#3-调用效果;docs/spec/language_spec-part4.md#12-required-effect-推断,effect lowering contract: callable adapter and effect ABI routing are implemented,,bucket_rule=effect-callable-adapter; legacy_gap=PIPELINE_GAPS §3.1; legacy_gap=PIPELINE_GAPS §3.2; legacy_gap=PIPELINE_GAPS §3.3; legacy_gap=PIPELINE_GAPS §3.12; legacy_gap=PIPELINE_GAPS §5.1
UMB-0212,crates/scoopc/src/llvm/codegen/effect_lowered/body/main_entry.rs,700,plain else target,EffectLoweredLlvm,terminator,B-10,RealImpl,docs/spec/language_spec-part4.md#3-调用效果;docs/spec/language_spec-part4.md#12-required-effect-推断,effect lowering contract: callable adapter and effect ABI routing are implemented,,bucket_rule=effect-callable-adapter; legacy_gap=PIPELINE_GAPS §3.1; legacy_gap=PIPELINE_GAPS §3.2; legacy_gap=PIPELINE_GAPS §3.3; legacy_gap=PIPELINE_GAPS §3.12; legacy_gap=PIPELINE_GAPS §5.1
UMB-0213,crates/scoopc/src/llvm/codegen/effect_lowered/body/main_entry.rs,715,plain callable effect/control terminator,EffectLoweredLlvm,terminator,B-10,RealImpl,docs/spec/language_spec-part4.md#3-调用效果;docs/spec/language_spec-part4.md#12-required-effect-推断,effect lowering contract: callable adapter and effect ABI routing are implemented,,bucket_rule=effect-callable-adapter; legacy_gap=PIPELINE_GAPS §3.1; legacy_gap=PIPELINE_GAPS §3.2; legacy_gap=PIPELINE_GAPS §3.3; legacy_gap=PIPELINE_GAPS §3.12; legacy_gap=PIPELINE_GAPS §5.1
UMB-0214,crates/scoopc/src/llvm/codegen/effect_lowered/body/payload.rs,79,task transport resume payload type,EffectLoweredLlvm,type,B-13,RealImpl,docs/spec/language_spec-part3.md#12-数组字面量;docs/spec/language_spec-part2.md#5-值类型,transport lowering contract: composite and array metadata are descriptor-backed,,bucket_rule=composite-transport; legacy_gap=PIPELINE_GAPS §4.1; legacy_gap=PIPELINE_GAPS §4.5
UMB-0219,crates/scoopc/src/llvm/codegen/effect_lowered/body/states.rs,59,direct param type,EffectLoweredLlvm,type,B-10,RealImpl,docs/spec/language_spec-part4.md#3-调用效果;docs/spec/language_spec-part4.md#12-required-effect-推断,effect lowering contract: callable adapter and effect ABI routing are implemented,,bucket_rule=effect-callable-adapter; legacy_gap=PIPELINE_GAPS §3.1; legacy_gap=PIPELINE_GAPS §3.2; legacy_gap=PIPELINE_GAPS §3.3; legacy_gap=PIPELINE_GAPS §3.12; legacy_gap=PIPELINE_GAPS §5.1
UMB-0220,crates/scoopc/src/llvm/codegen/effect_lowered/body/states.rs,200,direct tuple param element type,EffectLoweredLlvm,type,B-10,RealImpl,docs/spec/language_spec-part4.md#3-调用效果;docs/spec/language_spec-part4.md#12-required-effect-推断,effect lowering contract: callable adapter and effect ABI routing are implemented,,bucket_rule=effect-callable-adapter; legacy_gap=PIPELINE_GAPS §3.1; legacy_gap=PIPELINE_GAPS §3.2; legacy_gap=PIPELINE_GAPS §3.3; legacy_gap=PIPELINE_GAPS §3.12; legacy_gap=PIPELINE_GAPS §5.1
UMB-0221,crates/scoopc/src/llvm/codegen/effect_lowered/body/states.rs,289,source slice block,EffectLoweredLlvm,rvalue,B-10,RealImpl,docs/spec/language_spec-part4.md#3-调用效果;docs/spec/language_spec-part4.md#12-required-effect-推断,effect lowering contract: callable adapter and effect ABI routing are implemented,,bucket_rule=effect-callable-adapter; legacy_gap=PIPELINE_GAPS §3.1; legacy_gap=PIPELINE_GAPS §3.2; legacy_gap=PIPELINE_GAPS §3.3; legacy_gap=PIPELINE_GAPS §3.12; legacy_gap=PIPELINE_GAPS §5.1
UMB-0222,crates/scoopc/src/llvm/codegen/effect_lowered/body/states.rs,295,source slice statement,EffectLoweredLlvm,stmt,B-10,RealImpl,docs/spec/language_spec-part4.md#3-调用效果;docs/spec/language_spec-part4.md#12-required-effect-推断,effect lowering contract: callable adapter and effect ABI routing are implemented,,bucket_rule=effect-callable-adapter; legacy_gap=PIPELINE_GAPS §3.1; legacy_gap=PIPELINE_GAPS §3.2; legacy_gap=PIPELINE_GAPS §3.3; legacy_gap=PIPELINE_GAPS §3.12; legacy_gap=PIPELINE_GAPS §5.1
UMB-0223,crates/scoopc/src/llvm/codegen/effect_lowered/body/states.rs,361,state branch condition,EffectLoweredLlvm,rvalue,B-10,RealImpl,docs/spec/language_spec-part4.md#3-调用效果;docs/spec/language_spec-part4.md#12-required-effect-推断,effect lowering contract: callable adapter and effect ABI routing are implemented,,bucket_rule=effect-callable-adapter; legacy_gap=PIPELINE_GAPS §3.1; legacy_gap=PIPELINE_GAPS §3.2; legacy_gap=PIPELINE_GAPS §3.3; legacy_gap=PIPELINE_GAPS §3.12; legacy_gap=PIPELINE_GAPS §5.1
UMB-0224,crates/scoopc/src/llvm/codegen/effect_lowered/body/wrapper.rs,487,default Complete payload type,EffectLoweredLlvm,type,B-10,RealImpl,docs/spec/language_spec-part4.md#3-调用效果;docs/spec/language_spec-part4.md#12-required-effect-推断,effect lowering contract: callable adapter and effect ABI routing are implemented,,bucket_rule=effect-callable-adapter; legacy_gap=PIPELINE_GAPS §3.1; legacy_gap=PIPELINE_GAPS §3.2; legacy_gap=PIPELINE_GAPS §3.3; legacy_gap=PIPELINE_GAPS §3.12; legacy_gap=PIPELINE_GAPS §5.1
UMB-0226,crates/scoopc/src/llvm/codegen/effect_lowered/value.rs,371,enum variant call requires MIR enum payload schema,EffectLoweredLlvm,rvalue,B-10,RealImpl,docs/spec/language_spec-part4.md#3-调用效果;docs/spec/language_spec-part4.md#12-required-effect-推断,effect lowering contract: callable adapter and effect ABI routing are implemented,,bucket_rule=effect-callable-adapter; legacy_gap=PIPELINE_GAPS §3.1; legacy_gap=PIPELINE_GAPS §3.2; legacy_gap=PIPELINE_GAPS §3.3; legacy_gap=PIPELINE_GAPS §3.12; legacy_gap=PIPELINE_GAPS §5.1
UMB-0227,crates/scoopc/src/llvm/codegen/effect_lowered/value.rs,388,effect-typed closure coercion env type,EffectLoweredLlvm,type,B-10,RealImpl,docs/spec/language_spec-part4.md#3-调用效果;docs/spec/language_spec-part4.md#12-required-effect-推断,effect lowering contract: callable adapter and effect ABI routing are implemented,,bucket_rule=effect-callable-adapter; legacy_gap=PIPELINE_GAPS §3.1; legacy_gap=PIPELINE_GAPS §3.2; legacy_gap=PIPELINE_GAPS §3.3; legacy_gap=PIPELINE_GAPS §3.12; legacy_gap=PIPELINE_GAPS §5.1
UMB-0228,crates/scoopc/src/llvm/codegen/effect_lowered/value.rs,420,pure closure carrier env type,EffectLoweredLlvm,type,B-10,RealImpl,docs/spec/language_spec-part4.md#3-调用效果;docs/spec/language_spec-part4.md#12-required-effect-推断,effect lowering contract: callable adapter and effect ABI routing are implemented,,bucket_rule=effect-callable-adapter; legacy_gap=PIPELINE_GAPS §3.1; legacy_gap=PIPELINE_GAPS §3.2; legacy_gap=PIPELINE_GAPS §3.3; legacy_gap=PIPELINE_GAPS §3.12; legacy_gap=PIPELINE_GAPS §5.1
UMB-0229,crates/scoopc/src/llvm/codegen/effect_lowered/value.rs,748,effect-typed closure surface function type,EffectLoweredLlvm,type,B-10,RealImpl,docs/spec/language_spec-part4.md#3-调用效果;docs/spec/language_spec-part4.md#12-required-effect-推断,effect lowering contract: callable adapter and effect ABI routing are implemented,,bucket_rule=effect-callable-adapter; legacy_gap=PIPELINE_GAPS §3.1; legacy_gap=PIPELINE_GAPS §3.2; legacy_gap=PIPELINE_GAPS §3.3; legacy_gap=PIPELINE_GAPS §3.12; legacy_gap=PIPELINE_GAPS §5.1
UMB-0230,crates/scoopc/src/llvm/codegen/effect_lowered/value.rs,808,struct closure adapter layout,EffectLoweredLlvm,type,B-10,RealImpl,docs/spec/language_spec-part4.md#3-调用效果;docs/spec/language_spec-part4.md#12-required-effect-推断,effect lowering contract: callable adapter and effect ABI routing are implemented,,bucket_rule=effect-callable-adapter; legacy_gap=PIPELINE_GAPS §3.1; legacy_gap=PIPELINE_GAPS §3.2; legacy_gap=PIPELINE_GAPS §3.3; legacy_gap=PIPELINE_GAPS §3.12; legacy_gap=PIPELINE_GAPS §5.1
UMB-0231,crates/scoopc/src/llvm/codegen/effect_lowered/value.rs,931,struct closure adapter value,EffectLoweredLlvm,rvalue,B-10,RealImpl,docs/spec/language_spec-part4.md#3-调用效果;docs/spec/language_spec-part4.md#12-required-effect-推断,effect lowering contract: callable adapter and effect ABI routing are implemented,,bucket_rule=effect-callable-adapter; legacy_gap=PIPELINE_GAPS §3.1; legacy_gap=PIPELINE_GAPS §3.2; legacy_gap=PIPELINE_GAPS §3.3; legacy_gap=PIPELINE_GAPS §3.12; legacy_gap=PIPELINE_GAPS §5.1
UMB-0232,crates/scoopc/src/llvm/codegen/effect_lowered/value.rs,1143,effect-typed plain adapter carrier param,EffectLoweredLlvm,rvalue,B-10,RealImpl,docs/spec/language_spec-part4.md#3-调用效果;docs/spec/language_spec-part4.md#12-required-effect-推断,effect lowering contract: callable adapter and effect ABI routing are implemented,,bucket_rule=effect-callable-adapter; legacy_gap=PIPELINE_GAPS §3.12; legacy_gap=PIPELINE_GAPS §3.1; legacy_gap=PIPELINE_GAPS §3.2; legacy_gap=PIPELINE_GAPS §3.3; legacy_gap=PIPELINE_GAPS §5.1
UMB-0233,crates/scoopc/src/llvm/codegen/effect_lowered/value.rs,1183,effect-typed plain adapter sret payload type,EffectLoweredLlvm,type,B-10,RealImpl,docs/spec/language_spec-part4.md#3-调用效果;docs/spec/language_spec-part4.md#12-required-effect-推断,effect lowering contract: callable adapter and effect ABI routing are implemented,,bucket_rule=effect-callable-adapter; legacy_gap=PIPELINE_GAPS §3.12; legacy_gap=PIPELINE_GAPS §3.1; legacy_gap=PIPELINE_GAPS §3.2; legacy_gap=PIPELINE_GAPS §3.3; legacy_gap=PIPELINE_GAPS §5.1
UMB-0234,crates/scoopc/src/llvm/codegen/effect_lowered/value.rs,1231,effect-typed plain adapter plain return value,EffectLoweredLlvm,terminator,B-10,RealImpl,docs/spec/language_spec-part4.md#3-调用效果;docs/spec/language_spec-part4.md#12-required-effect-推断,effect lowering contract: callable adapter and effect ABI routing are implemented,,bucket_rule=effect-callable-adapter; legacy_gap=PIPELINE_GAPS §3.12; legacy_gap=PIPELINE_GAPS §3.1; legacy_gap=PIPELINE_GAPS §3.2; legacy_gap=PIPELINE_GAPS §3.3; legacy_gap=PIPELINE_GAPS §5.1
UMB-0235,crates/scoopc/src/llvm/codegen/effect_lowered/value.rs,1351,effect-typed closure adapter carrier param,EffectLoweredLlvm,rvalue,B-10,RealImpl,docs/spec/language_spec-part4.md#3-调用效果;docs/spec/language_spec-part4.md#12-required-effect-推断,effect lowering contract: callable adapter and effect ABI routing are implemented,,bucket_rule=effect-callable-adapter; legacy_gap=PIPELINE_GAPS §3.1; legacy_gap=PIPELINE_GAPS §3.2; legacy_gap=PIPELINE_GAPS §3.3; legacy_gap=PIPELINE_GAPS §3.12; legacy_gap=PIPELINE_GAPS §5.1
UMB-0236,crates/scoopc/src/llvm/codegen/effect_lowered/value.rs,1376,effect-typed closure adapter source carrier return,EffectLoweredLlvm,terminator,B-10,RealImpl,docs/spec/language_spec-part4.md#3-调用效果;docs/spec/language_spec-part4.md#12-required-effect-推断,effect lowering contract: callable adapter and effect ABI routing are implemented,,bucket_rule=effect-callable-adapter; legacy_gap=PIPELINE_GAPS §3.1; legacy_gap=PIPELINE_GAPS §3.2; legacy_gap=PIPELINE_GAPS §3.3; legacy_gap=PIPELINE_GAPS §3.12; legacy_gap=PIPELINE_GAPS §5.1
UMB-0237,crates/scoopc/src/llvm/codegen/effect_lowered/value.rs,1413,effect-typed plain adapter args payload,EffectLoweredLlvm,rvalue,B-10,RealImpl,docs/spec/language_spec-part4.md#3-调用效果;docs/spec/language_spec-part4.md#12-required-effect-推断,effect lowering contract: callable adapter and effect ABI routing are implemented,,bucket_rule=effect-callable-adapter; legacy_gap=PIPELINE_GAPS §3.12; legacy_gap=PIPELINE_GAPS §3.1; legacy_gap=PIPELINE_GAPS §3.2; legacy_gap=PIPELINE_GAPS §3.3; legacy_gap=PIPELINE_GAPS §5.1
UMB-0238,crates/scoopc/src/llvm/codegen/effect_lowered/value.rs,1498,pure statement resume call requires boundary lowering,EffectLoweredLlvm,stmt,B-10,RealImpl,docs/spec/language_spec-part4.md#3-调用效果;docs/spec/language_spec-part4.md#12-required-effect-推断,effect lowering contract: callable adapter and effect ABI routing are implemented,,bucket_rule=effect-callable-adapter; legacy_gap=PIPELINE_GAPS §3.1; legacy_gap=PIPELINE_GAPS §3.2; legacy_gap=PIPELINE_GAPS §3.3; legacy_gap=PIPELINE_GAPS §3.12; legacy_gap=PIPELINE_GAPS §5.1
UMB-0240,crates/scoopc/src/llvm/codegen/effect_lowered/value.rs,1579,getPlatform intrinsic arity,EffectLoweredLlvm,intrinsic,B-10,RealImpl,docs/spec/language_spec-part4.md#3-调用效果;docs/spec/language_spec-part4.md#12-required-effect-推断,effect lowering contract: callable adapter and effect ABI routing are implemented,,bucket_rule=effect-callable-adapter; legacy_gap=PIPELINE_GAPS §3.1; legacy_gap=PIPELINE_GAPS §3.2; legacy_gap=PIPELINE_GAPS §3.3; legacy_gap=PIPELINE_GAPS §3.12; legacy_gap=PIPELINE_GAPS §5.1
UMB-0241,crates/scoopc/src/llvm/codegen/effect_lowered/value.rs,1696,pure statement declaration-only direct call,EffectLoweredLlvm,stmt,B-10,RealImpl,docs/spec/language_spec-part4.md#3-调用效果;docs/spec/language_spec-part4.md#12-required-effect-推断,effect lowering contract: callable adapter and effect ABI routing are implemented,,bucket_rule=effect-callable-adapter; legacy_gap=PIPELINE_GAPS §3.1; legacy_gap=PIPELINE_GAPS §3.2; legacy_gap=PIPELINE_GAPS §3.3; legacy_gap=PIPELINE_GAPS §3.12; legacy_gap=PIPELINE_GAPS §5.1
UMB-0242,crates/scoopc/src/llvm/codegen/effect_lowered/value.rs,1720,pure statement effectful direct call requires boundary lowering,EffectLoweredLlvm,stmt,B-10,RealImpl,docs/spec/language_spec-part4.md#3-调用效果;docs/spec/language_spec-part4.md#12-required-effect-推断,effect lowering contract: callable adapter and effect ABI routing are implemented,,bucket_rule=effect-callable-adapter; legacy_gap=PIPELINE_GAPS §3.1; legacy_gap=PIPELINE_GAPS §3.2; legacy_gap=PIPELINE_GAPS §3.3; legacy_gap=PIPELINE_GAPS §3.12; legacy_gap=PIPELINE_GAPS §5.1
UMB-0251,crates/scoopc/src/llvm/codegen/effect_lowered/value.rs,2142,sync intrinsic arg contract,EffectLoweredLlvm,intrinsic,B-10,RealImpl,docs/spec/language_spec-part4.md#3-调用效果;docs/spec/language_spec-part4.md#12-required-effect-推断,effect lowering contract: callable adapter and effect ABI routing are implemented,,bucket_rule=effect-callable-adapter; legacy_gap=PIPELINE_GAPS §3.1; legacy_gap=PIPELINE_GAPS §3.2; legacy_gap=PIPELINE_GAPS §3.3; legacy_gap=PIPELINE_GAPS §3.12; legacy_gap=PIPELINE_GAPS §5.1
UMB-0252,crates/scoopc/src/llvm/codegen/effect_lowered/value.rs,2164,sync intrinsic ref arg,EffectLoweredLlvm,intrinsic,B-10,RealImpl,docs/spec/language_spec-part4.md#3-调用效果;docs/spec/language_spec-part4.md#12-required-effect-推断,effect lowering contract: callable adapter and effect ABI routing are implemented,,bucket_rule=effect-callable-adapter; legacy_gap=PIPELINE_GAPS §3.1; legacy_gap=PIPELINE_GAPS §3.2; legacy_gap=PIPELINE_GAPS §3.3; legacy_gap=PIPELINE_GAPS §3.12; legacy_gap=PIPELINE_GAPS §5.1
UMB-0253,crates/scoopc/src/llvm/codegen/effect_lowered/value.rs,2182,sync intrinsic return value,EffectLoweredLlvm,intrinsic,B-10,RealImpl,docs/spec/language_spec-part4.md#3-调用效果;docs/spec/language_spec-part4.md#12-required-effect-推断,effect lowering contract: callable adapter and effect ABI routing are implemented,,bucket_rule=effect-callable-adapter; legacy_gap=PIPELINE_GAPS §3.1; legacy_gap=PIPELINE_GAPS §3.2; legacy_gap=PIPELINE_GAPS §3.3; legacy_gap=PIPELINE_GAPS §3.12; legacy_gap=PIPELINE_GAPS §5.1
UMB-0254,crates/scoopc/src/llvm/codegen/effect_lowered/value.rs,2187,sync intrinsic return type,EffectLoweredLlvm,intrinsic,B-10,RealImpl,docs/spec/language_spec-part4.md#3-调用效果;docs/spec/language_spec-part4.md#12-required-effect-推断,effect lowering contract: callable adapter and effect ABI routing are implemented,,bucket_rule=effect-callable-adapter; legacy_gap=PIPELINE_GAPS §3.1; legacy_gap=PIPELINE_GAPS §3.2; legacy_gap=PIPELINE_GAPS §3.3; legacy_gap=PIPELINE_GAPS §3.12; legacy_gap=PIPELINE_GAPS §5.1
UMB-0274,crates/scoopc/src/llvm/codegen/effect_lowered/value.rs,2427,toInt arg contract,EffectLoweredLlvm,rvalue,B-10,RealImpl,docs/spec/language_spec-part4.md#3-调用效果;docs/spec/language_spec-part4.md#12-required-effect-推断,effect lowering contract: callable adapter and effect ABI routing are implemented,,bucket_rule=effect-callable-adapter; legacy_gap=PIPELINE_GAPS §3.1; legacy_gap=PIPELINE_GAPS §3.2; legacy_gap=PIPELINE_GAPS §3.3; legacy_gap=PIPELINE_GAPS §3.12; legacy_gap=PIPELINE_GAPS §5.1
UMB-0275,crates/scoopc/src/llvm/codegen/effect_lowered/value.rs,2438,toInt receiver type,EffectLoweredLlvm,type,B-10,RealImpl,docs/spec/language_spec-part4.md#3-调用效果;docs/spec/language_spec-part4.md#12-required-effect-推断,effect lowering contract: callable adapter and effect ABI routing are implemented,,bucket_rule=effect-callable-adapter; legacy_gap=PIPELINE_GAPS §3.1; legacy_gap=PIPELINE_GAPS §3.2; legacy_gap=PIPELINE_GAPS §3.3; legacy_gap=PIPELINE_GAPS §3.12; legacy_gap=PIPELINE_GAPS §5.1
UMB-0276,crates/scoopc/src/llvm/codegen/effect_lowered/value.rs,2466,Float.toInt receiver value,EffectLoweredLlvm,rvalue,B-10,RealImpl,docs/spec/language_spec-part4.md#3-调用效果;docs/spec/language_spec-part4.md#12-required-effect-推断,effect lowering contract: callable adapter and effect ABI routing are implemented,,bucket_rule=effect-callable-adapter; legacy_gap=PIPELINE_GAPS §3.1; legacy_gap=PIPELINE_GAPS §3.2; legacy_gap=PIPELINE_GAPS §3.3; legacy_gap=PIPELINE_GAPS §3.12; legacy_gap=PIPELINE_GAPS §5.1
UMB-0277,crates/scoopc/src/llvm/codegen/effect_lowered/value.rs,2483,Float.toInt return value,EffectLoweredLlvm,terminator,B-10,RealImpl,docs/spec/language_spec-part4.md#3-调用效果;docs/spec/language_spec-part4.md#12-required-effect-推断,effect lowering contract: callable adapter and effect ABI routing are implemented,,bucket_rule=effect-callable-adapter; legacy_gap=PIPELINE_GAPS §3.1; legacy_gap=PIPELINE_GAPS §3.2; legacy_gap=PIPELINE_GAPS §3.3; legacy_gap=PIPELINE_GAPS §3.12; legacy_gap=PIPELINE_GAPS §5.1
UMB-0278,crates/scoopc/src/llvm/codegen/effect_lowered/value.rs,2489,Float.toInt return type,EffectLoweredLlvm,terminator,B-10,RealImpl,docs/spec/language_spec-part4.md#3-调用效果;docs/spec/language_spec-part4.md#12-required-effect-推断,effect lowering contract: callable adapter and effect ABI routing are implemented,,bucket_rule=effect-callable-adapter; legacy_gap=PIPELINE_GAPS §3.1; legacy_gap=PIPELINE_GAPS §3.2; legacy_gap=PIPELINE_GAPS §3.3; legacy_gap=PIPELINE_GAPS §3.12; legacy_gap=PIPELINE_GAPS §5.1
UMB-0279,crates/scoopc/src/llvm/codegen/effect_lowered/value.rs,2505,toInt unsupported receiver type,EffectLoweredLlvm,type,B-10,RealImpl,docs/spec/language_spec-part4.md#3-调用效果;docs/spec/language_spec-part4.md#12-required-effect-推断,effect lowering contract: callable adapter and effect ABI routing are implemented,,bucket_rule=effect-callable-adapter; legacy_gap=PIPELINE_GAPS §3.1; legacy_gap=PIPELINE_GAPS §3.2; legacy_gap=PIPELINE_GAPS §3.3; legacy_gap=PIPELINE_GAPS §3.12; legacy_gap=PIPELINE_GAPS §5.1
UMB-0280,crates/scoopc/src/llvm/codegen/effect_lowered/value.rs,2522,hash arg contract,EffectLoweredLlvm,rvalue,B-10,RealImpl,docs/spec/language_spec-part4.md#3-调用效果;docs/spec/language_spec-part4.md#12-required-effect-推断,effect lowering contract: callable adapter and effect ABI routing are implemented,,bucket_rule=effect-callable-adapter; legacy_gap=PIPELINE_GAPS §3.1; legacy_gap=PIPELINE_GAPS §3.2; legacy_gap=PIPELINE_GAPS §3.3; legacy_gap=PIPELINE_GAPS §3.12; legacy_gap=PIPELINE_GAPS §5.1
UMB-0281,crates/scoopc/src/llvm/codegen/effect_lowered/value.rs,2533,hash receiver type,EffectLoweredLlvm,type,B-10,RealImpl,docs/spec/language_spec-part4.md#3-调用效果;docs/spec/language_spec-part4.md#12-required-effect-推断,effect lowering contract: callable adapter and effect ABI routing are implemented,,bucket_rule=effect-callable-adapter; legacy_gap=PIPELINE_GAPS §3.1; legacy_gap=PIPELINE_GAPS §3.2; legacy_gap=PIPELINE_GAPS §3.3; legacy_gap=PIPELINE_GAPS §3.12; legacy_gap=PIPELINE_GAPS §5.1
UMB-0282,crates/scoopc/src/llvm/codegen/effect_lowered/value.rs,2549,Char.hash receiver value,EffectLoweredLlvm,rvalue,B-10,RealImpl,docs/spec/language_spec-part4.md#3-调用效果;docs/spec/language_spec-part4.md#12-required-effect-推断,effect lowering contract: callable adapter and effect ABI routing are implemented,,bucket_rule=effect-callable-adapter; legacy_gap=PIPELINE_GAPS §3.1; legacy_gap=PIPELINE_GAPS §3.2; legacy_gap=PIPELINE_GAPS §3.3; legacy_gap=PIPELINE_GAPS §3.12; legacy_gap=PIPELINE_GAPS §5.1
UMB-0283,crates/scoopc/src/llvm/codegen/effect_lowered/value.rs,2570,Int.hash receiver value,EffectLoweredLlvm,rvalue,B-10,RealImpl,docs/spec/language_spec-part4.md#3-调用效果;docs/spec/language_spec-part4.md#12-required-effect-推断,effect lowering contract: callable adapter and effect ABI routing are implemented,,bucket_rule=effect-callable-adapter; legacy_gap=PIPELINE_GAPS §3.1; legacy_gap=PIPELINE_GAPS §3.2; legacy_gap=PIPELINE_GAPS §3.3; legacy_gap=PIPELINE_GAPS §3.12; legacy_gap=PIPELINE_GAPS §5.1
UMB-0284,crates/scoopc/src/llvm/codegen/effect_lowered/value.rs,2581,hash unsupported receiver type,EffectLoweredLlvm,type,B-10,RealImpl,docs/spec/language_spec-part4.md#3-调用效果;docs/spec/language_spec-part4.md#12-required-effect-推断,effect lowering contract: callable adapter and effect ABI routing are implemented,,bucket_rule=effect-callable-adapter; legacy_gap=PIPELINE_GAPS §3.1; legacy_gap=PIPELINE_GAPS §3.2; legacy_gap=PIPELINE_GAPS §3.3; legacy_gap=PIPELINE_GAPS §3.12; legacy_gap=PIPELINE_GAPS §5.1
UMB-0285,crates/scoopc/src/llvm/codegen/effect_lowered/value.rs,2595,panic arg contract,EffectLoweredLlvm,rvalue,B-10,RealImpl,docs/spec/language_spec-part4.md#3-调用效果;docs/spec/language_spec-part4.md#12-required-effect-推断,effect lowering contract: callable adapter and effect ABI routing are implemented,,bucket_rule=effect-callable-adapter; legacy_gap=PIPELINE_GAPS §3.1; legacy_gap=PIPELINE_GAPS §3.2; legacy_gap=PIPELINE_GAPS §3.3; legacy_gap=PIPELINE_GAPS §3.12; legacy_gap=PIPELINE_GAPS §5.1
UMB-0286,crates/scoopc/src/llvm/codegen/effect_lowered/value.rs,2609,panic message value,EffectLoweredLlvm,rvalue,B-10,RealImpl,docs/spec/language_spec-part4.md#3-调用效果;docs/spec/language_spec-part4.md#12-required-effect-推断,effect lowering contract: callable adapter and effect ABI routing are implemented,,bucket_rule=effect-callable-adapter; legacy_gap=PIPELINE_GAPS §3.1; legacy_gap=PIPELINE_GAPS §3.2; legacy_gap=PIPELINE_GAPS §3.3; legacy_gap=PIPELINE_GAPS §3.12; legacy_gap=PIPELINE_GAPS §5.1
UMB-0315,crates/scoopc/src/llvm/codegen/effect_lowered/value.rs,3015,task transport operand source type,EffectLoweredLlvm,type,B-13,RealImpl,docs/spec/language_spec-part3.md#12-数组字面量;docs/spec/language_spec-part2.md#5-值类型,transport lowering contract: composite and array metadata are descriptor-backed,,bucket_rule=composite-transport; legacy_gap=PIPELINE_GAPS §4.1; legacy_gap=PIPELINE_GAPS §4.5
UMB-0316,crates/scoopc/src/llvm/codegen/effect_lowered/value.rs,3071,top-level FunPtr effect-typed direct call,EffectLoweredLlvm,rvalue,B-10,RealImpl,docs/spec/language_spec-part4.md#3-调用效果;docs/spec/language_spec-part4.md#12-required-effect-推断,effect lowering contract: callable adapter and effect ABI routing are implemented,,bucket_rule=effect-callable-adapter; legacy_gap=PIPELINE_GAPS §3.1; legacy_gap=PIPELINE_GAPS §3.2; legacy_gap=PIPELINE_GAPS §3.3; legacy_gap=PIPELINE_GAPS §3.12; legacy_gap=PIPELINE_GAPS §5.1
UMB-0317,crates/scoopc/src/llvm/codegen/effect_lowered/value.rs,3081,top-level FunPtr value metadata,EffectLoweredLlvm,rvalue,B-10,RealImpl,docs/spec/language_spec-part4.md#3-调用效果;docs/spec/language_spec-part4.md#12-required-effect-推断,effect lowering contract: callable adapter and effect ABI routing are implemented,,bucket_rule=effect-callable-adapter; legacy_gap=PIPELINE_GAPS §3.1; legacy_gap=PIPELINE_GAPS §3.2; legacy_gap=PIPELINE_GAPS §3.3; legacy_gap=PIPELINE_GAPS §3.12; legacy_gap=PIPELINE_GAPS §5.1
UMB-0318,crates/scoopc/src/llvm/codegen/effect_lowered/value.rs,3089,top-level FunPtr value,EffectLoweredLlvm,rvalue,B-10,RealImpl,docs/spec/language_spec-part4.md#3-调用效果;docs/spec/language_spec-part4.md#12-required-effect-推断,effect lowering contract: callable adapter and effect ABI routing are implemented,,bucket_rule=effect-callable-adapter; legacy_gap=PIPELINE_GAPS §3.1; legacy_gap=PIPELINE_GAPS §3.2; legacy_gap=PIPELINE_GAPS §3.3; legacy_gap=PIPELINE_GAPS §3.12; legacy_gap=PIPELINE_GAPS §5.1
UMB-0319,crates/scoopc/src/llvm/codegen/effect_lowered/value.rs,3107,top-level FunPtr direct call arity,EffectLoweredLlvm,rvalue,B-10,RealImpl,docs/spec/language_spec-part4.md#3-调用效果;docs/spec/language_spec-part4.md#12-required-effect-推断,effect lowering contract: callable adapter and effect ABI routing are implemented,,bucket_rule=effect-callable-adapter; legacy_gap=PIPELINE_GAPS §3.1; legacy_gap=PIPELINE_GAPS §3.2; legacy_gap=PIPELINE_GAPS §3.3; legacy_gap=PIPELINE_GAPS §3.12; legacy_gap=PIPELINE_GAPS §5.1
UMB-0320,crates/scoopc/src/llvm/codegen/effect_lowered/value.rs,3119,top-level FunPtr named arg,EffectLoweredLlvm,rvalue,B-10,RealImpl,docs/spec/language_spec-part4.md#3-调用效果;docs/spec/language_spec-part4.md#12-required-effect-推断,effect lowering contract: callable adapter and effect ABI routing are implemented,,bucket_rule=effect-callable-adapter; legacy_gap=PIPELINE_GAPS §3.1; legacy_gap=PIPELINE_GAPS §3.2; legacy_gap=PIPELINE_GAPS §3.3; legacy_gap=PIPELINE_GAPS §3.12; legacy_gap=PIPELINE_GAPS §5.1
UMB-0321,crates/scoopc/src/llvm/codegen/effect_lowered/value.rs,3129,top-level FunPtr arg mapping,EffectLoweredLlvm,rvalue,B-10,RealImpl,docs/spec/language_spec-part4.md#3-调用效果;docs/spec/language_spec-part4.md#12-required-effect-推断,effect lowering contract: callable adapter and effect ABI routing are implemented,,bucket_rule=effect-callable-adapter; legacy_gap=PIPELINE_GAPS §3.1; legacy_gap=PIPELINE_GAPS §3.2; legacy_gap=PIPELINE_GAPS §3.3; legacy_gap=PIPELINE_GAPS §3.12; legacy_gap=PIPELINE_GAPS §5.1
UMB-0322,crates/scoopc/src/llvm/codegen/effect_lowered/value.rs,3143,top-level FunPtr param type,EffectLoweredLlvm,type,B-10,RealImpl,docs/spec/language_spec-part4.md#3-调用效果;docs/spec/language_spec-part4.md#12-required-effect-推断,effect lowering contract: callable adapter and effect ABI routing are implemented,,bucket_rule=effect-callable-adapter; legacy_gap=PIPELINE_GAPS §3.1; legacy_gap=PIPELINE_GAPS §3.2; legacy_gap=PIPELINE_GAPS §3.3; legacy_gap=PIPELINE_GAPS §3.12; legacy_gap=PIPELINE_GAPS §5.1
UMB-0323,crates/scoopc/src/llvm/codegen/effect_lowered/value.rs,3148,top-level FunPtr missing arg,EffectLoweredLlvm,rvalue,B-10,RealImpl,docs/spec/language_spec-part4.md#3-调用效果;docs/spec/language_spec-part4.md#12-required-effect-推断,effect lowering contract: callable adapter and effect ABI routing are implemented,,bucket_rule=effect-callable-adapter; legacy_gap=PIPELINE_GAPS §3.1; legacy_gap=PIPELINE_GAPS §3.2; legacy_gap=PIPELINE_GAPS §3.3; legacy_gap=PIPELINE_GAPS §3.12; legacy_gap=PIPELINE_GAPS §5.1
UMB-0324,crates/scoopc/src/llvm/codegen/effect_lowered/value.rs,3159,top-level FunPtr arg value,EffectLoweredLlvm,rvalue,B-10,RealImpl,docs/spec/language_spec-part4.md#3-调用效果;docs/spec/language_spec-part4.md#12-required-effect-推断,effect lowering contract: callable adapter and effect ABI routing are implemented,,bucket_rule=effect-callable-adapter; legacy_gap=PIPELINE_GAPS §3.1; legacy_gap=PIPELINE_GAPS §3.2; legacy_gap=PIPELINE_GAPS §3.3; legacy_gap=PIPELINE_GAPS §3.12; legacy_gap=PIPELINE_GAPS §5.1
UMB-0325,crates/scoopc/src/llvm/codegen/effect_lowered/value.rs,3169,top-level FunPtr return type,EffectLoweredLlvm,terminator,B-10,RealImpl,docs/spec/language_spec-part4.md#3-调用效果;docs/spec/language_spec-part4.md#12-required-effect-推断,effect lowering contract: callable adapter and effect ABI routing are implemented,,bucket_rule=effect-callable-adapter; legacy_gap=PIPELINE_GAPS §3.1; legacy_gap=PIPELINE_GAPS §3.2; legacy_gap=PIPELINE_GAPS §3.3; legacy_gap=PIPELINE_GAPS §3.12; legacy_gap=PIPELINE_GAPS §5.1
UMB-0326,crates/scoopc/src/llvm/codegen/effect_lowered/value.rs,3201,top-level FunPtr return value,EffectLoweredLlvm,terminator,B-10,RealImpl,docs/spec/language_spec-part4.md#3-调用效果;docs/spec/language_spec-part4.md#12-required-effect-推断,effect lowering contract: callable adapter and effect ABI routing are implemented,,bucket_rule=effect-callable-adapter; legacy_gap=PIPELINE_GAPS §3.1; legacy_gap=PIPELINE_GAPS §3.2; legacy_gap=PIPELINE_GAPS §3.3; legacy_gap=PIPELINE_GAPS §3.12; legacy_gap=PIPELINE_GAPS §5.1
UMB-0327,crates/scoopc/src/llvm/codegen/effect_lowered/value.rs,3248,top-level function-value effect-typed direct call,EffectLoweredLlvm,rvalue,B-10,RealImpl,docs/spec/language_spec-part4.md#3-调用效果;docs/spec/language_spec-part4.md#12-required-effect-推断,effect lowering contract: callable adapter and effect ABI routing are implemented,,bucket_rule=effect-callable-adapter; legacy_gap=PIPELINE_GAPS §3.1; legacy_gap=PIPELINE_GAPS §3.2; legacy_gap=PIPELINE_GAPS §3.3; legacy_gap=PIPELINE_GAPS §3.12; legacy_gap=PIPELINE_GAPS §5.1
UMB-0328,crates/scoopc/src/llvm/codegen/effect_lowered/value.rs,3258,top-level function-value metadata,EffectLoweredLlvm,rvalue,B-10,RealImpl,docs/spec/language_spec-part4.md#3-调用效果;docs/spec/language_spec-part4.md#12-required-effect-推断,effect lowering contract: callable adapter and effect ABI routing are implemented,,bucket_rule=effect-callable-adapter; legacy_gap=PIPELINE_GAPS §3.1; legacy_gap=PIPELINE_GAPS §3.2; legacy_gap=PIPELINE_GAPS §3.3; legacy_gap=PIPELINE_GAPS §3.12; legacy_gap=PIPELINE_GAPS §5.1
UMB-0329,crates/scoopc/src/llvm/codegen/effect_lowered/value.rs,3267,top-level function-value value,EffectLoweredLlvm,rvalue,B-10,RealImpl,docs/spec/language_spec-part4.md#3-调用效果;docs/spec/language_spec-part4.md#12-required-effect-推断,effect lowering contract: callable adapter and effect ABI routing are implemented,,bucket_rule=effect-callable-adapter; legacy_gap=PIPELINE_GAPS §3.1; legacy_gap=PIPELINE_GAPS §3.2; legacy_gap=PIPELINE_GAPS §3.3; legacy_gap=PIPELINE_GAPS §3.12; legacy_gap=PIPELINE_GAPS §5.1
UMB-0330,crates/scoopc/src/llvm/codegen/effect_lowered/value.rs,3313,DYNAMIC:kind,EffectLoweredLlvm,rvalue,B-10,RealImpl,docs/spec/language_spec-part4.md#3-调用效果;docs/spec/language_spec-part4.md#12-required-effect-推断,effect lowering contract: callable adapter and effect ABI routing are implemented,,bucket_rule=effect-callable-adapter; kind_field=dynamic-expression; legacy_gap=PIPELINE_GAPS §3.1; legacy_gap=PIPELINE_GAPS §3.2; legacy_gap=PIPELINE_GAPS §3.3; legacy_gap=PIPELINE_GAPS §3.12; legacy_gap=PIPELINE_GAPS §5.1
UMB-0331,crates/scoopc/src/llvm/codegen/effect_lowered/value.rs,3328,core byteLength arg contract,EffectLoweredLlvm,rvalue,B-10,RealImpl,docs/spec/language_spec-part4.md#3-调用效果;docs/spec/language_spec-part4.md#12-required-effect-推断,effect lowering contract: callable adapter and effect ABI routing are implemented,,bucket_rule=effect-callable-adapter; legacy_gap=PIPELINE_GAPS §3.1; legacy_gap=PIPELINE_GAPS §3.2; legacy_gap=PIPELINE_GAPS §3.3; legacy_gap=PIPELINE_GAPS §3.12; legacy_gap=PIPELINE_GAPS §5.1
UMB-0332,crates/scoopc/src/llvm/codegen/effect_lowered/value.rs,3354,core byteLength load type,EffectLoweredLlvm,type,B-10,RealImpl,docs/spec/language_spec-part4.md#3-调用效果;docs/spec/language_spec-part4.md#12-required-effect-推断,effect lowering contract: callable adapter and effect ABI routing are implemented,,bucket_rule=effect-callable-adapter; legacy_gap=PIPELINE_GAPS §3.1; legacy_gap=PIPELINE_GAPS §3.2; legacy_gap=PIPELINE_GAPS §3.3; legacy_gap=PIPELINE_GAPS §3.12; legacy_gap=PIPELINE_GAPS §5.1
UMB-0333,crates/scoopc/src/llvm/codegen/effect_lowered/value.rs,3376,core getByte arg contract,EffectLoweredLlvm,rvalue,B-10,RealImpl,docs/spec/language_spec-part4.md#3-调用效果;docs/spec/language_spec-part4.md#12-required-effect-推断,effect lowering contract: callable adapter and effect ABI routing are implemented,,bucket_rule=effect-callable-adapter; legacy_gap=PIPELINE_GAPS §3.1; legacy_gap=PIPELINE_GAPS §3.2; legacy_gap=PIPELINE_GAPS §3.3; legacy_gap=PIPELINE_GAPS §3.12; legacy_gap=PIPELINE_GAPS §5.1
UMB-0334,crates/scoopc/src/llvm/codegen/effect_lowered/value.rs,3400,core getByte index value,EffectLoweredLlvm,rvalue,B-10,RealImpl,docs/spec/language_spec-part4.md#3-调用效果;docs/spec/language_spec-part4.md#12-required-effect-推断,effect lowering contract: callable adapter and effect ABI routing are implemented,,bucket_rule=effect-callable-adapter; legacy_gap=PIPELINE_GAPS §3.1; legacy_gap=PIPELINE_GAPS §3.2; legacy_gap=PIPELINE_GAPS §3.3; legacy_gap=PIPELINE_GAPS §3.12; legacy_gap=PIPELINE_GAPS §5.1
UMB-0335,crates/scoopc/src/llvm/codegen/effect_lowered/value.rs,3530,Float extension intrinsic arity,EffectLoweredLlvm,intrinsic,B-10,RealImpl,docs/spec/language_spec-part4.md#3-调用效果;docs/spec/language_spec-part4.md#12-required-effect-推断,effect lowering contract: callable adapter and effect ABI routing are implemented,,bucket_rule=effect-callable-adapter; legacy_gap=PIPELINE_GAPS §3.1; legacy_gap=PIPELINE_GAPS §3.2; legacy_gap=PIPELINE_GAPS §3.3; legacy_gap=PIPELINE_GAPS §3.12; legacy_gap=PIPELINE_GAPS §5.1
UMB-0336,crates/scoopc/src/llvm/codegen/effect_lowered/value.rs,3536,Float extension intrinsic named arg,EffectLoweredLlvm,intrinsic,B-10,RealImpl,docs/spec/language_spec-part4.md#3-调用效果;docs/spec/language_spec-part4.md#12-required-effect-推断,effect lowering contract: callable adapter and effect ABI routing are implemented,,bucket_rule=effect-callable-adapter; legacy_gap=PIPELINE_GAPS §3.1; legacy_gap=PIPELINE_GAPS §3.2; legacy_gap=PIPELINE_GAPS §3.3; legacy_gap=PIPELINE_GAPS §3.12; legacy_gap=PIPELINE_GAPS §5.1
UMB-0337,crates/scoopc/src/llvm/codegen/effect_lowered/value.rs,3544,Float extension intrinsic arg type,EffectLoweredLlvm,intrinsic,B-10,RealImpl,docs/spec/language_spec-part4.md#3-调用效果;docs/spec/language_spec-part4.md#12-required-effect-推断,effect lowering contract: callable adapter and effect ABI routing are implemented,,bucket_rule=effect-callable-adapter; legacy_gap=PIPELINE_GAPS §3.1; legacy_gap=PIPELINE_GAPS §3.2; legacy_gap=PIPELINE_GAPS §3.3; legacy_gap=PIPELINE_GAPS §3.12; legacy_gap=PIPELINE_GAPS §5.1
UMB-0338,crates/scoopc/src/llvm/codegen/effect_lowered/value.rs,3583,internal print string arg contract,EffectLoweredLlvm,rvalue,B-10,RealImpl,docs/spec/language_spec-part4.md#3-调用效果;docs/spec/language_spec-part4.md#12-required-effect-推断,effect lowering contract: callable adapter and effect ABI routing are implemented,,bucket_rule=effect-callable-adapter; legacy_gap=PIPELINE_GAPS §3.1; legacy_gap=PIPELINE_GAPS §3.2; legacy_gap=PIPELINE_GAPS §3.3; legacy_gap=PIPELINE_GAPS §3.12; legacy_gap=PIPELINE_GAPS §5.1
UMB-0339,crates/scoopc/src/llvm/codegen/effect_lowered/value.rs,3597,internal print string arg value,EffectLoweredLlvm,rvalue,B-10,RealImpl,docs/spec/language_spec-part4.md#3-调用效果;docs/spec/language_spec-part4.md#12-required-effect-推断,effect lowering contract: callable adapter and effect ABI routing are implemented,,bucket_rule=effect-callable-adapter; legacy_gap=PIPELINE_GAPS §3.1; legacy_gap=PIPELINE_GAPS §3.2; legacy_gap=PIPELINE_GAPS §3.3; legacy_gap=PIPELINE_GAPS §3.12; legacy_gap=PIPELINE_GAPS §5.1
UMB-0354,crates/scoopc/src/llvm/codegen/effect_lowered/value.rs,3818,stackmap statepoint smoke arity mismatch,EffectLoweredLlvm,rvalue,B-30,InternalBugSentinel,docs/spec/language_spec-part6.md#6-uintptr-与指针整数转换;docs/spec/language_spec-part6.md#7-function-pointer,"unsafe/intrinsic gate: named, FunPtr, and pointer conversion calls are valid",,bucket_rule=named-unsafe-funptr
UMB-0355,crates/scoopc/src/llvm/codegen/effect_lowered/value.rs,3828,stackmap statepoint smoke caller function,EffectLoweredLlvm,rvalue,B-30,InternalBugSentinel,docs/spec/language_spec-part6.md#6-uintptr-与指针整数转换;docs/spec/language_spec-part6.md#7-function-pointer,"unsafe/intrinsic gate: named, FunPtr, and pointer conversion calls are valid",,bucket_rule=named-unsafe-funptr
UMB-0356,crates/scoopc/src/llvm/codegen/effect_lowered/value.rs,3842,stackmap statepoint smoke return value,EffectLoweredLlvm,terminator,B-30,InternalBugSentinel,docs/spec/language_spec-part6.md#6-uintptr-与指针整数转换;docs/spec/language_spec-part6.md#7-function-pointer,"unsafe/intrinsic gate: named, FunPtr, and pointer conversion calls are valid",,bucket_rule=named-unsafe-funptr
UMB-0357,crates/scoopc/src/llvm/codegen/effect_lowered/value.rs,3848,stackmap statepoint smoke return type,EffectLoweredLlvm,terminator,B-30,InternalBugSentinel,docs/spec/language_spec-part6.md#6-uintptr-与指针整数转换;docs/spec/language_spec-part6.md#7-function-pointer,"unsafe/intrinsic gate: named, FunPtr, and pointer conversion calls are valid",,bucket_rule=named-unsafe-funptr
UMB-0358,crates/scoopc/src/llvm/codegen/effect_lowered/value.rs,3890,named call arg,EffectLoweredLlvm,rvalue,B-10,RealImpl,docs/spec/language_spec-part4.md#3-调用效果;docs/spec/language_spec-part4.md#12-required-effect-推断,effect lowering contract: callable adapter and effect ABI routing are implemented,,bucket_rule=effect-callable-adapter; legacy_gap=PIPELINE_GAPS §3.1; legacy_gap=PIPELINE_GAPS §3.2; legacy_gap=PIPELINE_GAPS §3.3; legacy_gap=PIPELINE_GAPS §3.12; legacy_gap=PIPELINE_GAPS §5.1
UMB-0359,crates/scoopc/src/llvm/codegen/effect_lowered/value.rs,3913,scalar call arg type,EffectLoweredLlvm,type,B-10,RealImpl,docs/spec/language_spec-part4.md#3-调用效果;docs/spec/language_spec-part4.md#12-required-effect-推断,effect lowering contract: callable adapter and effect ABI routing are implemented,,bucket_rule=effect-callable-adapter; legacy_gap=PIPELINE_GAPS §3.1; legacy_gap=PIPELINE_GAPS §3.2; legacy_gap=PIPELINE_GAPS §3.3; legacy_gap=PIPELINE_GAPS §3.12; legacy_gap=PIPELINE_GAPS §5.1
UMB-0360,crates/scoopc/src/llvm/codegen/effect_lowered/value.rs,3925,scalar call arg value,EffectLoweredLlvm,rvalue,B-10,RealImpl,docs/spec/language_spec-part4.md#3-调用效果;docs/spec/language_spec-part4.md#12-required-effect-推断,effect lowering contract: callable adapter and effect ABI routing are implemented,,bucket_rule=effect-callable-adapter; legacy_gap=PIPELINE_GAPS §3.1; legacy_gap=PIPELINE_GAPS §3.2; legacy_gap=PIPELINE_GAPS §3.3; legacy_gap=PIPELINE_GAPS §3.12; legacy_gap=PIPELINE_GAPS §5.1
UMB-0361,crates/scoopc/src/llvm/codegen/effect_lowered/value.rs,3962,tuple call arg type,EffectLoweredLlvm,type,B-10,RealImpl,docs/spec/language_spec-part4.md#3-调用效果;docs/spec/language_spec-part4.md#12-required-effect-推断,effect lowering contract: callable adapter and effect ABI routing are implemented,,bucket_rule=effect-callable-adapter; legacy_gap=PIPELINE_GAPS §3.1; legacy_gap=PIPELINE_GAPS §3.2; legacy_gap=PIPELINE_GAPS §3.3; legacy_gap=PIPELINE_GAPS §3.12; legacy_gap=PIPELINE_GAPS §5.1
UMB-0362,crates/scoopc/src/llvm/codegen/effect_lowered/value.rs,3973,tuple call arg value,EffectLoweredLlvm,rvalue,B-10,RealImpl,docs/spec/language_spec-part4.md#3-调用效果;docs/spec/language_spec-part4.md#12-required-effect-推断,effect lowering contract: callable adapter and effect ABI routing are implemented,,bucket_rule=effect-callable-adapter; legacy_gap=PIPELINE_GAPS §3.1; legacy_gap=PIPELINE_GAPS §3.2; legacy_gap=PIPELINE_GAPS §3.3; legacy_gap=PIPELINE_GAPS §3.12; legacy_gap=PIPELINE_GAPS §5.1
UMB-0363,crates/scoopc/src/llvm/codegen/effect_lowered/value.rs,4092,operand source type,EffectLoweredLlvm,type,B-10,RealImpl,docs/spec/language_spec-part4.md#3-调用效果;docs/spec/language_spec-part4.md#12-required-effect-推断,effect lowering contract: callable adapter and effect ABI routing are implemented,,bucket_rule=effect-callable-adapter; legacy_gap=PIPELINE_GAPS §3.1; legacy_gap=PIPELINE_GAPS §3.2; legacy_gap=PIPELINE_GAPS §3.3; legacy_gap=PIPELINE_GAPS §3.12; legacy_gap=PIPELINE_GAPS §5.1
UMB-0364,crates/scoopc/src/llvm/codegen/effect_outcome.rs,324,task transport tuple value,Helper,rvalue,B-13,RealImpl,docs/spec/language_spec-part3.md#12-数组字面量;docs/spec/language_spec-part2.md#5-值类型,transport lowering contract: composite and array metadata are descriptor-backed,,bucket_rule=composite-transport; legacy_gap=PIPELINE_GAPS §4.1; legacy_gap=PIPELINE_GAPS §4.5
UMB-0365,crates/scoopc/src/llvm/codegen/effect_outcome.rs,330,task transport tuple type,Helper,type,B-13,RealImpl,docs/spec/language_spec-part3.md#12-数组字面量;docs/spec/language_spec-part2.md#5-值类型,transport lowering contract: composite and array metadata are descriptor-backed,,bucket_rule=composite-transport; legacy_gap=PIPELINE_GAPS §4.1; legacy_gap=PIPELINE_GAPS §4.5
UMB-0366,crates/scoopc/src/llvm/codegen/effect_outcome.rs,336,task transport tuple raw value,Helper,rvalue,B-13,RealImpl,docs/spec/language_spec-part3.md#12-数组字面量;docs/spec/language_spec-part2.md#5-值类型,transport lowering contract: composite and array metadata are descriptor-backed,,bucket_rule=composite-transport; legacy_gap=PIPELINE_GAPS §4.1; legacy_gap=PIPELINE_GAPS §4.5
UMB-0372,crates/scoopc/src/llvm/codegen/effect_outcome.rs,419,coerce composite value to u64 word,Helper,rvalue,B-13,RealImpl,docs/spec/language_spec-part3.md#12-数组字面量;docs/spec/language_spec-part2.md#5-值类型,transport lowering contract: composite and array metadata are descriptor-backed,,bucket_rule=composite-transport; legacy_gap=PIPELINE_GAPS §4.1; legacy_gap=PIPELINE_GAPS §4.5
UMB-0374,crates/scoopc/src/llvm/codegen/effect_outcome.rs,450,effect transport ref value,Helper,rvalue,B-13,RealImpl,docs/spec/language_spec-part3.md#12-数组字面量;docs/spec/language_spec-part2.md#5-值类型,transport lowering contract: composite and array metadata are descriptor-backed,,bucket_rule=composite-transport; legacy_gap=PIPELINE_GAPS §4.1; legacy_gap=PIPELINE_GAPS §4.5
UMB-0375,crates/scoopc/src/llvm/codegen/effect_outcome.rs,461,effect transport string value,Helper,rvalue,B-13,RealImpl,docs/spec/language_spec-part3.md#12-数组字面量;docs/spec/language_spec-part2.md#5-值类型,transport lowering contract: composite and array metadata are descriptor-backed,,bucket_rule=composite-transport; legacy_gap=PIPELINE_GAPS §4.1; legacy_gap=PIPELINE_GAPS §4.5
UMB-0376,crates/scoopc/src/llvm/codegen/effect_outcome.rs,474,effect transport composite source type,Helper,type,B-13,RealImpl,docs/spec/language_spec-part3.md#12-数组字面量;docs/spec/language_spec-part2.md#5-值类型,transport lowering contract: composite and array metadata are descriptor-backed,,bucket_rule=composite-transport; legacy_gap=PIPELINE_GAPS §4.1; legacy_gap=PIPELINE_GAPS §4.5
UMB-0379,crates/scoopc/src/llvm/codegen/effect_outcome.rs,595,task transport tuple first raw value,Helper,rvalue,B-13,RealImpl,docs/spec/language_spec-part3.md#12-数组字面量;docs/spec/language_spec-part2.md#5-值类型,transport lowering contract: composite and array metadata are descriptor-backed,,bucket_rule=composite-transport; legacy_gap=PIPELINE_GAPS §4.1; legacy_gap=PIPELINE_GAPS §4.5
UMB-0380,crates/scoopc/src/llvm/codegen/effect_outcome.rs,599,task transport tuple second raw value,Helper,rvalue,B-13,RealImpl,docs/spec/language_spec-part3.md#12-数组字面量;docs/spec/language_spec-part2.md#5-值类型,transport lowering contract: composite and array metadata are descriptor-backed,,bucket_rule=composite-transport; legacy_gap=PIPELINE_GAPS §4.1; legacy_gap=PIPELINE_GAPS §4.5
UMB-0381,crates/scoopc/src/llvm/codegen/effect_outcome.rs,621,decode effect transport composite source type,Helper,type,B-13,RealImpl,docs/spec/language_spec-part3.md#12-数组字面量;docs/spec/language_spec-part2.md#5-值类型,transport lowering contract: composite and array metadata are descriptor-backed,,bucket_rule=composite-transport; legacy_gap=PIPELINE_GAPS §4.1; legacy_gap=PIPELINE_GAPS §4.5
UMB-0419,crates/scoopc/src/llvm/codegen/expr.rs,305,HIR perform payload tuple contract,RawMirLlvm,rvalue,B-10,RealImpl,docs/spec/language_spec-part4.md#3-调用效果;docs/spec/language_spec-part4.md#12-required-effect-推断,effect lowering contract: callable adapter and effect ABI routing are implemented,,bucket_rule=effect-callable-adapter; legacy_gap=PIPELINE_GAPS §3.1; legacy_gap=PIPELINE_GAPS §3.2; legacy_gap=PIPELINE_GAPS §3.3; legacy_gap=PIPELINE_GAPS §3.12; legacy_gap=PIPELINE_GAPS §5.1
UMB-0420,crates/scoopc/src/llvm/codegen/expr.rs,331,perform payload tuple type,RawMirLlvm,type,B-10,RealImpl,docs/spec/language_spec-part4.md#3-调用效果;docs/spec/language_spec-part4.md#12-required-effect-推断,effect lowering contract: callable adapter and effect ABI routing are implemented,,bucket_rule=effect-callable-adapter; legacy_gap=PIPELINE_GAPS §3.1; legacy_gap=PIPELINE_GAPS §3.2; legacy_gap=PIPELINE_GAPS §3.3; legacy_gap=PIPELINE_GAPS §3.12; legacy_gap=PIPELINE_GAPS §5.1
UMB-0421,crates/scoopc/src/llvm/codegen/expr.rs,344,perform payload tuple value,RawMirLlvm,rvalue,B-10,RealImpl,docs/spec/language_spec-part4.md#3-调用效果;docs/spec/language_spec-part4.md#12-required-effect-推断,effect lowering contract: callable adapter and effect ABI routing are implemented,,bucket_rule=effect-callable-adapter; legacy_gap=PIPELINE_GAPS §3.1; legacy_gap=PIPELINE_GAPS §3.2; legacy_gap=PIPELINE_GAPS §3.3; legacy_gap=PIPELINE_GAPS §3.12; legacy_gap=PIPELINE_GAPS §5.1
UMB-0422,crates/scoopc/src/llvm/codegen/gc.rs,46,stackmap statepoint smoke arity mismatch,Helper,rvalue,B-30,InternalBugSentinel,docs/spec/language_spec-part6.md#6-uintptr-与指针整数转换;docs/spec/language_spec-part6.md#7-function-pointer,"unsafe/intrinsic gate: named, FunPtr, and pointer conversion calls are valid",,bucket_rule=named-unsafe-funptr
UMB-0423,crates/scoopc/src/llvm/codegen/gc.rs,62,stackmap statepoint smoke caller function,Helper,rvalue,B-30,InternalBugSentinel,docs/spec/language_spec-part6.md#6-uintptr-与指针整数转换;docs/spec/language_spec-part6.md#7-function-pointer,"unsafe/intrinsic gate: named, FunPtr, and pointer conversion calls are valid",,bucket_rule=named-unsafe-funptr
UMB-0424,crates/scoopc/src/llvm/codegen/gc.rs,80,stackmap statepoint smoke return value,Helper,terminator,B-30,InternalBugSentinel,docs/spec/language_spec-part6.md#6-uintptr-与指针整数转换;docs/spec/language_spec-part6.md#7-function-pointer,"unsafe/intrinsic gate: named, FunPtr, and pointer conversion calls are valid",,bucket_rule=named-unsafe-funptr
UMB-0425,crates/scoopc/src/llvm/codegen/gc.rs,85,stackmap statepoint smoke return type,Helper,terminator,B-30,InternalBugSentinel,docs/spec/language_spec-part6.md#6-uintptr-与指针整数转换;docs/spec/language_spec-part6.md#7-function-pointer,"unsafe/intrinsic gate: named, FunPtr, and pointer conversion calls are valid",,bucket_rule=named-unsafe-funptr
UMB-0553,crates/scoopc/src/llvm/codegen/intrinsics/builtin.rs,159,toInt ext arity,Helper,intrinsic,B-30,InternalBugSentinel,docs/spec/language_spec-part6.md#6-uintptr-与指针整数转换;docs/spec/language_spec-part6.md#7-function-pointer,"unsafe/intrinsic gate: named, FunPtr, and pointer conversion calls are valid",,bucket_rule=named-unsafe-funptr
UMB-0554,crates/scoopc/src/llvm/codegen/intrinsics/builtin.rs,166,toInt ext named arg,Helper,intrinsic,B-30,InternalBugSentinel,docs/spec/language_spec-part6.md#6-uintptr-与指针整数转换;docs/spec/language_spec-part6.md#7-function-pointer,"unsafe/intrinsic gate: named, FunPtr, and pointer conversion calls are valid",,bucket_rule=named-unsafe-funptr
UMB-0555,crates/scoopc/src/llvm/codegen/intrinsics/builtin.rs,179,toInt ext unsupported CgTy,Helper,intrinsic,B-30,InternalBugSentinel,docs/spec/language_spec-part6.md#6-uintptr-与指针整数转换;docs/spec/language_spec-part6.md#7-function-pointer,"unsafe/intrinsic gate: named, FunPtr, and pointer conversion calls are valid",,bucket_rule=named-unsafe-funptr
UMB-0556,crates/scoopc/src/llvm/codegen/intrinsics/builtin.rs,197,hash ext arity,Helper,intrinsic,B-30,InternalBugSentinel,docs/spec/language_spec-part6.md#6-uintptr-与指针整数转换;docs/spec/language_spec-part6.md#7-function-pointer,"unsafe/intrinsic gate: named, FunPtr, and pointer conversion calls are valid",,bucket_rule=named-unsafe-funptr
UMB-0557,crates/scoopc/src/llvm/codegen/intrinsics/builtin.rs,204,hash ext named arg,Helper,intrinsic,B-30,InternalBugSentinel,docs/spec/language_spec-part6.md#6-uintptr-与指针整数转换;docs/spec/language_spec-part6.md#7-function-pointer,"unsafe/intrinsic gate: named, FunPtr, and pointer conversion calls are valid",,bucket_rule=named-unsafe-funptr
UMB-0558,crates/scoopc/src/llvm/codegen/intrinsics/builtin.rs,218,hash ext unsupported CgTy,Helper,intrinsic,B-30,InternalBugSentinel,docs/spec/language_spec-part6.md#6-uintptr-与指针整数转换;docs/spec/language_spec-part6.md#7-function-pointer,"unsafe/intrinsic gate: named, FunPtr, and pointer conversion calls are valid",,bucket_rule=named-unsafe-funptr
UMB-0559,crates/scoopc/src/llvm/codegen/intrinsics/builtin.rs,232,abs ext arity,Helper,intrinsic,B-30,InternalBugSentinel,docs/spec/language_spec-part6.md#6-uintptr-与指针整数转换;docs/spec/language_spec-part6.md#7-function-pointer,"unsafe/intrinsic gate: named, FunPtr, and pointer conversion calls are valid",,bucket_rule=named-unsafe-funptr
UMB-0560,crates/scoopc/src/llvm/codegen/intrinsics/builtin.rs,239,abs ext named arg,Helper,intrinsic,B-30,InternalBugSentinel,docs/spec/language_spec-part6.md#6-uintptr-与指针整数转换;docs/spec/language_spec-part6.md#7-function-pointer,"unsafe/intrinsic gate: named, FunPtr, and pointer conversion calls are valid",,bucket_rule=named-unsafe-funptr
UMB-0561,crates/scoopc/src/llvm/codegen/intrinsics/builtin.rs,248,abs ext unsupported CgTy,Helper,intrinsic,B-30,InternalBugSentinel,docs/spec/language_spec-part6.md#6-uintptr-与指针整数转换;docs/spec/language_spec-part6.md#7-function-pointer,"unsafe/intrinsic gate: named, FunPtr, and pointer conversion calls are valid",,bucket_rule=named-unsafe-funptr
UMB-0562,crates/scoopc/src/llvm/codegen/intrinsics/builtin.rs,262,isNaN ext arity,Helper,intrinsic,B-30,InternalBugSentinel,docs/spec/language_spec-part6.md#6-uintptr-与指针整数转换;docs/spec/language_spec-part6.md#7-function-pointer,"unsafe/intrinsic gate: named, FunPtr, and pointer conversion calls are valid",,bucket_rule=named-unsafe-funptr
UMB-0563,crates/scoopc/src/llvm/codegen/intrinsics/builtin.rs,269,isNaN ext named arg,Helper,intrinsic,B-30,InternalBugSentinel,docs/spec/language_spec-part6.md#6-uintptr-与指针整数转换;docs/spec/language_spec-part6.md#7-function-pointer,"unsafe/intrinsic gate: named, FunPtr, and pointer conversion calls are valid",,bucket_rule=named-unsafe-funptr
UMB-0564,crates/scoopc/src/llvm/codegen/intrinsics/builtin.rs,278,isNaN ext unsupported CgTy,Helper,intrinsic,B-30,InternalBugSentinel,docs/spec/language_spec-part6.md#6-uintptr-与指针整数转换;docs/spec/language_spec-part6.md#7-function-pointer,"unsafe/intrinsic gate: named, FunPtr, and pointer conversion calls are valid",,bucket_rule=named-unsafe-funptr
UMB-0565,crates/scoopc/src/llvm/codegen/intrinsics/builtin.rs,292,isInfinite ext arity,Helper,intrinsic,B-30,InternalBugSentinel,docs/spec/language_spec-part6.md#6-uintptr-与指针整数转换;docs/spec/language_spec-part6.md#7-function-pointer,"unsafe/intrinsic gate: named, FunPtr, and pointer conversion calls are valid",,bucket_rule=named-unsafe-funptr
UMB-0566,crates/scoopc/src/llvm/codegen/intrinsics/builtin.rs,299,isInfinite ext named arg,Helper,intrinsic,B-30,InternalBugSentinel,docs/spec/language_spec-part6.md#6-uintptr-与指针整数转换;docs/spec/language_spec-part6.md#7-function-pointer,"unsafe/intrinsic gate: named, FunPtr, and pointer conversion calls are valid",,bucket_rule=named-unsafe-funptr
UMB-0567,crates/scoopc/src/llvm/codegen/intrinsics/builtin.rs,308,isInfinite ext unsupported CgTy,Helper,intrinsic,B-30,InternalBugSentinel,docs/spec/language_spec-part6.md#6-uintptr-与指针整数转换;docs/spec/language_spec-part6.md#7-function-pointer,"unsafe/intrinsic gate: named, FunPtr, and pointer conversion calls are valid",,bucket_rule=named-unsafe-funptr
UMB-0568,crates/scoopc/src/llvm/codegen/intrinsics/builtin.rs,323,sizeOf() arity mismatch,Helper,intrinsic,B-24,RealImpl,docs/spec/language_spec-part5.md#6-静态反射-intrinsic;docs/spec/language_spec-part5.md#1-编译期执行总览,comptime/reflection contract: static metadata intrinsics have supported lowering,,bucket_rule=reflection-comptime
UMB-0569,crates/scoopc/src/llvm/codegen/intrinsics/builtin.rs,331,sizeOf() arg type,Helper,intrinsic,B-24,RealImpl,docs/spec/language_spec-part5.md#6-静态反射-intrinsic;docs/spec/language_spec-part5.md#1-编译期执行总览,comptime/reflection contract: static metadata intrinsics have supported lowering,,bucket_rule=reflection-comptime
UMB-0570,crates/scoopc/src/llvm/codegen/intrinsics/builtin.rs,353,alignOf() arg type,Helper,intrinsic,B-30,InternalBugSentinel,docs/spec/language_spec-part6.md#6-uintptr-与指针整数转换;docs/spec/language_spec-part6.md#7-function-pointer,"unsafe/intrinsic gate: named, FunPtr, and pointer conversion calls are valid",,bucket_rule=named-unsafe-funptr
UMB-0571,crates/scoopc/src/llvm/codegen/intrinsics/builtin.rs,426,reflection intrinsic call binding,Helper,intrinsic,B-24,RealImpl,docs/spec/language_spec-part5.md#6-静态反射-intrinsic;docs/spec/language_spec-part5.md#1-编译期执行总览,comptime/reflection contract: static metadata intrinsics have supported lowering,,bucket_rule=reflection-comptime
UMB-0572,crates/scoopc/src/llvm/codegen/intrinsics/builtin.rs,435,DYNAMIC:name,Helper,intrinsic,B-30,InternalBugSentinel,docs/spec/language_spec-part6.md#6-uintptr-与指针整数转换;docs/spec/language_spec-part6.md#7-function-pointer,"unsafe/intrinsic gate: named, FunPtr, and pointer conversion calls are valid",,bucket_rule=named-unsafe-funptr; kind_field=dynamic-expression
UMB-0573,crates/scoopc/src/llvm/codegen/intrinsics/builtin.rs,497,String method receiver value,Helper,intrinsic,B-30,InternalBugSentinel,docs/spec/language_spec-part6.md#6-uintptr-与指针整数转换;docs/spec/language_spec-part6.md#7-function-pointer,"unsafe/intrinsic gate: named, FunPtr, and pointer conversion calls are valid",,bucket_rule=named-unsafe-funptr
UMB-0574,crates/scoopc/src/llvm/codegen/intrinsics/builtin.rs,503,String method receiver type,Helper,intrinsic,B-30,InternalBugSentinel,docs/spec/language_spec-part6.md#6-uintptr-与指针整数转换;docs/spec/language_spec-part6.md#7-function-pointer,"unsafe/intrinsic gate: named, FunPtr, and pointer conversion calls are valid",,bucket_rule=named-unsafe-funptr
UMB-0581,crates/scoopc/src/llvm/codegen/intrinsics/builtin.rs,698,unknown String method,Helper,intrinsic,B-30,InternalBugSentinel,docs/spec/language_spec-part6.md#6-uintptr-与指针整数转换;docs/spec/language_spec-part6.md#7-function-pointer,"unsafe/intrinsic gate: named, FunPtr, and pointer conversion calls are valid",,bucket_rule=named-unsafe-funptr
UMB-0582,crates/scoopc/src/llvm/codegen/intrinsics/builtin.rs,717,String method receiver reload value,Helper,intrinsic,B-30,InternalBugSentinel,docs/spec/language_spec-part6.md#6-uintptr-与指针整数转换;docs/spec/language_spec-part6.md#7-function-pointer,"unsafe/intrinsic gate: named, FunPtr, and pointer conversion calls are valid",,bucket_rule=named-unsafe-funptr
UMB-0583,crates/scoopc/src/llvm/codegen/intrinsics/builtin.rs,723,String method receiver reload type,Helper,intrinsic,B-30,InternalBugSentinel,docs/spec/language_spec-part6.md#6-uintptr-与指针整数转换;docs/spec/language_spec-part6.md#7-function-pointer,"unsafe/intrinsic gate: named, FunPtr, and pointer conversion calls are valid",,bucket_rule=named-unsafe-funptr
UMB-0588,crates/scoopc/src/llvm/codegen/intrinsics/builtin.rs,854,DYNAMIC:kind,Helper,intrinsic,B-30,InternalBugSentinel,docs/spec/language_spec-part6.md#6-uintptr-与指针整数转换;docs/spec/language_spec-part6.md#7-function-pointer,"unsafe/intrinsic gate: named, FunPtr, and pointer conversion calls are valid",,bucket_rule=named-unsafe-funptr; kind_field=dynamic-expression
UMB-0589,crates/scoopc/src/llvm/codegen/intrinsics/builtin.rs,860,DYNAMIC:kind,Helper,intrinsic,B-30,InternalBugSentinel,docs/spec/language_spec-part6.md#6-uintptr-与指针整数转换;docs/spec/language_spec-part6.md#7-function-pointer,"unsafe/intrinsic gate: named, FunPtr, and pointer conversion calls are valid",,bucket_rule=named-unsafe-funptr; kind_field=dynamic-expression
UMB-0590,crates/scoopc/src/llvm/codegen/intrinsics/builtin.rs,866,DYNAMIC:kind,Helper,intrinsic,B-30,InternalBugSentinel,docs/spec/language_spec-part6.md#6-uintptr-与指针整数转换;docs/spec/language_spec-part6.md#7-function-pointer,"unsafe/intrinsic gate: named, FunPtr, and pointer conversion calls are valid",,bucket_rule=named-unsafe-funptr; kind_field=dynamic-expression
UMB-0593,crates/scoopc/src/llvm/codegen/intrinsics/builtin.rs,934,Float64.hash bits type,Helper,intrinsic,B-30,InternalBugSentinel,docs/spec/language_spec-part6.md#6-uintptr-与指针整数转换;docs/spec/language_spec-part6.md#7-function-pointer,"unsafe/intrinsic gate: named, FunPtr, and pointer conversion calls are valid",,bucket_rule=named-unsafe-funptr
UMB-0594,crates/scoopc/src/llvm/codegen/intrinsics/builtin.rs,948,Float32.hash bits type,Helper,intrinsic,B-30,InternalBugSentinel,docs/spec/language_spec-part6.md#6-uintptr-与指针整数转换;docs/spec/language_spec-part6.md#7-function-pointer,"unsafe/intrinsic gate: named, FunPtr, and pointer conversion calls are valid",,bucket_rule=named-unsafe-funptr
UMB-0595,crates/scoopc/src/llvm/codegen/intrinsics/builtin.rs,976,Float64.abs bits type,Helper,intrinsic,B-30,InternalBugSentinel,docs/spec/language_spec-part6.md#6-uintptr-与指针整数转换;docs/spec/language_spec-part6.md#7-function-pointer,"unsafe/intrinsic gate: named, FunPtr, and pointer conversion calls are valid",,bucket_rule=named-unsafe-funptr
UMB-0596,crates/scoopc/src/llvm/codegen/intrinsics/builtin.rs,992,Float64.abs return type,Helper,intrinsic,B-30,InternalBugSentinel,docs/spec/language_spec-part6.md#6-uintptr-与指针整数转换;docs/spec/language_spec-part6.md#7-function-pointer,"unsafe/intrinsic gate: named, FunPtr, and pointer conversion calls are valid",,bucket_rule=named-unsafe-funptr
UMB-0597,crates/scoopc/src/llvm/codegen/intrinsics/builtin.rs,1006,Float32.abs bits type,Helper,intrinsic,B-30,InternalBugSentinel,docs/spec/language_spec-part6.md#6-uintptr-与指针整数转换;docs/spec/language_spec-part6.md#7-function-pointer,"unsafe/intrinsic gate: named, FunPtr, and pointer conversion calls are valid",,bucket_rule=named-unsafe-funptr
UMB-0598,crates/scoopc/src/llvm/codegen/intrinsics/builtin.rs,1020,Float32.abs return type,Helper,intrinsic,B-30,InternalBugSentinel,docs/spec/language_spec-part6.md#6-uintptr-与指针整数转换;docs/spec/language_spec-part6.md#7-function-pointer,"unsafe/intrinsic gate: named, FunPtr, and pointer conversion calls are valid",,bucket_rule=named-unsafe-funptr
UMB-0599,crates/scoopc/src/llvm/codegen/intrinsics/builtin.rs,1066,Float64.isInfinite bits type,Helper,intrinsic,B-30,InternalBugSentinel,docs/spec/language_spec-part6.md#6-uintptr-与指针整数转换;docs/spec/language_spec-part6.md#7-function-pointer,"unsafe/intrinsic gate: named, FunPtr, and pointer conversion calls are valid",,bucket_rule=named-unsafe-funptr
UMB-0600,crates/scoopc/src/llvm/codegen/intrinsics/builtin.rs,1093,Float32.isInfinite bits type,Helper,intrinsic,B-30,InternalBugSentinel,docs/spec/language_spec-part6.md#6-uintptr-与指针整数转换;docs/spec/language_spec-part6.md#7-function-pointer,"unsafe/intrinsic gate: named, FunPtr, and pointer conversion calls are valid",,bucket_rule=named-unsafe-funptr
UMB-0601,crates/scoopc/src/llvm/codegen/intrinsics/named.rs,413,named intrinsic dummy_ir operand arity,Helper,intrinsic,B-30,InternalBugSentinel,docs/spec/language_spec-part6.md#6-uintptr-与指针整数转换;docs/spec/language_spec-part6.md#7-function-pointer,"unsafe/intrinsic gate: named, FunPtr, and pointer conversion calls are valid",,bucket_rule=named-unsafe-funptr
UMB-0602,crates/scoopc/src/llvm/codegen/intrinsics/named.rs,1012,named intrinsic IR rule lookup,Helper,intrinsic,B-30,InternalBugSentinel,docs/spec/language_spec-part6.md#6-uintptr-与指针整数转换;docs/spec/language_spec-part6.md#7-function-pointer,"unsafe/intrinsic gate: named, FunPtr, and pointer conversion calls are valid",,bucket_rule=named-unsafe-funptr
UMB-0603,crates/scoopc/src/llvm/codegen/intrinsics/named.rs,1104,named intrinsic MIR operand type,Helper,intrinsic,B-30,InternalBugSentinel,docs/spec/language_spec-part6.md#6-uintptr-与指针整数转换;docs/spec/language_spec-part6.md#7-function-pointer,"unsafe/intrinsic gate: named, FunPtr, and pointer conversion calls are valid",,bucket_rule=named-unsafe-funptr
UMB-0605,crates/scoopc/src/llvm/codegen/intrinsics/named.rs,1134,named intrinsic array_size operand arity,Helper,intrinsic,B-13,RealImpl,docs/spec/language_spec-part3.md#12-数组字面量;docs/spec/language_spec-part2.md#5-值类型,transport lowering contract: composite and array metadata are descriptor-backed,,bucket_rule=composite-transport; legacy_gap=PIPELINE_GAPS §4.5; legacy_gap=PIPELINE_GAPS §4.1
UMB-0606,crates/scoopc/src/llvm/codegen/intrinsics/named.rs,1168,named intrinsic array_get operand arity,Helper,intrinsic,B-13,RealImpl,docs/spec/language_spec-part3.md#12-数组字面量;docs/spec/language_spec-part2.md#5-值类型,transport lowering contract: composite and array metadata are descriptor-backed,,bucket_rule=composite-transport; legacy_gap=PIPELINE_GAPS §4.5; legacy_gap=PIPELINE_GAPS §4.1
UMB-0608,crates/scoopc/src/llvm/codegen/intrinsics/named.rs,1267,named intrinsic array_set operand arity,Helper,intrinsic,B-13,RealImpl,docs/spec/language_spec-part3.md#12-数组字面量;docs/spec/language_spec-part2.md#5-值类型,transport lowering contract: composite and array metadata are descriptor-backed,,bucket_rule=composite-transport; legacy_gap=PIPELINE_GAPS §4.5; legacy_gap=PIPELINE_GAPS §4.1
UMB-0610,crates/scoopc/src/llvm/codegen/intrinsics/named.rs,1329,named intrinsic array_set ref value,Helper,intrinsic,B-13,RealImpl,docs/spec/language_spec-part3.md#12-数组字面量;docs/spec/language_spec-part2.md#5-值类型,transport lowering contract: composite and array metadata are descriptor-backed,,bucket_rule=composite-transport; legacy_gap=PIPELINE_GAPS §4.5; legacy_gap=PIPELINE_GAPS §4.1
UMB-0611,crates/scoopc/src/llvm/codegen/intrinsics/named.rs,1422,named intrinsic array_set scalar value,Helper,intrinsic,B-13,RealImpl,docs/spec/language_spec-part3.md#12-数组字面量;docs/spec/language_spec-part2.md#5-值类型,transport lowering contract: composite and array metadata are descriptor-backed,,bucket_rule=composite-transport; legacy_gap=PIPELINE_GAPS §4.5; legacy_gap=PIPELINE_GAPS §4.1
UMB-0612,crates/scoopc/src/llvm/codegen/intrinsics/named.rs,1442,named intrinsic array_data_ptr operand arity,Helper,intrinsic,B-13,RealImpl,docs/spec/language_spec-part3.md#12-数组字面量;docs/spec/language_spec-part2.md#5-值类型,transport lowering contract: composite and array metadata are descriptor-backed,,bucket_rule=composite-transport; legacy_gap=PIPELINE_GAPS §4.5; legacy_gap=PIPELINE_GAPS §4.1
UMB-0613,crates/scoopc/src/llvm/codegen/intrinsics/named.rs,1470,named intrinsic unsafe ref passthrough operand arity,Helper,intrinsic,B-30,InternalBugSentinel,docs/spec/language_spec-part6.md#6-uintptr-与指针整数转换;docs/spec/language_spec-part6.md#7-function-pointer,"unsafe/intrinsic gate: named, FunPtr, and pointer conversion calls are valid",,bucket_rule=named-unsafe-funptr
UMB-0614,crates/scoopc/src/llvm/codegen/intrinsics/named.rs,1483,named intrinsic unsafe value-to-any operand arity,Helper,intrinsic,B-30,InternalBugSentinel,docs/spec/language_spec-part6.md#6-uintptr-与指针整数转换;docs/spec/language_spec-part6.md#7-function-pointer,"unsafe/intrinsic gate: named, FunPtr, and pointer conversion calls are valid",,bucket_rule=named-unsafe-funptr
UMB-0615,crates/scoopc/src/llvm/codegen/intrinsics/named.rs,1505,named intrinsic unsafe value-to-word operand arity,Helper,intrinsic,B-30,InternalBugSentinel,docs/spec/language_spec-part6.md#6-uintptr-与指针整数转换;docs/spec/language_spec-part6.md#7-function-pointer,"unsafe/intrinsic gate: named, FunPtr, and pointer conversion calls are valid",,bucket_rule=named-unsafe-funptr
UMB-0616,crates/scoopc/src/llvm/codegen/intrinsics/named.rs,1522,named intrinsic unsafe value-to-word bool value,Helper,intrinsic,B-30,InternalBugSentinel,docs/spec/language_spec-part6.md#6-uintptr-与指针整数转换;docs/spec/language_spec-part6.md#7-function-pointer,"unsafe/intrinsic gate: named, FunPtr, and pointer conversion calls are valid",,bucket_rule=named-unsafe-funptr
UMB-0617,crates/scoopc/src/llvm/codegen/intrinsics/named.rs,1534,named intrinsic unsafe value-to-word int value,Helper,intrinsic,B-30,InternalBugSentinel,docs/spec/language_spec-part6.md#6-uintptr-与指针整数转换;docs/spec/language_spec-part6.md#7-function-pointer,"unsafe/intrinsic gate: named, FunPtr, and pointer conversion calls are valid",,bucket_rule=named-unsafe-funptr
UMB-0618,crates/scoopc/src/llvm/codegen/intrinsics/named.rs,1545,named intrinsic unsafe value-to-word float32 value,Helper,intrinsic,B-30,InternalBugSentinel,docs/spec/language_spec-part6.md#6-uintptr-与指针整数转换;docs/spec/language_spec-part6.md#7-function-pointer,"unsafe/intrinsic gate: named, FunPtr, and pointer conversion calls are valid",,bucket_rule=named-unsafe-funptr
UMB-0619,crates/scoopc/src/llvm/codegen/intrinsics/named.rs,1567,named intrinsic unsafe value-to-word float64 value,Helper,intrinsic,B-30,InternalBugSentinel,docs/spec/language_spec-part6.md#6-uintptr-与指针整数转换;docs/spec/language_spec-part6.md#7-function-pointer,"unsafe/intrinsic gate: named, FunPtr, and pointer conversion calls are valid",,bucket_rule=named-unsafe-funptr
UMB-0620,crates/scoopc/src/llvm/codegen/intrinsics/named.rs,1587,named intrinsic unsafe value-to-word ref value,Helper,intrinsic,B-30,InternalBugSentinel,docs/spec/language_spec-part6.md#6-uintptr-与指针整数转换;docs/spec/language_spec-part6.md#7-function-pointer,"unsafe/intrinsic gate: named, FunPtr, and pointer conversion calls are valid",,bucket_rule=named-unsafe-funptr
UMB-0621,crates/scoopc/src/llvm/codegen/intrinsics/named.rs,1612,named intrinsic unsafe value-slot operand arity,Helper,intrinsic,B-30,InternalBugSentinel,docs/spec/language_spec-part6.md#6-uintptr-与指针整数转换;docs/spec/language_spec-part6.md#7-function-pointer,"unsafe/intrinsic gate: named, FunPtr, and pointer conversion calls are valid",,bucket_rule=named-unsafe-funptr
UMB-0622,crates/scoopc/src/llvm/codegen/intrinsics/named.rs,2172,DYNAMIC:kind,Helper,intrinsic,B-30,InternalBugSentinel,docs/spec/language_spec-part6.md#6-uintptr-与指针整数转换;docs/spec/language_spec-part6.md#7-function-pointer,"unsafe/intrinsic gate: named, FunPtr, and pointer conversion calls are valid",,bucket_rule=named-unsafe-funptr; kind_field=dynamic-expression
UMB-0623,crates/scoopc/src/llvm/codegen/intrinsics/named.rs,2186,DYNAMIC:kind,Helper,intrinsic,B-30,InternalBugSentinel,docs/spec/language_spec-part6.md#6-uintptr-与指针整数转换;docs/spec/language_spec-part6.md#7-function-pointer,"unsafe/intrinsic gate: named, FunPtr, and pointer conversion calls are valid",,bucket_rule=named-unsafe-funptr; kind_field=dynamic-expression
UMB-0624,crates/scoopc/src/llvm/codegen/intrinsics/named.rs,2200,DYNAMIC:kind,Helper,intrinsic,B-30,InternalBugSentinel,docs/spec/language_spec-part6.md#6-uintptr-与指针整数转换;docs/spec/language_spec-part6.md#7-function-pointer,"unsafe/intrinsic gate: named, FunPtr, and pointer conversion calls are valid",,bucket_rule=named-unsafe-funptr; kind_field=dynamic-expression
UMB-0625,crates/scoopc/src/llvm/codegen/intrinsics/named.rs,2214,DYNAMIC:kind,Helper,intrinsic,B-30,InternalBugSentinel,docs/spec/language_spec-part6.md#6-uintptr-与指针整数转换;docs/spec/language_spec-part6.md#7-function-pointer,"unsafe/intrinsic gate: named, FunPtr, and pointer conversion calls are valid",,bucket_rule=named-unsafe-funptr; kind_field=dynamic-expression
UMB-0626,crates/scoopc/src/llvm/codegen/intrinsics/named.rs,2291,DYNAMIC:kind,Helper,intrinsic,B-30,InternalBugSentinel,docs/spec/language_spec-part6.md#6-uintptr-与指针整数转换;docs/spec/language_spec-part6.md#7-function-pointer,"unsafe/intrinsic gate: named, FunPtr, and pointer conversion calls are valid",,bucket_rule=named-unsafe-funptr; kind_field=dynamic-expression
UMB-0627,crates/scoopc/src/llvm/codegen/intrinsics/named.rs,2313,DYNAMIC:kind,Helper,intrinsic,B-30,InternalBugSentinel,docs/spec/language_spec-part6.md#6-uintptr-与指针整数转换;docs/spec/language_spec-part6.md#7-function-pointer,"unsafe/intrinsic gate: named, FunPtr, and pointer conversion calls are valid",,bucket_rule=named-unsafe-funptr; kind_field=dynamic-expression
UMB-0628,crates/scoopc/src/llvm/codegen/intrinsics/named.rs,2346,DYNAMIC:kind,Helper,intrinsic,B-30,InternalBugSentinel,docs/spec/language_spec-part6.md#6-uintptr-与指针整数转换;docs/spec/language_spec-part6.md#7-function-pointer,"unsafe/intrinsic gate: named, FunPtr, and pointer conversion calls are valid",,bucket_rule=named-unsafe-funptr; kind_field=dynamic-expression
UMB-0629,crates/scoopc/src/llvm/codegen/intrinsics/named.rs,2352,DYNAMIC:kind,Helper,intrinsic,B-30,InternalBugSentinel,docs/spec/language_spec-part6.md#6-uintptr-与指针整数转换;docs/spec/language_spec-part6.md#7-function-pointer,"unsafe/intrinsic gate: named, FunPtr, and pointer conversion calls are valid",,bucket_rule=named-unsafe-funptr; kind_field=dynamic-expression
UMB-0630,crates/scoopc/src/llvm/codegen/intrinsics/named.rs,2450,named intrinsic array element stride,Helper,intrinsic,B-13,RealImpl,docs/spec/language_spec-part3.md#12-数组字面量;docs/spec/language_spec-part2.md#5-值类型,transport lowering contract: composite and array metadata are descriptor-backed,,bucket_rule=composite-transport; legacy_gap=PIPELINE_GAPS §4.5; legacy_gap=PIPELINE_GAPS §4.1
UMB-0631,crates/scoopc/src/llvm/codegen/intrinsics/named.rs,2624,named runtime intrinsic symbol metadata,Helper,intrinsic,B-30,InternalBugSentinel,docs/spec/language_spec-part6.md#6-uintptr-与指针整数转换;docs/spec/language_spec-part6.md#7-function-pointer,"unsafe/intrinsic gate: named, FunPtr, and pointer conversion calls are valid",,bucket_rule=named-unsafe-funptr
UMB-0632,crates/scoopc/src/llvm/codegen/intrinsics/named.rs,2630,named runtime intrinsic signature metadata,Helper,intrinsic,B-30,InternalBugSentinel,docs/spec/language_spec-part6.md#6-uintptr-与指针整数转换;docs/spec/language_spec-part6.md#7-function-pointer,"unsafe/intrinsic gate: named, FunPtr, and pointer conversion calls are valid",,bucket_rule=named-unsafe-funptr
UMB-0633,crates/scoopc/src/llvm/codegen/intrinsics/named.rs,2636,named runtime intrinsic reason metadata,Helper,intrinsic,B-30,InternalBugSentinel,docs/spec/language_spec-part6.md#6-uintptr-与指针整数转换;docs/spec/language_spec-part6.md#7-function-pointer,"unsafe/intrinsic gate: named, FunPtr, and pointer conversion calls are valid",,bucket_rule=named-unsafe-funptr
UMB-0634,crates/scoopc/src/llvm/codegen/intrinsics/named.rs,2641,named runtime intrinsic operand arity,Helper,intrinsic,B-30,InternalBugSentinel,docs/spec/language_spec-part6.md#6-uintptr-与指针整数转换;docs/spec/language_spec-part6.md#7-function-pointer,"unsafe/intrinsic gate: named, FunPtr, and pointer conversion calls are valid",,bucket_rule=named-unsafe-funptr
UMB-0635,crates/scoopc/src/llvm/codegen/intrinsics/named.rs,2689,named runtime intrinsic void parameter type,Helper,intrinsic,B-30,InternalBugSentinel,docs/spec/language_spec-part6.md#6-uintptr-与指针整数转换;docs/spec/language_spec-part6.md#7-function-pointer,"unsafe/intrinsic gate: named, FunPtr, and pointer conversion calls are valid",,bucket_rule=named-unsafe-funptr
UMB-0636,crates/scoopc/src/llvm/codegen/intrinsics/named.rs,2725,named runtime intrinsic void operand,Helper,intrinsic,B-30,InternalBugSentinel,docs/spec/language_spec-part6.md#6-uintptr-与指针整数转换;docs/spec/language_spec-part6.md#7-function-pointer,"unsafe/intrinsic gate: named, FunPtr, and pointer conversion calls are valid",,bucket_rule=named-unsafe-funptr
UMB-0637,crates/scoopc/src/llvm/codegen/intrinsics/named.rs,2736,named runtime intrinsic i32 operand value,Helper,intrinsic,B-30,InternalBugSentinel,docs/spec/language_spec-part6.md#6-uintptr-与指针整数转换;docs/spec/language_spec-part6.md#7-function-pointer,"unsafe/intrinsic gate: named, FunPtr, and pointer conversion calls are valid",,bucket_rule=named-unsafe-funptr
UMB-0638,crates/scoopc/src/llvm/codegen/intrinsics/named.rs,2747,named runtime intrinsic i64 operand value,Helper,intrinsic,B-30,InternalBugSentinel,docs/spec/language_spec-part6.md#6-uintptr-与指针整数转换;docs/spec/language_spec-part6.md#7-function-pointer,"unsafe/intrinsic gate: named, FunPtr, and pointer conversion calls are valid",,bucket_rule=named-unsafe-funptr
UMB-0639,crates/scoopc/src/llvm/codegen/intrinsics/named.rs,2758,named runtime intrinsic word operand value,Helper,intrinsic,B-30,InternalBugSentinel,docs/spec/language_spec-part6.md#6-uintptr-与指针整数转换;docs/spec/language_spec-part6.md#7-function-pointer,"unsafe/intrinsic gate: named, FunPtr, and pointer conversion calls are valid",,bucket_rule=named-unsafe-funptr
UMB-0640,crates/scoopc/src/llvm/codegen/intrinsics/named.rs,2765,named runtime intrinsic bool operand value,Helper,intrinsic,B-30,InternalBugSentinel,docs/spec/language_spec-part6.md#6-uintptr-与指针整数转换;docs/spec/language_spec-part6.md#7-function-pointer,"unsafe/intrinsic gate: named, FunPtr, and pointer conversion calls are valid",,bucket_rule=named-unsafe-funptr
UMB-0641,crates/scoopc/src/llvm/codegen/intrinsics/named.rs,2772,named runtime intrinsic f32 operand value,Helper,intrinsic,B-30,InternalBugSentinel,docs/spec/language_spec-part6.md#6-uintptr-与指针整数转换;docs/spec/language_spec-part6.md#7-function-pointer,"unsafe/intrinsic gate: named, FunPtr, and pointer conversion calls are valid",,bucket_rule=named-unsafe-funptr
UMB-0642,crates/scoopc/src/llvm/codegen/intrinsics/named.rs,2779,named runtime intrinsic f64 operand value,Helper,intrinsic,B-30,InternalBugSentinel,docs/spec/language_spec-part6.md#6-uintptr-与指针整数转换;docs/spec/language_spec-part6.md#7-function-pointer,"unsafe/intrinsic gate: named, FunPtr, and pointer conversion calls are valid",,bucket_rule=named-unsafe-funptr
UMB-0643,crates/scoopc/src/llvm/codegen/intrinsics/named.rs,2786,named runtime intrinsic string operand value,Helper,intrinsic,B-30,InternalBugSentinel,docs/spec/language_spec-part6.md#6-uintptr-与指针整数转换;docs/spec/language_spec-part6.md#7-function-pointer,"unsafe/intrinsic gate: named, FunPtr, and pointer conversion calls are valid",,bucket_rule=named-unsafe-funptr
UMB-0645,crates/scoopc/src/llvm/codegen/intrinsics/named.rs,2799,named runtime intrinsic raw pointer operand value,Helper,intrinsic,B-30,InternalBugSentinel,docs/spec/language_spec-part6.md#6-uintptr-与指针整数转换;docs/spec/language_spec-part6.md#7-function-pointer,"unsafe/intrinsic gate: named, FunPtr, and pointer conversion calls are valid",,bucket_rule=named-unsafe-funptr
UMB-0646,crates/scoopc/src/llvm/codegen/intrinsics/named.rs,2813,named runtime intrinsic raw pointer operand type,Helper,intrinsic,B-30,InternalBugSentinel,docs/spec/language_spec-part6.md#6-uintptr-与指针整数转换;docs/spec/language_spec-part6.md#7-function-pointer,"unsafe/intrinsic gate: named, FunPtr, and pointer conversion calls are valid",,bucket_rule=named-unsafe-funptr
UMB-0647,crates/scoopc/src/llvm/codegen/intrinsics/named.rs,2836,named runtime intrinsic i32 return value,Helper,intrinsic,B-30,InternalBugSentinel,docs/spec/language_spec-part6.md#6-uintptr-与指针整数转换;docs/spec/language_spec-part6.md#7-function-pointer,"unsafe/intrinsic gate: named, FunPtr, and pointer conversion calls are valid",,bucket_rule=named-unsafe-funptr
UMB-0648,crates/scoopc/src/llvm/codegen/intrinsics/named.rs,2853,named runtime intrinsic i64 return value,Helper,intrinsic,B-30,InternalBugSentinel,docs/spec/language_spec-part6.md#6-uintptr-与指针整数转换;docs/spec/language_spec-part6.md#7-function-pointer,"unsafe/intrinsic gate: named, FunPtr, and pointer conversion calls are valid",,bucket_rule=named-unsafe-funptr
UMB-0649,crates/scoopc/src/llvm/codegen/intrinsics/named.rs,2870,named runtime intrinsic word return value,Helper,intrinsic,B-30,InternalBugSentinel,docs/spec/language_spec-part6.md#6-uintptr-与指针整数转换;docs/spec/language_spec-part6.md#7-function-pointer,"unsafe/intrinsic gate: named, FunPtr, and pointer conversion calls are valid",,bucket_rule=named-unsafe-funptr
UMB-0650,crates/scoopc/src/llvm/codegen/intrinsics/named.rs,2887,named runtime intrinsic bool return value,Helper,intrinsic,B-30,InternalBugSentinel,docs/spec/language_spec-part6.md#6-uintptr-与指针整数转换;docs/spec/language_spec-part6.md#7-function-pointer,"unsafe/intrinsic gate: named, FunPtr, and pointer conversion calls are valid",,bucket_rule=named-unsafe-funptr
UMB-0651,crates/scoopc/src/llvm/codegen/intrinsics/named.rs,2898,named runtime intrinsic f32 return value,Helper,intrinsic,B-30,InternalBugSentinel,docs/spec/language_spec-part6.md#6-uintptr-与指针整数转换;docs/spec/language_spec-part6.md#7-function-pointer,"unsafe/intrinsic gate: named, FunPtr, and pointer conversion calls are valid",,bucket_rule=named-unsafe-funptr
UMB-0652,crates/scoopc/src/llvm/codegen/intrinsics/named.rs,2909,named runtime intrinsic f64 return value,Helper,intrinsic,B-30,InternalBugSentinel,docs/spec/language_spec-part6.md#6-uintptr-与指针整数转换;docs/spec/language_spec-part6.md#7-function-pointer,"unsafe/intrinsic gate: named, FunPtr, and pointer conversion calls are valid",,bucket_rule=named-unsafe-funptr
UMB-0653,crates/scoopc/src/llvm/codegen/intrinsics/named.rs,2920,named runtime intrinsic string return value,Helper,intrinsic,B-30,InternalBugSentinel,docs/spec/language_spec-part6.md#6-uintptr-与指针整数转换;docs/spec/language_spec-part6.md#7-function-pointer,"unsafe/intrinsic gate: named, FunPtr, and pointer conversion calls are valid",,bucket_rule=named-unsafe-funptr
UMB-0655,crates/scoopc/src/llvm/codegen/intrinsics/named.rs,2943,named runtime intrinsic raw pointer return value,Helper,intrinsic,B-30,InternalBugSentinel,docs/spec/language_spec-part6.md#6-uintptr-与指针整数转换;docs/spec/language_spec-part6.md#7-function-pointer,"unsafe/intrinsic gate: named, FunPtr, and pointer conversion calls are valid",,bucket_rule=named-unsafe-funptr
UMB-0709,crates/scoopc/src/llvm/codegen/intrinsics/sysroot.rs,19,funptr invoke arity mismatch,Helper,intrinsic,B-30,InternalBugSentinel,docs/spec/language_spec-part6.md#6-uintptr-与指针整数转换;docs/spec/language_spec-part6.md#7-function-pointer,"unsafe/intrinsic gate: named, FunPtr, and pointer conversion calls are valid",,bucket_rule=named-unsafe-funptr
UMB-0710,crates/scoopc/src/llvm/codegen/intrinsics/sysroot.rs,26,funptr invoke receiver (named arg),Helper,intrinsic,B-30,InternalBugSentinel,docs/spec/language_spec-part6.md#6-uintptr-与指针整数转换;docs/spec/language_spec-part6.md#7-function-pointer,"unsafe/intrinsic gate: named, FunPtr, and pointer conversion calls are valid",,bucket_rule=named-unsafe-funptr
UMB-0711,crates/scoopc/src/llvm/codegen/intrinsics/sysroot.rs,33,funptr invoke receiver (non-local),Helper,intrinsic,B-30,InternalBugSentinel,docs/spec/language_spec-part6.md#6-uintptr-与指针整数转换;docs/spec/language_spec-part6.md#7-function-pointer,"unsafe/intrinsic gate: named, FunPtr, and pointer conversion calls are valid",,bucket_rule=named-unsafe-funptr
UMB-0712,crates/scoopc/src/llvm/codegen/intrinsics/sysroot.rs,43,unknown local funptr receiver,Helper,intrinsic,B-30,InternalBugSentinel,docs/spec/language_spec-part6.md#6-uintptr-与指针整数转换;docs/spec/language_spec-part6.md#7-function-pointer,"unsafe/intrinsic gate: named, FunPtr, and pointer conversion calls are valid",,bucket_rule=named-unsafe-funptr
UMB-0713,crates/scoopc/src/llvm/codegen/intrinsics/sysroot.rs,49,funptr invoke receiver type,Helper,intrinsic,B-30,InternalBugSentinel,docs/spec/language_spec-part6.md#6-uintptr-与指针整数转换;docs/spec/language_spec-part6.md#7-function-pointer,"unsafe/intrinsic gate: named, FunPtr, and pointer conversion calls are valid",,bucket_rule=named-unsafe-funptr
UMB-0714,crates/scoopc/src/llvm/codegen/intrinsics/sysroot.rs,56,funptr invoke receiver kind,Helper,intrinsic,B-30,InternalBugSentinel,docs/spec/language_spec-part6.md#6-uintptr-与指针整数转换;docs/spec/language_spec-part6.md#7-function-pointer,"unsafe/intrinsic gate: named, FunPtr, and pointer conversion calls are valid",,bucket_rule=named-unsafe-funptr
UMB-0715,crates/scoopc/src/llvm/codegen/intrinsics/sysroot.rs,62,funptr invoke receiver kind,Helper,intrinsic,B-30,InternalBugSentinel,docs/spec/language_spec-part6.md#6-uintptr-与指针整数转换;docs/spec/language_spec-part6.md#7-function-pointer,"unsafe/intrinsic gate: named, FunPtr, and pointer conversion calls are valid",,bucket_rule=named-unsafe-funptr
UMB-0716,crates/scoopc/src/llvm/codegen/intrinsics/sysroot.rs,72,funptr invoke signature type,Helper,intrinsic,B-30,InternalBugSentinel,docs/spec/language_spec-part6.md#6-uintptr-与指针整数转换;docs/spec/language_spec-part6.md#7-function-pointer,"unsafe/intrinsic gate: named, FunPtr, and pointer conversion calls are valid",,bucket_rule=named-unsafe-funptr
UMB-0717,crates/scoopc/src/llvm/codegen/intrinsics/sysroot.rs,77,funptr invoke signature kind,Helper,intrinsic,B-30,InternalBugSentinel,docs/spec/language_spec-part6.md#6-uintptr-与指针整数转换;docs/spec/language_spec-part6.md#7-function-pointer,"unsafe/intrinsic gate: named, FunPtr, and pointer conversion calls are valid",,bucket_rule=named-unsafe-funptr
UMB-0719,crates/scoopc/src/llvm/codegen/intrinsics/sysroot.rs,118,funptrToUIntPtr arity mismatch,Helper,intrinsic,B-30,InternalBugSentinel,docs/spec/language_spec-part6.md#6-uintptr-与指针整数转换;docs/spec/language_spec-part6.md#7-function-pointer,"unsafe/intrinsic gate: named, FunPtr, and pointer conversion calls are valid",,bucket_rule=named-unsafe-funptr
UMB-0720,crates/scoopc/src/llvm/codegen/intrinsics/sysroot.rs,125,funptrToUIntPtr named arg,Helper,intrinsic,B-30,InternalBugSentinel,docs/spec/language_spec-part6.md#6-uintptr-与指针整数转换;docs/spec/language_spec-part6.md#7-function-pointer,"unsafe/intrinsic gate: named, FunPtr, and pointer conversion calls are valid",,bucket_rule=named-unsafe-funptr
UMB-0721,crates/scoopc/src/llvm/codegen/intrinsics/sysroot.rs,132,funptrToUIntPtr arg type,Helper,intrinsic,B-30,InternalBugSentinel,docs/spec/language_spec-part6.md#6-uintptr-与指针整数转换;docs/spec/language_spec-part6.md#7-function-pointer,"unsafe/intrinsic gate: named, FunPtr, and pointer conversion calls are valid",,bucket_rule=named-unsafe-funptr
UMB-0722,crates/scoopc/src/llvm/codegen/intrinsics/sysroot.rs,152,uintPtrToFunPtr arity mismatch,Helper,intrinsic,B-30,InternalBugSentinel,docs/spec/language_spec-part6.md#6-uintptr-与指针整数转换;docs/spec/language_spec-part6.md#7-function-pointer,"unsafe/intrinsic gate: named, FunPtr, and pointer conversion calls are valid",,bucket_rule=named-unsafe-funptr
UMB-0723,crates/scoopc/src/llvm/codegen/intrinsics/sysroot.rs,159,uintPtrToFunPtr named arg,Helper,intrinsic,B-30,InternalBugSentinel,docs/spec/language_spec-part6.md#6-uintptr-与指针整数转换;docs/spec/language_spec-part6.md#7-function-pointer,"unsafe/intrinsic gate: named, FunPtr, and pointer conversion calls are valid",,bucket_rule=named-unsafe-funptr
UMB-0724,crates/scoopc/src/llvm/codegen/intrinsics/sysroot.rs,166,uintPtrToFunPtr arg type,Helper,intrinsic,B-30,InternalBugSentinel,docs/spec/language_spec-part6.md#6-uintptr-与指针整数转换;docs/spec/language_spec-part6.md#7-function-pointer,"unsafe/intrinsic gate: named, FunPtr, and pointer conversion calls are valid",,bucket_rule=named-unsafe-funptr
UMB-0917,crates/scoopc/src/llvm/codegen/main/identity.rs,355,materialized MIR closure stable key,RawMirLlvm,type,B-12,RealImpl,docs/spec/language_spec-part3.md#6-lambda-与函数值;docs/spec/language_spec-part3.md#61-函数类型与-effect,closure lowering contract: capture environment layout and function value ABI are published,,bucket_rule=closure-capture; legacy_gap=PIPELINE_GAPS §3.11
UMB-0918,crates/scoopc/src/llvm/codegen/main/identity.rs,361,materialized MIR closure stable key,RawMirLlvm,type,B-12,RealImpl,docs/spec/language_spec-part3.md#6-lambda-与函数值;docs/spec/language_spec-part3.md#61-函数类型与-effect,closure lowering contract: capture environment layout and function value ABI are published,,bucket_rule=closure-capture; legacy_gap=PIPELINE_GAPS §3.11
UMB-0919,crates/scoopc/src/llvm/codegen/main/identity.rs,371,materialized MIR closure owner,RawMirLlvm,type,B-12,RealImpl,docs/spec/language_spec-part3.md#6-lambda-与函数值;docs/spec/language_spec-part3.md#61-函数类型与-effect,closure lowering contract: capture environment layout and function value ABI are published,,bucket_rule=closure-capture; legacy_gap=PIPELINE_GAPS §3.11
UMB-0920,crates/scoopc/src/llvm/codegen/main/identity.rs,411,closure callable owner fqn,RawMirLlvm,type,B-12,RealImpl,docs/spec/language_spec-part3.md#6-lambda-与函数值;docs/spec/language_spec-part3.md#61-函数类型与-effect,closure lowering contract: capture environment layout and function value ABI are published,,bucket_rule=closure-capture; legacy_gap=PIPELINE_GAPS §3.11
UMB-0945,crates/scoopc/src/llvm/codegen/main/runtime_error.rs,141,effect transport value box return value,RawMirLlvm,terminator,B-13,RealImpl,docs/spec/language_spec-part3.md#12-数组字面量;docs/spec/language_spec-part2.md#5-值类型,transport lowering contract: composite and array metadata are descriptor-backed,,bucket_rule=composite-transport; legacy_gap=PIPELINE_GAPS §4.1; legacy_gap=PIPELINE_GAPS §4.5
UMB-0946,crates/scoopc/src/llvm/codegen/main/runtime_error.rs,146,effect transport value box return type,RawMirLlvm,terminator,B-13,RealImpl,docs/spec/language_spec-part3.md#12-数组字面量;docs/spec/language_spec-part2.md#5-值类型,transport lowering contract: composite and array metadata are descriptor-backed,,bucket_rule=composite-transport; legacy_gap=PIPELINE_GAPS §4.1; legacy_gap=PIPELINE_GAPS §4.5
UMB-0954,crates/scoopc/src/llvm/codegen/mir_body/aggregates.rs,92,pass MIR sizeOf arg type,RawMirLlvm,type,B-24,RealImpl,docs/spec/language_spec-part5.md#6-静态反射-intrinsic;docs/spec/language_spec-part5.md#1-编译期执行总览,comptime/reflection contract: static metadata intrinsics have supported lowering,,bucket_rule=reflection-comptime
UMB-0956,crates/scoopc/src/llvm/codegen/mir_body/aggregates.rs,152,pass MIR kindOf arg type,RawMirLlvm,type,B-24,RealImpl,docs/spec/language_spec-part5.md#6-静态反射-intrinsic;docs/spec/language_spec-part5.md#1-编译期执行总览,comptime/reflection contract: static metadata intrinsics have supported lowering,,bucket_rule=reflection-comptime
UMB-0957,crates/scoopc/src/llvm/codegen/mir_body/aggregates.rs,193,pass MIR descOf arg type,RawMirLlvm,type,B-24,RealImpl,docs/spec/language_spec-part5.md#6-静态反射-intrinsic;docs/spec/language_spec-part5.md#1-编译期执行总览,comptime/reflection contract: static metadata intrinsics have supported lowering,,bucket_rule=reflection-comptime
UMB-0971,crates/scoopc/src/llvm/codegen/mir_body/aggregates.rs,440,pass MIR closure target type,RawMirLlvm,terminator,B-12,RealImpl,docs/spec/language_spec-part3.md#6-lambda-与函数值;docs/spec/language_spec-part3.md#61-函数类型与-effect,closure lowering contract: capture environment layout and function value ABI are published,,bucket_rule=closure-capture; legacy_gap=PIPELINE_GAPS §3.11
UMB-0976,crates/scoopc/src/llvm/codegen/mir_body/aggregates.rs,556,pass MIR closure env value,RawMirLlvm,rvalue,B-12,RealImpl,docs/spec/language_spec-part3.md#6-lambda-与函数值;docs/spec/language_spec-part3.md#61-函数类型与-effect,closure lowering contract: capture environment layout and function value ABI are published,,bucket_rule=closure-capture; legacy_gap=PIPELINE_GAPS §3.11
UMB-0977,crates/scoopc/src/llvm/codegen/mir_body/aggregates.rs,661,pass MIR FunPtr invoke arity mismatch,RawMirLlvm,rvalue,B-30,InternalBugSentinel,docs/spec/language_spec-part6.md#6-uintptr-与指针整数转换;docs/spec/language_spec-part6.md#7-function-pointer,"unsafe/intrinsic gate: named, FunPtr, and pointer conversion calls are valid",,bucket_rule=named-unsafe-funptr
UMB-0978,crates/scoopc/src/llvm/codegen/mir_body/aggregates.rs,667,pass MIR FunPtr invoke receiver binding,RawMirLlvm,rvalue,B-30,InternalBugSentinel,docs/spec/language_spec-part6.md#6-uintptr-与指针整数转换;docs/spec/language_spec-part6.md#7-function-pointer,"unsafe/intrinsic gate: named, FunPtr, and pointer conversion calls are valid",,bucket_rule=named-unsafe-funptr
UMB-0979,crates/scoopc/src/llvm/codegen/mir_body/aggregates.rs,674,pass MIR FunPtr invoke receiver type,RawMirLlvm,type,B-30,InternalBugSentinel,docs/spec/language_spec-part6.md#6-uintptr-与指针整数转换;docs/spec/language_spec-part6.md#7-function-pointer,"unsafe/intrinsic gate: named, FunPtr, and pointer conversion calls are valid",,bucket_rule=named-unsafe-funptr
UMB-0995,crates/scoopc/src/llvm/codegen/mir_body/call.rs,31,pass MIR closure callee type,RawMirLlvm,type,B-12,RealImpl,docs/spec/language_spec-part3.md#6-lambda-与函数值;docs/spec/language_spec-part3.md#61-函数类型与-effect,closure lowering contract: capture environment layout and function value ABI are published,,bucket_rule=closure-capture; legacy_gap=PIPELINE_GAPS §3.11
UMB-0997,crates/scoopc/src/llvm/codegen/mir_body/call.rs,48,pass MIR FunPtr callee type,RawMirLlvm,type,B-30,InternalBugSentinel,docs/spec/language_spec-part6.md#6-uintptr-与指针整数转换;docs/spec/language_spec-part6.md#7-function-pointer,"unsafe/intrinsic gate: named, FunPtr, and pointer conversion calls are valid",,bucket_rule=named-unsafe-funptr
UMB-1005,crates/scoopc/src/llvm/codegen/mir_body/call.rs,523,pass MIR closure callee value,RawMirLlvm,rvalue,B-12,RealImpl,docs/spec/language_spec-part3.md#6-lambda-与函数值;docs/spec/language_spec-part3.md#61-函数类型与-effect,closure lowering contract: capture environment layout and function value ABI are published,,bucket_rule=closure-capture; legacy_gap=PIPELINE_GAPS §3.11
UMB-1007,crates/scoopc/src/llvm/codegen/mir_body/call.rs,579,pass MIR FunPtr callee value,RawMirLlvm,rvalue,B-30,InternalBugSentinel,docs/spec/language_spec-part6.md#6-uintptr-与指针整数转换;docs/spec/language_spec-part6.md#7-function-pointer,"unsafe/intrinsic gate: named, FunPtr, and pointer conversion calls are valid",,bucket_rule=named-unsafe-funptr
UMB-1008,crates/scoopc/src/llvm/codegen/mir_body/call.rs,585,pass MIR FunPtr call arity mismatch,RawMirLlvm,rvalue,B-30,InternalBugSentinel,docs/spec/language_spec-part6.md#6-uintptr-与指针整数转换;docs/spec/language_spec-part6.md#7-function-pointer,"unsafe/intrinsic gate: named, FunPtr, and pointer conversion calls are valid",,bucket_rule=named-unsafe-funptr
UMB-1009,crates/scoopc/src/llvm/codegen/mir_body/call.rs,641,pass MIR FunPtr deferred return value,RawMirLlvm,terminator,B-30,InternalBugSentinel,docs/spec/language_spec-part6.md#6-uintptr-与指针整数转换;docs/spec/language_spec-part6.md#7-function-pointer,"unsafe/intrinsic gate: named, FunPtr, and pointer conversion calls are valid",,bucket_rule=named-unsafe-funptr
UMB-1013,crates/scoopc/src/llvm/codegen/mir_body/call.rs,864,plain closure callee type,RawMirLlvm,type,B-12,RealImpl,docs/spec/language_spec-part3.md#6-lambda-与函数值;docs/spec/language_spec-part3.md#61-函数类型与-effect,closure lowering contract: capture environment layout and function value ABI are published,,bucket_rule=closure-capture; legacy_gap=PIPELINE_GAPS §3.11
UMB-1014,crates/scoopc/src/llvm/codegen/mir_body/call.rs,880,plain closure call target may outward-effect,RawMirLlvm,terminator,B-10,RealImpl,docs/spec/language_spec-part4.md#3-调用效果;docs/spec/language_spec-part4.md#12-required-effect-推断,effect lowering contract: callable adapter and effect ABI routing are implemented,,bucket_rule=effect-callable-adapter; legacy_gap=PIPELINE_GAPS §5.1; legacy_gap=PIPELINE_GAPS §3.1; legacy_gap=PIPELINE_GAPS §3.2; legacy_gap=PIPELINE_GAPS §3.3; legacy_gap=PIPELINE_GAPS §3.12
UMB-1015,crates/scoopc/src/llvm/codegen/mir_body/call.rs,886,plain closure call effect-typed surface requires adapter,RawMirLlvm,rvalue,B-10,RealImpl,docs/spec/language_spec-part4.md#3-调用效果;docs/spec/language_spec-part4.md#12-required-effect-推断,effect lowering contract: callable adapter and effect ABI routing are implemented,,bucket_rule=effect-callable-adapter; legacy_gap=PIPELINE_GAPS §3.1; legacy_gap=PIPELINE_GAPS §3.2; legacy_gap=PIPELINE_GAPS §3.3; legacy_gap=PIPELINE_GAPS §3.12; legacy_gap=PIPELINE_GAPS §5.1
UMB-1017,crates/scoopc/src/llvm/codegen/mir_body/call.rs,908,plain function-value call target may outward-effect,RawMirLlvm,terminator,B-10,RealImpl,docs/spec/language_spec-part4.md#3-调用效果;docs/spec/language_spec-part4.md#12-required-effect-推断,effect lowering contract: callable adapter and effect ABI routing are implemented,,bucket_rule=effect-callable-adapter; legacy_gap=PIPELINE_GAPS §5.1; legacy_gap=PIPELINE_GAPS §3.1; legacy_gap=PIPELINE_GAPS §3.2; legacy_gap=PIPELINE_GAPS §3.3; legacy_gap=PIPELINE_GAPS §3.12
UMB-1018,crates/scoopc/src/llvm/codegen/mir_body/call.rs,914,plain function-value call effect-typed surface requires adapter,RawMirLlvm,rvalue,B-10,RealImpl,docs/spec/language_spec-part4.md#3-调用效果;docs/spec/language_spec-part4.md#12-required-effect-推断,effect lowering contract: callable adapter and effect ABI routing are implemented,,bucket_rule=effect-callable-adapter; legacy_gap=PIPELINE_GAPS §3.1; legacy_gap=PIPELINE_GAPS §3.2; legacy_gap=PIPELINE_GAPS §3.3; legacy_gap=PIPELINE_GAPS §3.12; legacy_gap=PIPELINE_GAPS §5.1
UMB-1019,crates/scoopc/src/llvm/codegen/mir_body/call.rs,926,plain FunPtr callee type,RawMirLlvm,type,B-30,InternalBugSentinel,docs/spec/language_spec-part6.md#6-uintptr-与指针整数转换;docs/spec/language_spec-part6.md#7-function-pointer,"unsafe/intrinsic gate: named, FunPtr, and pointer conversion calls are valid",,bucket_rule=named-unsafe-funptr
UMB-1020,crates/scoopc/src/llvm/codegen/mir_body/call.rs,931,plain FunPtr call effect-typed surface requires adapter,RawMirLlvm,rvalue,B-10,RealImpl,docs/spec/language_spec-part4.md#3-调用效果;docs/spec/language_spec-part4.md#12-required-effect-推断,effect lowering contract: callable adapter and effect ABI routing are implemented,,bucket_rule=effect-callable-adapter; legacy_gap=PIPELINE_GAPS §3.1; legacy_gap=PIPELINE_GAPS §3.2; legacy_gap=PIPELINE_GAPS §3.3; legacy_gap=PIPELINE_GAPS §3.12; legacy_gap=PIPELINE_GAPS §5.1
UMB-1023,crates/scoopc/src/llvm/codegen/mir_body/callable_lookup.rs,136,pass MIR closure function,RawMirLlvm,rvalue,B-12,RealImpl,docs/spec/language_spec-part3.md#6-lambda-与函数值;docs/spec/language_spec-part3.md#61-函数类型与-effect,closure lowering contract: capture environment layout and function value ABI are published,,bucket_rule=closure-capture; legacy_gap=PIPELINE_GAPS §3.11
UMB-1024,crates/scoopc/src/llvm/codegen/mir_body/callable_lookup.rs,141,pass MIR closure function,RawMirLlvm,rvalue,B-12,RealImpl,docs/spec/language_spec-part3.md#6-lambda-与函数值;docs/spec/language_spec-part3.md#61-函数类型与-effect,closure lowering contract: capture environment layout and function value ABI are published,,bucket_rule=closure-capture; legacy_gap=PIPELINE_GAPS §3.11
UMB-1027,crates/scoopc/src/llvm/codegen/mir_body/callable_lookup.rs,262,pass MIR closure return type,RawMirLlvm,terminator,B-12,RealImpl,docs/spec/language_spec-part3.md#6-lambda-与函数值;docs/spec/language_spec-part3.md#61-函数类型与-effect,closure lowering contract: capture environment layout and function value ABI are published,,bucket_rule=closure-capture; legacy_gap=PIPELINE_GAPS §3.11
UMB-1028,crates/scoopc/src/llvm/codegen/mir_body/callable_lookup.rs,280,pass MIR closure param type,RawMirLlvm,type,B-12,RealImpl,docs/spec/language_spec-part3.md#6-lambda-与函数值;docs/spec/language_spec-part3.md#61-函数类型与-effect,closure lowering contract: capture environment layout and function value ABI are published,,bucket_rule=closure-capture; legacy_gap=PIPELINE_GAPS §3.11
UMB-1032,crates/scoopc/src/llvm/codegen/mir_body/callable_lookup.rs,405,pass MIR closure return type,RawMirLlvm,terminator,B-12,RealImpl,docs/spec/language_spec-part3.md#6-lambda-与函数值;docs/spec/language_spec-part3.md#61-函数类型与-effect,closure lowering contract: capture environment layout and function value ABI are published,,bucket_rule=closure-capture; legacy_gap=PIPELINE_GAPS §3.11
UMB-1035,crates/scoopc/src/llvm/codegen/mir_body/callable_lookup.rs,497,pass MIR closure env param,RawMirLlvm,rvalue,B-12,RealImpl,docs/spec/language_spec-part3.md#6-lambda-与函数值;docs/spec/language_spec-part3.md#61-函数类型与-effect,closure lowering contract: capture environment layout and function value ABI are published,,bucket_rule=closure-capture; legacy_gap=PIPELINE_GAPS §3.11
UMB-1036,crates/scoopc/src/llvm/codegen/mir_body/callable_lookup.rs,502,pass MIR closure env param,RawMirLlvm,rvalue,B-12,RealImpl,docs/spec/language_spec-part3.md#6-lambda-与函数值;docs/spec/language_spec-part3.md#61-函数类型与-effect,closure lowering contract: capture environment layout and function value ABI are published,,bucket_rule=closure-capture; legacy_gap=PIPELINE_GAPS §3.11
UMB-1037,crates/scoopc/src/llvm/codegen/mir_body/callable_lookup.rs,510,pass MIR closure env local,RawMirLlvm,rvalue,B-12,RealImpl,docs/spec/language_spec-part3.md#6-lambda-与函数值;docs/spec/language_spec-part3.md#61-函数类型与-effect,closure lowering contract: capture environment layout and function value ABI are published,,bucket_rule=closure-capture; legacy_gap=PIPELINE_GAPS §3.11
UMB-1041,crates/scoopc/src/llvm/codegen/mir_body/callable_lookup.rs,571,pass MIR closure env shape,RawMirLlvm,rvalue,B-12,RealImpl,docs/spec/language_spec-part3.md#6-lambda-与函数值;docs/spec/language_spec-part3.md#61-函数类型与-effect,closure lowering contract: capture environment layout and function value ABI are published,,bucket_rule=closure-capture; legacy_gap=PIPELINE_GAPS §3.11
UMB-1042,crates/scoopc/src/llvm/codegen/mir_body/callable_lookup.rs,578,missing pass MIR closure env param,RawMirLlvm,rvalue,B-12,RealImpl,docs/spec/language_spec-part3.md#6-lambda-与函数值;docs/spec/language_spec-part3.md#61-函数类型与-effect,closure lowering contract: capture environment layout and function value ABI are published,,bucket_rule=closure-capture; legacy_gap=PIPELINE_GAPS §3.11
UMB-1043,crates/scoopc/src/llvm/codegen/mir_body/callable_lookup.rs,619,pass MIR closure env type,RawMirLlvm,type,B-12,RealImpl,docs/spec/language_spec-part3.md#6-lambda-与函数值;docs/spec/language_spec-part3.md#61-函数类型与-effect,closure lowering contract: capture environment layout and function value ABI are published,,bucket_rule=closure-capture; legacy_gap=PIPELINE_GAPS §3.11
UMB-1044,crates/scoopc/src/llvm/codegen/mir_body/cast.rs,20,MIR runtime type-check metadata,RawMirLlvm,type,B-25,RealImpl,docs/spec/language_spec-part5.md#9-platform-introspection;docs/spec/language_spec-part5.md#10-runtime-type-info,platform/RTTI contract: platform and runtime type metadata are available,,bucket_rule=platform-rtti
UMB-1057,crates/scoopc/src/llvm/codegen/mir_body/cast.rs,156,MIR `as?` target runtime type,RawMirLlvm,terminator,B-25,RealImpl,docs/spec/language_spec-part5.md#9-platform-introspection;docs/spec/language_spec-part5.md#10-runtime-type-info,platform/RTTI contract: platform and runtime type metadata are available,,bucket_rule=platform-rtti
UMB-1060,crates/scoopc/src/llvm/codegen/mir_body/cast.rs,207,MIR runtime type descriptor,RawMirLlvm,type,B-25,RealImpl,docs/spec/language_spec-part5.md#9-platform-introspection;docs/spec/language_spec-part5.md#10-runtime-type-info,platform/RTTI contract: platform and runtime type metadata are available,,bucket_rule=platform-rtti
UMB-1061,crates/scoopc/src/llvm/codegen/mir_body/cast.rs,214,MIR runtime type target,RawMirLlvm,terminator,B-25,RealImpl,docs/spec/language_spec-part5.md#9-platform-introspection;docs/spec/language_spec-part5.md#10-runtime-type-info,platform/RTTI contract: platform and runtime type metadata are available,,bucket_rule=platform-rtti
UMB-1062,crates/scoopc/src/llvm/codegen/mir_body/cast.rs,233,MIR runtime type operand,RawMirLlvm,type,B-25,RealImpl,docs/spec/language_spec-part5.md#9-platform-introspection;docs/spec/language_spec-part5.md#10-runtime-type-info,platform/RTTI contract: platform and runtime type metadata are available,,bucket_rule=platform-rtti
UMB-1063,crates/scoopc/src/llvm/codegen/mir_body/cast.rs,240,MIR runtime type operand value,RawMirLlvm,type,B-25,RealImpl,docs/spec/language_spec-part5.md#9-platform-introspection;docs/spec/language_spec-part5.md#10-runtime-type-info,platform/RTTI contract: platform and runtime type metadata are available,,bucket_rule=platform-rtti
UMB-1086,crates/scoopc/src/llvm/codegen/mir_body/const_pat.rs,246,pass MIR pattern is runtime type descriptor,RawMirLlvm,type,B-25,RealImpl,docs/spec/language_spec-part5.md#9-platform-introspection;docs/spec/language_spec-part5.md#10-runtime-type-info,platform/RTTI contract: platform and runtime type metadata are available,,bucket_rule=platform-rtti
UMB-1089,crates/scoopc/src/llvm/codegen/mir_body/const_pat.rs,258,pass MIR pattern is target runtime type,RawMirLlvm,terminator,B-25,RealImpl,docs/spec/language_spec-part5.md#9-platform-introspection;docs/spec/language_spec-part5.md#10-runtime-type-info,platform/RTTI contract: platform and runtime type metadata are available,,bucket_rule=platform-rtti
UMB-1111,crates/scoopc/src/llvm/codegen/mir_body/dispatch.rs,157,static interface dispatch target may outward-effect,RawMirLlvm,terminator,B-10,RealImpl,docs/spec/language_spec-part4.md#3-调用效果;docs/spec/language_spec-part4.md#12-required-effect-推断,effect lowering contract: callable adapter and effect ABI routing are implemented,,bucket_rule=effect-callable-adapter; legacy_gap=PIPELINE_GAPS §5.1; legacy_gap=PIPELINE_GAPS §3.1; legacy_gap=PIPELINE_GAPS §3.2; legacy_gap=PIPELINE_GAPS §3.3; legacy_gap=PIPELINE_GAPS §3.12
UMB-1116,crates/scoopc/src/llvm/codegen/mir_body/dispatch.rs,290,plain dispatch target may outward-effect,RawMirLlvm,terminator,B-10,RealImpl,docs/spec/language_spec-part4.md#3-调用效果;docs/spec/language_spec-part4.md#12-required-effect-推断,effect lowering contract: callable adapter and effect ABI routing are implemented,,bucket_rule=effect-callable-adapter; legacy_gap=PIPELINE_GAPS §5.1; legacy_gap=PIPELINE_GAPS §3.1; legacy_gap=PIPELINE_GAPS §3.2; legacy_gap=PIPELINE_GAPS §3.3; legacy_gap=PIPELINE_GAPS §3.12
UMB-1179,crates/scoopc/src/llvm/codegen/mir_body/mod.rs,276,pass MIR ambiguous member continuation route,RawMirLlvm,rvalue,B-10,RealImpl,docs/spec/language_spec-part4.md#3-调用效果;docs/spec/language_spec-part4.md#12-required-effect-推断,effect lowering contract: callable adapter and effect ABI routing are implemented,,bucket_rule=effect-callable-adapter; legacy_gap=PIPELINE_GAPS §3.1; legacy_gap=PIPELINE_GAPS §3.2; legacy_gap=PIPELINE_GAPS §3.3; legacy_gap=PIPELINE_GAPS §3.12; legacy_gap=PIPELINE_GAPS §5.1
UMB-1180,crates/scoopc/src/llvm/codegen/mir_body/mod.rs,284,pass MIR member continuation route missing source local,RawMirLlvm,rvalue,B-10,RealImpl,docs/spec/language_spec-part4.md#3-调用效果;docs/spec/language_spec-part4.md#12-required-effect-推断,effect lowering contract: callable adapter and effect ABI routing are implemented,,bucket_rule=effect-callable-adapter; legacy_gap=PIPELINE_GAPS §3.1; legacy_gap=PIPELINE_GAPS §3.2; legacy_gap=PIPELINE_GAPS §3.3; legacy_gap=PIPELINE_GAPS §3.12; legacy_gap=PIPELINE_GAPS §5.1
UMB-1181,crates/scoopc/src/llvm/codegen/mir_body/mod.rs,290,pass MIR member continuation route source type drift,RawMirLlvm,type,B-10,RealImpl,docs/spec/language_spec-part4.md#3-调用效果;docs/spec/language_spec-part4.md#12-required-effect-推断,effect lowering contract: callable adapter and effect ABI routing are implemented,,bucket_rule=effect-callable-adapter; legacy_gap=PIPELINE_GAPS §3.1; legacy_gap=PIPELINE_GAPS §3.2; legacy_gap=PIPELINE_GAPS §3.3; legacy_gap=PIPELINE_GAPS §3.12; legacy_gap=PIPELINE_GAPS §5.1
UMB-1184,crates/scoopc/src/llvm/codegen/mir_body/operand.rs,353,pass MIR closure env contract mismatch,RawMirLlvm,rvalue,B-12,RealImpl,docs/spec/language_spec-part3.md#6-lambda-与函数值;docs/spec/language_spec-part3.md#61-函数类型与-effect,closure lowering contract: capture environment layout and function value ABI are published,,bucket_rule=closure-capture; legacy_gap=PIPELINE_GAPS §3.11
UMB-1185,crates/scoopc/src/llvm/codegen/mir_body/operand.rs,360,pass MIR closure env shape,RawMirLlvm,rvalue,B-12,RealImpl,docs/spec/language_spec-part3.md#6-lambda-与函数值;docs/spec/language_spec-part3.md#61-函数类型与-effect,closure lowering contract: capture environment layout and function value ABI are published,,bucket_rule=closure-capture; legacy_gap=PIPELINE_GAPS §3.11
UMB-1186,crates/scoopc/src/llvm/codegen/mir_body/operand.rs,366,pass MIR closure env capture schema arity,RawMirLlvm,rvalue,B-12,RealImpl,docs/spec/language_spec-part3.md#6-lambda-与函数值;docs/spec/language_spec-part3.md#61-函数类型与-effect,closure lowering contract: capture environment layout and function value ABI are published,,bucket_rule=closure-capture; legacy_gap=PIPELINE_GAPS §3.11
UMB-1187,crates/scoopc/src/llvm/codegen/mir_body/operand.rs,390,pass MIR closure env contract shape,RawMirLlvm,rvalue,B-12,RealImpl,docs/spec/language_spec-part3.md#6-lambda-与函数值;docs/spec/language_spec-part3.md#61-函数类型与-effect,closure lowering contract: capture environment layout and function value ABI are published,,bucket_rule=closure-capture; legacy_gap=PIPELINE_GAPS §3.11
UMB-1188,crates/scoopc/src/llvm/codegen/mir_body/operand.rs,402,pass MIR closure env capture schema element,RawMirLlvm,rvalue,B-12,RealImpl,docs/spec/language_spec-part3.md#6-lambda-与函数值;docs/spec/language_spec-part3.md#61-函数类型与-effect,closure lowering contract: capture environment layout and function value ABI are published,,bucket_rule=closure-capture; legacy_gap=PIPELINE_GAPS §3.11
UMB-1189,crates/scoopc/src/llvm/codegen/mir_body/operand.rs,409,pass MIR closure env capture schema type,RawMirLlvm,type,B-12,RealImpl,docs/spec/language_spec-part3.md#6-lambda-与函数值;docs/spec/language_spec-part3.md#61-函数类型与-effect,closure lowering contract: capture environment layout and function value ABI are published,,bucket_rule=closure-capture; legacy_gap=PIPELINE_GAPS §3.11
UMB-1203,crates/scoopc/src/llvm/codegen/mir_body/terminator.rs,375,pass MIR closure env type,RawMirLlvm,terminator,B-12,RealImpl,docs/spec/language_spec-part3.md#6-lambda-与函数值;docs/spec/language_spec-part3.md#61-函数类型与-effect,closure lowering contract: capture environment layout and function value ABI are published,,bucket_rule=closure-capture; legacy_gap=PIPELINE_GAPS §3.11
UMB-1207,crates/scoopc/src/llvm/codegen/mir_body/terminator.rs,552,value primitive closure carrier requires published ABI,RawMirLlvm,terminator,B-12,RealImpl,docs/spec/language_spec-part3.md#6-lambda-与函数值;docs/spec/language_spec-part3.md#61-函数类型与-effect,closure lowering contract: capture environment layout and function value ABI are published,,bucket_rule=closure-capture; legacy_gap=PIPELINE_GAPS §3.11
UMB-1211,crates/scoopc/src/llvm/codegen/mir_body/transport.rs,72,MIR transport to String requires ordinary ToString lowering,RawMirLlvm,rvalue,B-13,RealImpl,docs/spec/language_spec-part3.md#12-数组字面量;docs/spec/language_spec-part2.md#5-值类型,transport lowering contract: composite and array metadata are descriptor-backed,,bucket_rule=composite-transport; legacy_gap=PIPELINE_GAPS §4.1; legacy_gap=PIPELINE_GAPS §4.5
UMB-1212,crates/scoopc/src/llvm/codegen/mir_body/transport.rs,104,value erasure transport source kind,RawMirLlvm,rvalue,B-13,RealImpl,docs/spec/language_spec-part3.md#12-数组字面量;docs/spec/language_spec-part2.md#5-值类型,transport lowering contract: composite and array metadata are descriptor-backed,,bucket_rule=composite-transport; legacy_gap=PIPELINE_GAPS §4.1; legacy_gap=PIPELINE_GAPS §4.5
UMB-1215,crates/scoopc/src/llvm/codegen/mir_body/transport.rs,208,getPlatform intrinsic result type,RawMirLlvm,intrinsic,B-25,RealImpl,docs/spec/language_spec-part5.md#9-platform-introspection;docs/spec/language_spec-part5.md#10-runtime-type-info,platform/RTTI contract: platform and runtime type metadata are available,,bucket_rule=platform-rtti
UMB-1216,crates/scoopc/src/llvm/codegen/mir_body/transport.rs,214,getPlatform intrinsic nominal Platform type,RawMirLlvm,intrinsic,B-25,RealImpl,docs/spec/language_spec-part5.md#9-platform-introspection;docs/spec/language_spec-part5.md#10-runtime-type-info,platform/RTTI contract: platform and runtime type metadata are available,,bucket_rule=platform-rtti
UMB-1217,crates/scoopc/src/llvm/codegen/mir_body/transport.rs,220,getPlatform intrinsic Platform target,RawMirLlvm,intrinsic,B-25,RealImpl,docs/spec/language_spec-part5.md#9-platform-introspection;docs/spec/language_spec-part5.md#10-runtime-type-info,platform/RTTI contract: platform and runtime type metadata are available,,bucket_rule=platform-rtti
UMB-1218,crates/scoopc/src/llvm/codegen/mir_body/transport.rs,230,getPlatform intrinsic Platform layout,RawMirLlvm,intrinsic,B-25,RealImpl,docs/spec/language_spec-part5.md#9-platform-introspection;docs/spec/language_spec-part5.md#10-runtime-type-info,platform/RTTI contract: platform and runtime type metadata are available,,bucket_rule=platform-rtti
UMB-1219,crates/scoopc/src/llvm/codegen/mir_body/transport.rs,250,getPlatform intrinsic Platform field,RawMirLlvm,intrinsic,B-25,RealImpl,docs/spec/language_spec-part5.md#9-platform-introspection;docs/spec/language_spec-part5.md#10-runtime-type-info,platform/RTTI contract: platform and runtime type metadata are available,,bucket_rule=platform-rtti
UMB-1220,crates/scoopc/src/llvm/codegen/mir_body/transport.rs,285,getPlatform intrinsic field value,RawMirLlvm,intrinsic,B-25,RealImpl,docs/spec/language_spec-part5.md#9-platform-introspection;docs/spec/language_spec-part5.md#10-runtime-type-info,platform/RTTI contract: platform and runtime type metadata are available,,bucket_rule=platform-rtti
UMB-1225,crates/scoopc/src/llvm/codegen/mir_body/value_args.rs,18,pass MIR closure call arg binding,RawMirLlvm,rvalue,B-12,RealImpl,docs/spec/language_spec-part3.md#6-lambda-与函数值;docs/spec/language_spec-part3.md#61-函数类型与-effect,closure lowering contract: capture environment layout and function value ABI are published,,bucket_rule=closure-capture; legacy_gap=PIPELINE_GAPS §3.11
UMB-1226,crates/scoopc/src/llvm/codegen/mir_body/value_args.rs,30,pass MIR closure call arg type,RawMirLlvm,type,B-12,RealImpl,docs/spec/language_spec-part3.md#6-lambda-与函数值;docs/spec/language_spec-part3.md#61-函数类型与-effect,closure lowering contract: capture environment layout and function value ABI are published,,bucket_rule=closure-capture; legacy_gap=PIPELINE_GAPS §3.11
UMB-1227,crates/scoopc/src/llvm/codegen/mir_body/value_args.rs,49,pass MIR closure call arg binding,RawMirLlvm,rvalue,B-12,RealImpl,docs/spec/language_spec-part3.md#6-lambda-与函数值;docs/spec/language_spec-part3.md#61-函数类型与-effect,closure lowering contract: capture environment layout and function value ABI are published,,bucket_rule=closure-capture; legacy_gap=PIPELINE_GAPS §3.11
UMB-1228,crates/scoopc/src/llvm/codegen/mir_body/value_args.rs,99,pass MIR FunPtr call arg binding,RawMirLlvm,rvalue,B-30,InternalBugSentinel,docs/spec/language_spec-part6.md#6-uintptr-与指针整数转换;docs/spec/language_spec-part6.md#7-function-pointer,"unsafe/intrinsic gate: named, FunPtr, and pointer conversion calls are valid",,bucket_rule=named-unsafe-funptr
UMB-1229,crates/scoopc/src/llvm/codegen/mir_body/value_args.rs,112,pass MIR FunPtr call arg type,RawMirLlvm,type,B-30,InternalBugSentinel,docs/spec/language_spec-part6.md#6-uintptr-与指针整数转换;docs/spec/language_spec-part6.md#7-function-pointer,"unsafe/intrinsic gate: named, FunPtr, and pointer conversion calls are valid",,bucket_rule=named-unsafe-funptr
UMB-1230,crates/scoopc/src/llvm/codegen/mir_body/value_args.rs,131,pass MIR FunPtr call arg binding,RawMirLlvm,rvalue,B-30,InternalBugSentinel,docs/spec/language_spec-part6.md#6-uintptr-与指针整数转换;docs/spec/language_spec-part6.md#7-function-pointer,"unsafe/intrinsic gate: named, FunPtr, and pointer conversion calls are valid",,bucket_rule=named-unsafe-funptr
UMB-1245,crates/scoopc/src/llvm/codegen/ordinary_callee.rs,263,callee resume local type,RawMirLlvm,type,B-10,RealImpl,docs/spec/language_spec-part4.md#3-调用效果;docs/spec/language_spec-part4.md#12-required-effect-推断,effect lowering contract: callable adapter and effect ABI routing are implemented,,bucket_rule=effect-callable-adapter; legacy_gap=PIPELINE_GAPS §3.1; legacy_gap=PIPELINE_GAPS §3.2; legacy_gap=PIPELINE_GAPS §3.3; legacy_gap=PIPELINE_GAPS §3.12; legacy_gap=PIPELINE_GAPS §5.1
UMB-1246,crates/scoopc/src/llvm/codegen/ordinary_callee.rs,269,callee resume local field index,RawMirLlvm,rvalue,B-10,RealImpl,docs/spec/language_spec-part4.md#3-调用效果;docs/spec/language_spec-part4.md#12-required-effect-推断,effect lowering contract: callable adapter and effect ABI routing are implemented,,bucket_rule=effect-callable-adapter; legacy_gap=PIPELINE_GAPS §3.1; legacy_gap=PIPELINE_GAPS §3.2; legacy_gap=PIPELINE_GAPS §3.3; legacy_gap=PIPELINE_GAPS §3.12; legacy_gap=PIPELINE_GAPS §5.1
UMB-1247,crates/scoopc/src/llvm/codegen/ordinary_callee.rs,315,callee resume slot type,RawMirLlvm,type,B-10,RealImpl,docs/spec/language_spec-part4.md#3-调用效果;docs/spec/language_spec-part4.md#12-required-effect-推断,effect lowering contract: callable adapter and effect ABI routing are implemented,,bucket_rule=effect-callable-adapter; legacy_gap=PIPELINE_GAPS §3.1; legacy_gap=PIPELINE_GAPS §3.2; legacy_gap=PIPELINE_GAPS §3.3; legacy_gap=PIPELINE_GAPS §3.12; legacy_gap=PIPELINE_GAPS §5.1
UMB-1248,crates/scoopc/src/llvm/codegen/ordinary_callee.rs,528,missing callee resume sret param,RawMirLlvm,rvalue,B-10,RealImpl,docs/spec/language_spec-part4.md#3-调用效果;docs/spec/language_spec-part4.md#12-required-effect-推断,effect lowering contract: callable adapter and effect ABI routing are implemented,,bucket_rule=effect-callable-adapter; legacy_gap=PIPELINE_GAPS §3.1; legacy_gap=PIPELINE_GAPS §3.2; legacy_gap=PIPELINE_GAPS §3.3; legacy_gap=PIPELINE_GAPS §3.12; legacy_gap=PIPELINE_GAPS §5.1
UMB-1249,crates/scoopc/src/llvm/codegen/ordinary_callee.rs,548,missing incoming resume token ref,RawMirLlvm,rvalue,B-10,RealImpl,docs/spec/language_spec-part4.md#3-调用效果;docs/spec/language_spec-part4.md#12-required-effect-推断,effect lowering contract: callable adapter and effect ABI routing are implemented,,bucket_rule=effect-callable-adapter; legacy_gap=PIPELINE_GAPS §3.1; legacy_gap=PIPELINE_GAPS §3.2; legacy_gap=PIPELINE_GAPS §3.3; legacy_gap=PIPELINE_GAPS §3.12; legacy_gap=PIPELINE_GAPS §5.1
