id,bucket,expected_class,file,old_line,kind,retired_by,retired_reason,retired_at_notes
UMB-0187,B-16,FrontendReject,crates/scoopc/src/llvm/codegen/control_flow.rs,2232,break outside loop,P7-A1,frontend control-flow context reject,typecheck rejects break outside loops before LLVM codegen
UMB-0188,B-16,FrontendReject,crates/scoopc/src/llvm/codegen/control_flow.rs,2243,continue outside loop,P7-A1,frontend control-flow context reject,typecheck rejects continue outside loops before LLVM codegen
UMB-0191,B-16,FrontendReject,crates/scoopc/src/llvm/codegen/control_flow.rs,2346,break outside loop,P7-A1,frontend control-flow context reject,typecheck rejects break outside loops before LLVM codegen
UMB-0192,B-16,FrontendReject,crates/scoopc/src/llvm/codegen/control_flow.rs,2358,continue outside loop,P7-A1,frontend control-flow context reject,typecheck rejects continue outside loops before LLVM codegen
UMB-0786,B-16,FrontendReject,crates/scoopc/src/llvm/codegen/main/call.rs,706,return outside function with return context,P7-A1,frontend control-flow context reject,typecheck rejects return outside named function bodies before LLVM codegen
UMB-1263,B-16,FrontendReject,crates/scoopc/src/llvm/codegen/stmt.rs,223,break outside loop,P7-A1,frontend control-flow context reject,typecheck rejects break outside loops before LLVM codegen
UMB-1264,B-16,FrontendReject,crates/scoopc/src/llvm/codegen/stmt.rs,235,continue outside loop,P7-A1,frontend control-flow context reject,typecheck rejects continue outside loops before LLVM codegen
UMB-0750,B-21,FrontendReject,crates/scoopc/src/llvm/codegen/layout.rs,227,unknown struct field,P7-A2,frontend struct field gate,typecheck rejects unknown struct fields before LLVM codegen
UMB-0863,B-21,FrontendReject,crates/scoopc/src/llvm/codegen/main/expr_value.rs,161,struct literal missing field,P7-A2,frontend struct field gate,typecheck rejects struct literals missing required fields before LLVM codegen
UMB-0962,B-21,FrontendReject,crates/scoopc/src/llvm/codegen/mir_body/aggregates.rs,284,pass MIR struct literal missing field,P7-A2,frontend struct field gate,typecheck rejects MIR struct literals missing required fields before LLVM codegen
UMB-1131,B-08,FrontendReject,crates/scoopc/src/llvm/codegen/mir_body/member.rs,142,pass MIR member store target not writable,P7-A2,frontend member-store writability gate,typecheck rejects non-writable member store targets before LLVM codegen
UMB-1142,B-08,FrontendReject,crates/scoopc/src/llvm/codegen/mir_body/member.rs,267,pass MIR immutable class member store,P7-A2,frontend member-store writability gate,typecheck rejects immutable class member stores before LLVM codegen
UMB-0121,B-15,FrontendReject,crates/scoopc/src/llvm/codegen/control_flow.rs,149,when (no arms),P7-A3,frontend when pattern gate,typecheck rejects invalid when exhaustiveness and pattern contracts before LLVM codegen; legacy_gap=PIPELINE_GAPS §3.8
UMB-0122,B-15,FrontendReject,crates/scoopc/src/llvm/codegen/control_flow.rs,157,when subject value,P7-A3,frontend when pattern gate,typecheck rejects invalid when subject and pattern contracts before LLVM codegen
UMB-0125,B-15,FrontendReject,crates/scoopc/src/llvm/codegen/control_flow.rs,259,when guard value,P7-A3,frontend when pattern gate,typecheck rejects non-Bool when guards before LLVM codegen
UMB-0126,B-15,FrontendReject,crates/scoopc/src/llvm/codegen/control_flow.rs,300,when arm type mismatch,P7-A3,frontend when pattern gate,typecheck fixes when arm result type before LLVM codegen
UMB-0127,B-15,FrontendReject,crates/scoopc/src/llvm/codegen/control_flow.rs,316,when arm tail block,P7-A3,frontend when pattern gate,typecheck verifies when arms before LLVM codegen
UMB-0128,B-15,FrontendReject,crates/scoopc/src/llvm/codegen/control_flow.rs,380,when pattern (enum),P7-A3,frontend when pattern gate,typecheck rejects non-enum patterns for enum when subjects before LLVM codegen
UMB-0130,B-15,FrontendReject,crates/scoopc/src/llvm/codegen/control_flow.rs,446,when missing enum arm,P7-A3,frontend when pattern gate,typecheck rejects non-exhaustive enum when expressions before LLVM codegen
UMB-0131,B-15,FrontendReject,crates/scoopc/src/llvm/codegen/control_flow.rs,466,when pattern (bool),P7-A3,frontend when pattern gate,typecheck rejects non-Bool patterns for Bool when subjects before LLVM codegen
UMB-0132,B-15,FrontendReject,crates/scoopc/src/llvm/codegen/control_flow.rs,479,when missing bool arm (false),P7-A3,frontend when pattern gate,typecheck rejects Bool when expressions missing false before LLVM codegen
UMB-0133,B-15,FrontendReject,crates/scoopc/src/llvm/codegen/control_flow.rs,485,when missing bool arm (true),P7-A3,frontend when pattern gate,typecheck rejects Bool when expressions missing true before LLVM codegen
UMB-0134,B-15,FrontendReject,crates/scoopc/src/llvm/codegen/control_flow.rs,508,when pattern (int),P7-A3,frontend when pattern gate,typecheck rejects non-integer patterns for integer when subjects before LLVM codegen
UMB-0135,B-15,FrontendReject,crates/scoopc/src/llvm/codegen/control_flow.rs,563,when pattern (string),P7-A3,frontend when pattern gate,typecheck rejects non-String patterns for String when subjects before LLVM codegen
UMB-0136,B-15,FrontendReject,crates/scoopc/src/llvm/codegen/control_flow.rs,617,when pattern (tuple),P7-A3,frontend when pattern gate,typecheck rejects non-tuple patterns for tuple when subjects before LLVM codegen
UMB-0137,B-15,FrontendReject,crates/scoopc/src/llvm/codegen/control_flow.rs,667,when subject type,P7-A3,frontend when pattern gate,typecheck and chain matching keep unsupported subject dispatch out of LLVM fallback
UMB-0138,B-15,FrontendReject,crates/scoopc/src/llvm/codegen/control_flow.rs,718,when arm type mismatch,P7-A3,frontend when pattern gate,typecheck fixes when arm result type before LLVM codegen
UMB-0139,B-15,FrontendReject,crates/scoopc/src/llvm/codegen/control_flow.rs,733,when arm tail block,P7-A3,frontend when pattern gate,typecheck verifies when arms before LLVM codegen
UMB-0140,B-15,FrontendReject,crates/scoopc/src/llvm/codegen/control_flow.rs,817,when variant pattern subject type,P7-A3,frontend when pattern gate,typecheck rejects variant patterns for non-enum when subjects before LLVM codegen
UMB-0141,B-15,FrontendReject,crates/scoopc/src/llvm/codegen/control_flow.rs,831,when unknown enum variant,P7-A3,frontend when pattern gate,typecheck rejects unknown enum variants in when patterns before LLVM codegen
UMB-0142,B-15,FrontendReject,crates/scoopc/src/llvm/codegen/control_flow.rs,851,when variant arity mismatch,P7-A3,frontend when pattern gate,typecheck rejects enum variant payload arity mismatches before LLVM codegen
UMB-0143,B-15,FrontendReject,crates/scoopc/src/llvm/codegen/control_flow.rs,870,when variant payload field index,P7-A3,frontend when pattern gate,typecheck rejects enum variant payload index drift before LLVM codegen
UMB-0144,B-15,FrontendReject,crates/scoopc/src/llvm/codegen/control_flow.rs,892,when tuple pattern subject type,P7-A3,frontend when pattern gate,typecheck rejects tuple patterns for non-tuple when subjects before LLVM codegen
UMB-0146,B-15,FrontendReject,crates/scoopc/src/llvm/codegen/control_flow.rs,910,when tuple pattern rest position,P7-A3,frontend when pattern gate,parser and typecheck reject non-tail rest in tuple when patterns before LLVM codegen
UMB-0147,B-15,FrontendReject,crates/scoopc/src/llvm/codegen/control_flow.rs,929,when tuple pattern arity mismatch,P7-A3,frontend when pattern gate,typecheck rejects tuple pattern arity mismatches before LLVM codegen
UMB-0148,B-15,FrontendReject,crates/scoopc/src/llvm/codegen/control_flow.rs,1082,when variant payload field index,P7-A3,frontend when pattern gate,typecheck rejects enum variant payload index drift before LLVM codegen
UMB-0150,B-15,FrontendReject,crates/scoopc/src/llvm/codegen/control_flow.rs,1165,when payload nested niche pointer none_value (must be NULL),P7-A3,frontend when pattern gate,typecheck and layout validation keep nested niche payload contracts before LLVM codegen
UMB-0151,B-15,FrontendReject,crates/scoopc/src/llvm/codegen/control_flow.rs,1174,when payload nested niche storage (non-pointer),P7-A3,frontend when pattern gate,typecheck and layout validation keep nested niche payload contracts before LLVM codegen
UMB-0152,B-15,FrontendReject,crates/scoopc/src/llvm/codegen/control_flow.rs,1194,when payload nested niche storage (non-int),P7-A3,frontend when pattern gate,typecheck and layout validation keep nested niche payload contracts before LLVM codegen
UMB-0154,B-15,FrontendReject,crates/scoopc/src/llvm/codegen/control_flow.rs,1326,when payload nested niche pointer none_value (must be NULL),P7-A3,frontend when pattern gate,typecheck and layout validation keep nested niche payload contracts before LLVM codegen
UMB-0155,B-15,FrontendReject,crates/scoopc/src/llvm/codegen/control_flow.rs,1335,when payload nested niche storage (non-pointer),P7-A3,frontend when pattern gate,typecheck and layout validation keep nested niche payload contracts before LLVM codegen
UMB-0156,B-15,FrontendReject,crates/scoopc/src/llvm/codegen/control_flow.rs,1355,when payload nested niche storage (non-int),P7-A3,frontend when pattern gate,typecheck and layout validation keep nested niche payload contracts before LLVM codegen
UMB-0157,B-15,FrontendReject,crates/scoopc/src/llvm/codegen/control_flow.rs,1444,when subject type,P7-A3,frontend when pattern gate,typecheck and chain matching keep unsupported subject dispatch out of LLVM fallback
UMB-0159,B-15,FrontendReject,crates/scoopc/src/llvm/codegen/control_flow.rs,1529,when unknown enum variant,P7-A3,frontend when pattern gate,typecheck rejects unknown enum variants in when patterns before LLVM codegen
UMB-0160,B-15,FrontendReject,crates/scoopc/src/llvm/codegen/control_flow.rs,1561,when pattern (enum),P7-A3,frontend when pattern gate,typecheck rejects non-enum patterns for enum when subjects before LLVM codegen
UMB-0161,B-15,FrontendReject,crates/scoopc/src/llvm/codegen/control_flow.rs,1582,when unknown enum variant,P7-A3,frontend when pattern gate,typecheck rejects unknown enum variants in when patterns before LLVM codegen
UMB-0162,B-15,FrontendReject,crates/scoopc/src/llvm/codegen/control_flow.rs,1598,when variant arity mismatch,P7-A3,frontend when pattern gate,typecheck rejects enum variant payload arity mismatches before LLVM codegen
UMB-0165,B-15,FrontendReject,crates/scoopc/src/llvm/codegen/control_flow.rs,1651,when variant payload field index,P7-A3,frontend when pattern gate,typecheck rejects enum variant payload index drift before LLVM codegen
UMB-0166,B-15,FrontendReject,crates/scoopc/src/llvm/codegen/control_flow.rs,1675,when variant payload tail block,P7-A3,frontend when pattern gate,typecheck verifies when variant payload arms before LLVM codegen
UMB-0167,B-15,FrontendReject,crates/scoopc/src/llvm/codegen/control_flow.rs,1732,when pattern (bool),P7-A3,frontend when pattern gate,typecheck rejects non-Bool patterns for Bool when subjects before LLVM codegen
UMB-0168,B-15,FrontendReject,crates/scoopc/src/llvm/codegen/control_flow.rs,1794,when pattern (int),P7-A3,frontend when pattern gate,typecheck rejects non-integer patterns for integer when subjects before LLVM codegen
UMB-0169,B-15,FrontendReject,crates/scoopc/src/llvm/codegen/control_flow.rs,1835,when string pattern literal value,P7-A3,frontend when pattern gate,typecheck verifies String literal when patterns before LLVM codegen
UMB-0170,B-15,FrontendReject,crates/scoopc/src/llvm/codegen/control_flow.rs,1852,when string equals return value,P7-A3,frontend when pattern gate,typecheck verifies String literal when patterns before LLVM codegen
UMB-0171,B-15,FrontendReject,crates/scoopc/src/llvm/codegen/control_flow.rs,1858,when string equals return type,P7-A3,frontend when pattern gate,typecheck verifies String literal when patterns before LLVM codegen
UMB-0172,B-15,FrontendReject,crates/scoopc/src/llvm/codegen/control_flow.rs,1878,when pattern (string),P7-A3,frontend when pattern gate,typecheck rejects non-String patterns for String when subjects before LLVM codegen
UMB-0173,B-15,FrontendReject,crates/scoopc/src/llvm/codegen/control_flow.rs,1907,when pattern (tuple),P7-A3,frontend when pattern gate,typecheck rejects non-tuple patterns for tuple when subjects before LLVM codegen
UMB-0175,B-15,FrontendReject,crates/scoopc/src/llvm/codegen/control_flow.rs,1973,when tuple pattern rest position,P7-A3,frontend when pattern gate,parser and typecheck reject non-tail rest in tuple when patterns before LLVM codegen
UMB-0176,B-15,FrontendReject,crates/scoopc/src/llvm/codegen/control_flow.rs,1983,when tuple pattern arity mismatch,P7-A3,frontend when pattern gate,typecheck rejects tuple pattern arity mismatches before LLVM codegen
UMB-0177,B-15,FrontendReject,crates/scoopc/src/llvm/codegen/control_flow.rs,2021,when tuple elem bool pattern type,P7-A3,frontend when pattern gate,typecheck rejects Bool tuple subpatterns for non-Bool elements before LLVM codegen
UMB-0178,B-15,FrontendReject,crates/scoopc/src/llvm/codegen/control_flow.rs,2042,when tuple elem int pattern type,P7-A3,frontend when pattern gate,typecheck rejects integer tuple subpatterns for non-integer elements before LLVM codegen
UMB-0179,B-15,FrontendReject,crates/scoopc/src/llvm/codegen/control_flow.rs,2063,when tuple elem char pattern type,P7-A3,frontend when pattern gate,typecheck rejects Char tuple subpatterns for non-Char elements before LLVM codegen
UMB-0180,B-15,FrontendReject,crates/scoopc/src/llvm/codegen/control_flow.rs,2082,when tuple elem string pattern type,P7-A3,frontend when pattern gate,typecheck rejects String tuple subpatterns for non-String elements before LLVM codegen
UMB-0181,B-15,FrontendReject,crates/scoopc/src/llvm/codegen/control_flow.rs,2095,when tuple elem string pattern literal value,P7-A3,frontend when pattern gate,typecheck verifies String tuple subpatterns before LLVM codegen
UMB-0182,B-15,FrontendReject,crates/scoopc/src/llvm/codegen/control_flow.rs,2112,when tuple string equals return value,P7-A3,frontend when pattern gate,typecheck verifies String tuple subpatterns before LLVM codegen
UMB-0183,B-15,FrontendReject,crates/scoopc/src/llvm/codegen/control_flow.rs,2118,when tuple string equals return type,P7-A3,frontend when pattern gate,typecheck verifies String tuple subpatterns before LLVM codegen
UMB-0184,B-15,FrontendReject,crates/scoopc/src/llvm/codegen/control_flow.rs,2132,when tuple elem tuple pattern type,P7-A3,frontend when pattern gate,typecheck rejects tuple subpatterns for non-tuple elements before LLVM codegen
UMB-0186,B-15,FrontendReject,crates/scoopc/src/llvm/codegen/control_flow.rs,2159,when tuple pattern,P7-A3,frontend when pattern gate,typecheck rejects unsupported tuple subpatterns before LLVM codegen
UMB-0005,B-36,FrontendReject,crates/scoopc/src/llvm/codegen/call/abi.rs,387,missing current_effect_ctx_ref param,P7-A4,frontend spec-uncovered surface reject,resolve rejects async/await and generator/yield placeholder surfaces before LLVM codegen; legacy_gap=PIPELINE_GAPS §2.3
UMB-0008,B-36,FrontendReject,crates/scoopc/src/llvm/codegen/call/abi.rs,431,DYNAMIC:missing_kind,P7-A4,frontend spec-uncovered surface reject,resolve rejects async/await and generator/yield placeholder surfaces before LLVM codegen; legacy_gap=PIPELINE_GAPS §2.3
UMB-0009,B-36,FrontendReject,crates/scoopc/src/llvm/codegen/call/abi.rs,477,DYNAMIC:missing_kind,P7-A4,frontend spec-uncovered surface reject,resolve rejects async/await and generator/yield placeholder surfaces before LLVM codegen; legacy_gap=PIPELINE_GAPS §2.3
UMB-0012,B-36,FrontendReject,crates/scoopc/src/llvm/codegen/call/abi.rs,677,DYNAMIC:kind,P7-A4,frontend spec-uncovered surface reject,resolve rejects async/await and generator/yield placeholder surfaces before LLVM codegen; legacy_gap=PIPELINE_GAPS §2.3
UMB-0013,B-36,FrontendReject,crates/scoopc/src/llvm/codegen/call/abi.rs,685,DYNAMIC:kind,P7-A4,frontend spec-uncovered surface reject,resolve rejects async/await and generator/yield placeholder surfaces before LLVM codegen; legacy_gap=PIPELINE_GAPS §2.3
UMB-0014,B-36,FrontendReject,crates/scoopc/src/llvm/codegen/call/abi.rs,697,DYNAMIC:kind,P7-A4,frontend spec-uncovered surface reject,resolve rejects async/await and generator/yield placeholder surfaces before LLVM codegen; legacy_gap=PIPELINE_GAPS §2.3
UMB-0015,B-36,FrontendReject,crates/scoopc/src/llvm/codegen/call/abi.rs,703,DYNAMIC:kind,P7-A4,frontend spec-uncovered surface reject,resolve rejects async/await and generator/yield placeholder surfaces before LLVM codegen; legacy_gap=PIPELINE_GAPS §2.3
UMB-0017,B-36,FrontendReject,crates/scoopc/src/llvm/codegen/call/abi.rs,731,DYNAMIC:kind,P7-A4,frontend spec-uncovered surface reject,resolve rejects async/await and generator/yield placeholder surfaces before LLVM codegen; legacy_gap=PIPELINE_GAPS §2.3
UMB-0018,B-36,FrontendReject,crates/scoopc/src/llvm/codegen/call/abi.rs,742,DYNAMIC:kind,P7-A4,frontend spec-uncovered surface reject,resolve rejects async/await and generator/yield placeholder surfaces before LLVM codegen; legacy_gap=PIPELINE_GAPS §2.3
UMB-0097,B-36,FrontendReject,crates/scoopc/src/llvm/codegen/closure/mod.rs,258,scoop_alloc_typed return value,P7-A4,frontend spec-uncovered surface reject,resolve rejects async/await and generator/yield placeholder surfaces before LLVM codegen; legacy_gap=PIPELINE_GAPS §2.3
UMB-0101,B-36,FrontendReject,crates/scoopc/src/llvm/codegen/closure/mod.rs,346,scoop_alloc_typed return value,P7-A4,frontend spec-uncovered surface reject,resolve rejects async/await and generator/yield placeholder surfaces before LLVM codegen; legacy_gap=PIPELINE_GAPS §2.3
UMB-0189,B-36,FrontendReject,crates/scoopc/src/llvm/codegen/control_flow.rs,2254,statement,P7-A4,frontend spec-uncovered surface reject,resolve rejects async/await and generator/yield placeholder surfaces before LLVM codegen; legacy_gap=PIPELINE_GAPS §2.3
UMB-0225,B-36,FrontendReject,crates/scoopc/src/llvm/codegen/effect_lowered/value.rs,334,pure statement todo,P7-A4,frontend spec-uncovered surface reject,resolve rejects async/await and generator/yield placeholder surfaces before LLVM codegen; legacy_gap=PIPELINE_GAPS §2.3
UMB-0239,B-36,FrontendReject,crates/scoopc/src/llvm/codegen/effect_lowered/value.rs,1563,thread.yield arg contract,P7-A4,frontend spec-uncovered surface reject,resolve rejects async/await and generator/yield placeholder surfaces before LLVM codegen; legacy_gap=PIPELINE_GAPS §2.3
UMB-0411,B-36,FrontendReject,crates/scoopc/src/llvm/codegen/expr.rs,76,expression,P7-A4,frontend spec-uncovered surface reject,resolve rejects async/await and generator/yield placeholder surfaces before LLVM codegen; legacy_gap=PIPELINE_GAPS §2.3
UMB-0412,B-36,FrontendReject,crates/scoopc/src/llvm/codegen/expr.rs,81,unresolved ident (missing expected type context),P7-A4,frontend spec-uncovered surface reject,resolve rejects async/await and generator/yield placeholder surfaces before LLVM codegen; legacy_gap=PIPELINE_GAPS §2.3
UMB-0413,B-36,FrontendReject,crates/scoopc/src/llvm/codegen/expr.rs,102,interpolated string after HIR desugar,P7-A4,frontend spec-uncovered surface reject,resolve rejects async/await and generator/yield placeholder surfaces before LLVM codegen; legacy_gap=PIPELINE_GAPS §2.3
UMB-0418,B-36,FrontendReject,crates/scoopc/src/llvm/codegen/expr.rs,166,expression kind,P7-A4,frontend spec-uncovered surface reject,resolve rejects async/await and generator/yield placeholder surfaces before LLVM codegen; legacy_gap=PIPELINE_GAPS §2.3
UMB-0739,B-36,FrontendReject,crates/scoopc/src/llvm/codegen/intrinsics/thread.rs,207,thread.yield arity mismatch,P7-A4,frontend spec-uncovered surface reject,resolve rejects async/await and generator/yield placeholder surfaces before LLVM codegen; legacy_gap=PIPELINE_GAPS §2.3
UMB-0743,B-36,FrontendReject,crates/scoopc/src/llvm/codegen/layout.rs,49,class inheritance cycle,P7-A4,frontend spec-uncovered surface reject,resolve rejects async/await and generator/yield placeholder surfaces before LLVM codegen; legacy_gap=PIPELINE_GAPS §2.3
UMB-0744,B-36,FrontendReject,crates/scoopc/src/llvm/codegen/layout.rs,59,class init info,P7-A4,frontend spec-uncovered surface reject,resolve rejects async/await and generator/yield placeholder surfaces before LLVM codegen; legacy_gap=PIPELINE_GAPS §2.3
UMB-0747,B-36,FrontendReject,crates/scoopc/src/llvm/codegen/layout.rs,201,struct type id,P7-A4,frontend spec-uncovered surface reject,resolve rejects async/await and generator/yield placeholder surfaces before LLVM codegen; legacy_gap=PIPELINE_GAPS §2.3
UMB-0748,B-36,FrontendReject,crates/scoopc/src/llvm/codegen/layout.rs,207,struct type id,P7-A4,frontend spec-uncovered surface reject,resolve rejects async/await and generator/yield placeholder surfaces before LLVM codegen; legacy_gap=PIPELINE_GAPS §2.3
UMB-0749,B-36,FrontendReject,crates/scoopc/src/llvm/codegen/layout.rs,218,struct layout,P7-A4,frontend spec-uncovered surface reject,resolve rejects async/await and generator/yield placeholder surfaces before LLVM codegen; legacy_gap=PIPELINE_GAPS §2.3
UMB-0756,B-36,FrontendReject,crates/scoopc/src/llvm/codegen/layout.rs,519,enum type id,P7-A4,frontend spec-uncovered surface reject,resolve rejects async/await and generator/yield placeholder surfaces before LLVM codegen; legacy_gap=PIPELINE_GAPS §2.3
UMB-0759,B-36,FrontendReject,crates/scoopc/src/llvm/codegen/layout.rs,583,value-only enum underlying type,P7-A4,frontend spec-uncovered surface reject,resolve rejects async/await and generator/yield placeholder surfaces before LLVM codegen; legacy_gap=PIPELINE_GAPS §2.3
UMB-0760,B-36,FrontendReject,crates/scoopc/src/llvm/codegen/layout.rs,591,value-only enum underlying type,P7-A4,frontend spec-uncovered surface reject,resolve rejects async/await and generator/yield placeholder surfaces before LLVM codegen; legacy_gap=PIPELINE_GAPS §2.3
UMB-0761,B-36,FrontendReject,crates/scoopc/src/llvm/codegen/layout.rs,658,enum type id,P7-A4,frontend spec-uncovered surface reject,resolve rejects async/await and generator/yield placeholder surfaces before LLVM codegen; legacy_gap=PIPELINE_GAPS §2.3
UMB-0768,B-36,FrontendReject,crates/scoopc/src/llvm/codegen/main/alloca.rs,175,alloca instruction value,P7-A4,frontend spec-uncovered surface reject,resolve rejects async/await and generator/yield placeholder surfaces before LLVM codegen; legacy_gap=PIPELINE_GAPS §2.3
UMB-0769,B-36,FrontendReject,crates/scoopc/src/llvm/codegen/main/boxing.rs,36,scoop_alloc_typed return value,P7-A4,frontend spec-uncovered surface reject,resolve rejects async/await and generator/yield placeholder surfaces before LLVM codegen; legacy_gap=PIPELINE_GAPS §2.3
UMB-0771,B-36,FrontendReject,crates/scoopc/src/llvm/codegen/main/boxing.rs,102,scoop_alloc_typed return value,P7-A4,frontend spec-uncovered surface reject,resolve rejects async/await and generator/yield placeholder surfaces before LLVM codegen; legacy_gap=PIPELINE_GAPS §2.3
UMB-0773,B-36,FrontendReject,crates/scoopc/src/llvm/codegen/main/boxing.rs,155,scoop_alloc_typed enum box return value,P7-A4,frontend spec-uncovered surface reject,resolve rejects async/await and generator/yield placeholder surfaces before LLVM codegen; legacy_gap=PIPELINE_GAPS §2.3
UMB-0818,B-36,FrontendReject,crates/scoopc/src/llvm/codegen/main/context.rs,125,current source lookup,P7-A4,frontend spec-uncovered surface reject,resolve rejects async/await and generator/yield placeholder surfaces before LLVM codegen; legacy_gap=PIPELINE_GAPS §2.3
UMB-0819,B-36,FrontendReject,crates/scoopc/src/llvm/codegen/main/context.rs,259,source file lookup,P7-A4,frontend spec-uncovered surface reject,resolve rejects async/await and generator/yield placeholder surfaces before LLVM codegen; legacy_gap=PIPELINE_GAPS §2.3
UMB-0829,B-36,FrontendReject,crates/scoopc/src/llvm/codegen/main/declare.rs,637,call return value,P7-A4,frontend spec-uncovered surface reject,resolve rejects async/await and generator/yield placeholder surfaces before LLVM codegen; legacy_gap=PIPELINE_GAPS §2.3
UMB-0879,B-36,FrontendReject,crates/scoopc/src/llvm/codegen/main/frame.rs,328,explicit root frame header size,P7-A4,frontend spec-uncovered surface reject,resolve rejects async/await and generator/yield placeholder surfaces before LLVM codegen; legacy_gap=PIPELINE_GAPS §2.3
UMB-0886,B-36,FrontendReject,crates/scoopc/src/llvm/codegen/main/frame.rs,807,explicit root frame storage alloca,P7-A4,frontend spec-uncovered surface reject,resolve rejects async/await and generator/yield placeholder surfaces before LLVM codegen; legacy_gap=PIPELINE_GAPS §2.3
UMB-0893,B-36,FrontendReject,crates/scoopc/src/llvm/codegen/main/gc_locals.rs,40,local slot load base operand,P7-A4,frontend spec-uncovered surface reject,resolve rejects async/await and generator/yield placeholder surfaces before LLVM codegen; legacy_gap=PIPELINE_GAPS §2.3
UMB-0894,B-36,FrontendReject,crates/scoopc/src/llvm/codegen/main/gc_locals.rs,45,local slot load base pointer type,P7-A4,frontend spec-uncovered surface reject,resolve rejects async/await and generator/yield placeholder surfaces before LLVM codegen; legacy_gap=PIPELINE_GAPS §2.3
UMB-0897,B-36,FrontendReject,crates/scoopc/src/llvm/codegen/main/gc_locals.rs,88,local slot gep base operand,P7-A4,frontend spec-uncovered surface reject,resolve rejects async/await and generator/yield placeholder surfaces before LLVM codegen; legacy_gap=PIPELINE_GAPS §2.3
UMB-0898,B-36,FrontendReject,crates/scoopc/src/llvm/codegen/main/gc_locals.rs,93,local slot gep base pointer type,P7-A4,frontend spec-uncovered surface reject,resolve rejects async/await and generator/yield placeholder surfaces before LLVM codegen; legacy_gap=PIPELINE_GAPS §2.3
UMB-0902,B-36,FrontendReject,crates/scoopc/src/llvm/codegen/main/gc_locals.rs,365,reload deferred value without clearing,P7-A4,frontend spec-uncovered surface reject,resolve rejects async/await and generator/yield placeholder surfaces before LLVM codegen; legacy_gap=PIPELINE_GAPS §2.3
UMB-0903,B-36,FrontendReject,crates/scoopc/src/llvm/codegen/main/gc_locals.rs,411,materialize deferred value,P7-A4,frontend spec-uncovered surface reject,resolve rejects async/await and generator/yield placeholder surfaces before LLVM codegen; legacy_gap=PIPELINE_GAPS §2.3
UMB-0915,B-36,FrontendReject,crates/scoopc/src/llvm/codegen/main/identity.rs,199,function type,P7-A4,frontend spec-uncovered surface reject,resolve rejects async/await and generator/yield placeholder surfaces before LLVM codegen; legacy_gap=PIPELINE_GAPS §2.3
UMB-0916,B-36,FrontendReject,crates/scoopc/src/llvm/codegen/main/identity.rs,317,DYNAMIC:kind,P7-A4,frontend spec-uncovered surface reject,resolve rejects async/await and generator/yield placeholder surfaces before LLVM codegen; legacy_gap=PIPELINE_GAPS §2.3
UMB-1176,B-36,FrontendReject,crates/scoopc/src/llvm/codegen/mir_body/mod.rs,212,pass MIR non-Unit empty return,P7-A4,frontend spec-uncovered surface reject,resolve rejects async/await and generator/yield placeholder surfaces before LLVM codegen; legacy_gap=PIPELINE_GAPS §2.3
UMB-1182,B-36,FrontendReject,crates/scoopc/src/llvm/codegen/mir_body/mod.rs,561,DYNAMIC:kind,P7-A4,frontend spec-uncovered surface reject,resolve rejects async/await and generator/yield placeholder surfaces before LLVM codegen; legacy_gap=PIPELINE_GAPS §2.3
UMB-1190,B-36,FrontendReject,crates/scoopc/src/llvm/codegen/mir_body/operand.rs,437,pass MIR local,P7-A4,frontend spec-uncovered surface reject,resolve rejects async/await and generator/yield placeholder surfaces before LLVM codegen; legacy_gap=PIPELINE_GAPS §2.3
UMB-1197,B-36,FrontendReject,crates/scoopc/src/llvm/codegen/mir_body/terminator.rs,171,pass MIR statement todo,P7-A4,frontend spec-uncovered surface reject,resolve rejects async/await and generator/yield placeholder surfaces before LLVM codegen; legacy_gap=PIPELINE_GAPS §2.3
UMB-1213,B-36,FrontendReject,crates/scoopc/src/llvm/codegen/mir_body/transport.rs,148,scoop_alloc_typed value box return value,P7-A4,frontend spec-uncovered surface reject,resolve rejects async/await and generator/yield placeholder surfaces before LLVM codegen; legacy_gap=PIPELINE_GAPS §2.3
UMB-1265,B-36,FrontendReject,crates/scoopc/src/llvm/codegen/stmt.rs,246,statement,P7-A4,frontend spec-uncovered surface reject,resolve rejects async/await and generator/yield placeholder surfaces before LLVM codegen; legacy_gap=PIPELINE_GAPS §2.3
UMB-1270,B-36,FrontendReject,crates/scoopc/src/llvm/codegen/ty.rs,118,DYNAMIC:unsupported_kind,P7-A4,frontend spec-uncovered surface reject,resolve rejects async/await and generator/yield placeholder surfaces before LLVM codegen; legacy_gap=PIPELINE_GAPS §2.3
UMB-1271,B-36,FrontendReject,crates/scoopc/src/llvm/codegen/ty.rs,132,DYNAMIC:unsupported_kind,P7-A4,frontend spec-uncovered surface reject,resolve rejects async/await and generator/yield placeholder surfaces before LLVM codegen; legacy_gap=PIPELINE_GAPS §2.3
UMB-1273,B-36,FrontendReject,crates/scoopc/src/llvm/codegen/ty.rs,524,struct type id,P7-A4,frontend spec-uncovered surface reject,resolve rejects async/await and generator/yield placeholder surfaces before LLVM codegen; legacy_gap=PIPELINE_GAPS §2.3
UMB-1274,B-36,FrontendReject,crates/scoopc/src/llvm/codegen/ty.rs,529,struct type id,P7-A4,frontend spec-uncovered surface reject,resolve rejects async/await and generator/yield placeholder surfaces before LLVM codegen; legacy_gap=PIPELINE_GAPS §2.3
UMB-1275,B-36,FrontendReject,crates/scoopc/src/llvm/codegen/ty.rs,540,struct layout,P7-A4,frontend spec-uncovered surface reject,resolve rejects async/await and generator/yield placeholder surfaces before LLVM codegen; legacy_gap=PIPELINE_GAPS §2.3
UMB-1278,B-36,FrontendReject,crates/scoopc/src/llvm/codegen/ty.rs,737,enum type id,P7-A4,frontend spec-uncovered surface reject,resolve rejects async/await and generator/yield placeholder surfaces before LLVM codegen; legacy_gap=PIPELINE_GAPS §2.3
UMB-1279,B-36,FrontendReject,crates/scoopc/src/llvm/codegen/ty.rs,746,enum type id,P7-A4,frontend spec-uncovered surface reject,resolve rejects async/await and generator/yield placeholder surfaces before LLVM codegen; legacy_gap=PIPELINE_GAPS §2.3
UMB-0020,B-01,InternalBugSentinel,crates/scoopc/src/llvm/codegen/call/lowering.rs,593,builder has no current function,P7-B1,codegen helper invariant migration,LLVM insertion-context fallback migrated to expect_* helper panic; sentinel coverage retired by ledger
UMB-0064,B-01,InternalBugSentinel,crates/scoopc/src/llvm/codegen/class_ctor.rs,170,class ctor call current function,P7-B1,codegen helper invariant migration,LLVM insertion-context fallback migrated to expect_* helper panic; sentinel coverage retired by ledger
UMB-0093,B-01,InternalBugSentinel,crates/scoopc/src/llvm/codegen/closure/mod.rs,108,builder has no insert block,P7-B1,codegen helper invariant migration,LLVM insertion-context fallback migrated to expect_* helper panic; sentinel coverage retired by ledger
UMB-0118,B-01,InternalBugSentinel,crates/scoopc/src/llvm/codegen/control_flow.rs,42,builder has no insert block,P7-B1,codegen helper invariant migration,LLVM insertion-context fallback migrated to expect_* helper panic; sentinel coverage retired by ledger
UMB-0119,B-01,InternalBugSentinel,crates/scoopc/src/llvm/codegen/control_flow.rs,48,builder has no parent function,P7-B1,codegen helper invariant migration,LLVM insertion-context fallback migrated to expect_* helper panic; sentinel coverage retired by ledger
UMB-0123,B-01,InternalBugSentinel,crates/scoopc/src/llvm/codegen/control_flow.rs,170,builder has no insert block,P7-B1,codegen helper invariant migration,LLVM insertion-context fallback migrated to expect_* helper panic; sentinel coverage retired by ledger
UMB-0124,B-01,InternalBugSentinel,crates/scoopc/src/llvm/codegen/control_flow.rs,176,builder has no parent function,P7-B1,codegen helper invariant migration,LLVM insertion-context fallback migrated to expect_* helper panic; sentinel coverage retired by ledger
UMB-0163,B-01,InternalBugSentinel,crates/scoopc/src/llvm/codegen/control_flow.rs,1620,builder has no insert block,P7-B1,codegen helper invariant migration,LLVM insertion-context fallback migrated to expect_* helper panic; sentinel coverage retired by ledger
UMB-0164,B-01,InternalBugSentinel,crates/scoopc/src/llvm/codegen/control_flow.rs,1626,builder has no parent function,P7-B1,codegen helper invariant migration,LLVM insertion-context fallback migrated to expect_* helper panic; sentinel coverage retired by ledger
UMB-0296,B-01,InternalBugSentinel,crates/scoopc/src/llvm/codegen/effect_lowered/value.rs,2792,atomicRefCompareExchange insert block,P7-B1,codegen helper invariant migration,LLVM insertion-context fallback migrated to expect_* helper panic; sentinel coverage retired by ledger
UMB-0297,B-01,InternalBugSentinel,crates/scoopc/src/llvm/codegen/effect_lowered/value.rs,2798,atomicRefCompareExchange parent function,P7-B1,codegen helper invariant migration,LLVM insertion-context fallback migrated to expect_* helper panic; sentinel coverage retired by ledger
UMB-0344,B-01,InternalBugSentinel,crates/scoopc/src/llvm/codegen/effect_lowered/value.rs,3758,GC.pin insert block,P7-B1,codegen helper invariant migration,LLVM insertion-context fallback migrated to expect_* helper panic; sentinel coverage retired by ledger
UMB-0345,B-01,InternalBugSentinel,crates/scoopc/src/llvm/codegen/effect_lowered/value.rs,3764,GC.pin parent function,P7-B1,codegen helper invariant migration,LLVM insertion-context fallback migrated to expect_* helper panic; sentinel coverage retired by ledger
UMB-0352,B-01,InternalBugSentinel,crates/scoopc/src/llvm/codegen/effect_lowered/value.rs,3877,GC.unpin insert block,P7-B1,codegen helper invariant migration,LLVM insertion-context fallback migrated to expect_* helper panic; sentinel coverage retired by ledger
UMB-0353,B-01,InternalBugSentinel,crates/scoopc/src/llvm/codegen/effect_lowered/value.rs,3883,GC.unpin parent function,P7-B1,codegen helper invariant migration,LLVM insertion-context fallback migrated to expect_* helper panic; sentinel coverage retired by ledger
UMB-0433,B-01,InternalBugSentinel,crates/scoopc/src/llvm/codegen/gc.rs,182,builder has no insert block,P7-B1,codegen helper invariant migration,LLVM insertion-context fallback migrated to expect_* helper panic; sentinel coverage retired by ledger
UMB-0434,B-01,InternalBugSentinel,crates/scoopc/src/llvm/codegen/gc.rs,188,builder has no parent function,P7-B1,codegen helper invariant migration,LLVM insertion-context fallback migrated to expect_* helper panic; sentinel coverage retired by ledger
UMB-0444,B-01,InternalBugSentinel,crates/scoopc/src/llvm/codegen/gc.rs,306,builder has no insert block,P7-B1,codegen helper invariant migration,LLVM insertion-context fallback migrated to expect_* helper panic; sentinel coverage retired by ledger
UMB-0445,B-01,InternalBugSentinel,crates/scoopc/src/llvm/codegen/gc.rs,312,builder has no parent function,P7-B1,codegen helper invariant migration,LLVM insertion-context fallback migrated to expect_* helper panic; sentinel coverage retired by ledger
UMB-0456,B-01,InternalBugSentinel,crates/scoopc/src/llvm/codegen/gc.rs,454,builder has no insert block,P7-B1,codegen helper invariant migration,LLVM insertion-context fallback migrated to expect_* helper panic; sentinel coverage retired by ledger
UMB-0457,B-01,InternalBugSentinel,crates/scoopc/src/llvm/codegen/gc.rs,460,builder has no parent function,P7-B1,codegen helper invariant migration,LLVM insertion-context fallback migrated to expect_* helper panic; sentinel coverage retired by ledger
UMB-0468,B-01,InternalBugSentinel,crates/scoopc/src/llvm/codegen/gc.rs,591,builder has no insert block,P7-B1,codegen helper invariant migration,LLVM insertion-context fallback migrated to expect_* helper panic; sentinel coverage retired by ledger
UMB-0469,B-01,InternalBugSentinel,crates/scoopc/src/llvm/codegen/gc.rs,597,builder has no parent function,P7-B1,codegen helper invariant migration,LLVM insertion-context fallback migrated to expect_* helper panic; sentinel coverage retired by ledger
UMB-0479,B-01,InternalBugSentinel,crates/scoopc/src/llvm/codegen/gc.rs,716,builder has no insert block,P7-B1,codegen helper invariant migration,LLVM insertion-context fallback migrated to expect_* helper panic; sentinel coverage retired by ledger
UMB-0480,B-01,InternalBugSentinel,crates/scoopc/src/llvm/codegen/gc.rs,722,builder has no parent function,P7-B1,codegen helper invariant migration,LLVM insertion-context fallback migrated to expect_* helper panic; sentinel coverage retired by ledger
UMB-0541,B-01,InternalBugSentinel,crates/scoopc/src/llvm/codegen/intrinsics/atomic.rs,649,atomicRefCompareExchange insert block,P7-B1,codegen helper invariant migration,LLVM insertion-context fallback migrated to expect_* helper panic; sentinel coverage retired by ledger
UMB-0542,B-01,InternalBugSentinel,crates/scoopc/src/llvm/codegen/intrinsics/atomic.rs,655,atomicRefCompareExchange parent function,P7-B1,codegen helper invariant migration,LLVM insertion-context fallback migrated to expect_* helper panic; sentinel coverage retired by ledger
UMB-0607,B-01,InternalBugSentinel,crates/scoopc/src/llvm/codegen/intrinsics/named.rs,1193,named intrinsic array_get parent function,P7-B1,codegen helper invariant migration,LLVM insertion-context fallback migrated to expect_* helper panic; sentinel coverage retired by ledger
UMB-0609,B-01,InternalBugSentinel,crates/scoopc/src/llvm/codegen/intrinsics/named.rs,1296,named intrinsic array_set parent function,P7-B1,codegen helper invariant migration,LLVM insertion-context fallback migrated to expect_* helper panic; sentinel coverage retired by ledger
UMB-0762,B-01,InternalBugSentinel,crates/scoopc/src/llvm/codegen/main/alloca.rs,97,builder has no insert block,P7-B1,codegen helper invariant migration,LLVM insertion-context fallback migrated to expect_* helper panic; sentinel coverage retired by ledger
UMB-0763,B-01,InternalBugSentinel,crates/scoopc/src/llvm/codegen/main/alloca.rs,103,builder has no parent function,P7-B1,codegen helper invariant migration,LLVM insertion-context fallback migrated to expect_* helper panic; sentinel coverage retired by ledger
UMB-0764,B-01,InternalBugSentinel,crates/scoopc/src/llvm/codegen/main/alloca.rs,109,function has no entry block,P7-B1,codegen helper invariant migration,LLVM insertion-context fallback migrated to expect_* helper panic; sentinel coverage retired by ledger
UMB-0765,B-01,InternalBugSentinel,crates/scoopc/src/llvm/codegen/main/alloca.rs,134,builder has no insert block,P7-B1,codegen helper invariant migration,LLVM insertion-context fallback migrated to expect_* helper panic; sentinel coverage retired by ledger
UMB-0766,B-01,InternalBugSentinel,crates/scoopc/src/llvm/codegen/main/alloca.rs,140,builder has no parent function,P7-B1,codegen helper invariant migration,LLVM insertion-context fallback migrated to expect_* helper panic; sentinel coverage retired by ledger
UMB-0767,B-01,InternalBugSentinel,crates/scoopc/src/llvm/codegen/main/alloca.rs,146,function has no entry block,P7-B1,codegen helper invariant migration,LLVM insertion-context fallback migrated to expect_* helper panic; sentinel coverage retired by ledger
UMB-0838,B-01,InternalBugSentinel,crates/scoopc/src/llvm/codegen/main/expr_op.rs,169,builder has no insert block,P7-B1,codegen helper invariant migration,LLVM insertion-context fallback migrated to expect_* helper panic; sentinel coverage retired by ledger
UMB-0839,B-01,InternalBugSentinel,crates/scoopc/src/llvm/codegen/main/expr_op.rs,175,builder has no parent function,P7-B1,codegen helper invariant migration,LLVM insertion-context fallback migrated to expect_* helper panic; sentinel coverage retired by ledger
UMB-0840,B-01,InternalBugSentinel,crates/scoopc/src/llvm/codegen/main/expr_op.rs,204,builder has no insert block,P7-B1,codegen helper invariant migration,LLVM insertion-context fallback migrated to expect_* helper panic; sentinel coverage retired by ledger
UMB-0848,B-01,InternalBugSentinel,crates/scoopc/src/llvm/codegen/main/expr_op.rs,296,builder has no insert block,P7-B1,codegen helper invariant migration,LLVM insertion-context fallback migrated to expect_* helper panic; sentinel coverage retired by ledger
UMB-0849,B-01,InternalBugSentinel,crates/scoopc/src/llvm/codegen/main/expr_op.rs,302,builder has no parent function,P7-B1,codegen helper invariant migration,LLVM insertion-context fallback migrated to expect_* helper panic; sentinel coverage retired by ledger
UMB-0852,B-01,InternalBugSentinel,crates/scoopc/src/llvm/codegen/main/expr_op.rs,376,builder has no insert block,P7-B1,codegen helper invariant migration,LLVM insertion-context fallback migrated to expect_* helper panic; sentinel coverage retired by ledger
UMB-0853,B-01,InternalBugSentinel,crates/scoopc/src/llvm/codegen/main/expr_op.rs,382,builder has no parent function,P7-B1,codegen helper invariant migration,LLVM insertion-context fallback migrated to expect_* helper panic; sentinel coverage retired by ledger
UMB-0854,B-01,InternalBugSentinel,crates/scoopc/src/llvm/codegen/main/expr_op.rs,403,builder has no insert block,P7-B1,codegen helper invariant migration,LLVM insertion-context fallback migrated to expect_* helper panic; sentinel coverage retired by ledger
UMB-0857,B-01,InternalBugSentinel,crates/scoopc/src/llvm/codegen/main/expr_op.rs,504,builder has no insert block,P7-B1,codegen helper invariant migration,LLVM insertion-context fallback migrated to expect_* helper panic; sentinel coverage retired by ledger
UMB-0858,B-01,InternalBugSentinel,crates/scoopc/src/llvm/codegen/main/expr_op.rs,510,builder has no parent function,P7-B1,codegen helper invariant migration,LLVM insertion-context fallback migrated to expect_* helper panic; sentinel coverage retired by ledger
UMB-0878,B-01,InternalBugSentinel,crates/scoopc/src/llvm/codegen/main/frame.rs,186,function has no entry block,P7-B1,codegen helper invariant migration,LLVM insertion-context fallback migrated to expect_* helper panic; sentinel coverage retired by ledger
UMB-0880,B-01,InternalBugSentinel,crates/scoopc/src/llvm/codegen/main/frame.rs,355,explicit root frame entry block,P7-B1,codegen helper invariant migration,LLVM insertion-context fallback migrated to expect_* helper panic; sentinel coverage retired by ledger
UMB-0888,B-01,InternalBugSentinel,crates/scoopc/src/llvm/codegen/main/frame.rs,851,explicit root frame entry block,P7-B1,codegen helper invariant migration,LLVM insertion-context fallback migrated to expect_* helper panic; sentinel coverage retired by ledger
UMB-0889,B-01,InternalBugSentinel,crates/scoopc/src/llvm/codegen/main/frame.rs,933,explicit root frame parent function,P7-B1,codegen helper invariant migration,LLVM insertion-context fallback migrated to expect_* helper panic; sentinel coverage retired by ledger
UMB-0925,B-01,InternalBugSentinel,crates/scoopc/src/llvm/codegen/main/immut_value.rs,114,builder has no insert block,P7-B1,codegen helper invariant migration,LLVM insertion-context fallback migrated to expect_* helper panic; sentinel coverage retired by ledger
UMB-0926,B-01,InternalBugSentinel,crates/scoopc/src/llvm/codegen/main/immut_value.rs,120,builder has no parent function,P7-B1,codegen helper invariant migration,LLVM insertion-context fallback migrated to expect_* helper panic; sentinel coverage retired by ledger
UMB-0943,B-01,InternalBugSentinel,crates/scoopc/src/llvm/codegen/main/numeric.rs,52,builder has no insert block,P7-B1,codegen helper invariant migration,LLVM insertion-context fallback migrated to expect_* helper panic; sentinel coverage retired by ledger
UMB-0944,B-01,InternalBugSentinel,crates/scoopc/src/llvm/codegen/main/numeric.rs,58,builder has no parent function,P7-B1,codegen helper invariant migration,LLVM insertion-context fallback migrated to expect_* helper panic; sentinel coverage retired by ledger
UMB-0985,B-01,InternalBugSentinel,crates/scoopc/src/llvm/codegen/mir_body/args.rs,170,class ctor current function,P7-B1,codegen helper invariant migration,LLVM insertion-context fallback migrated to expect_* helper panic; sentinel coverage retired by ledger
UMB-1025,B-01,InternalBugSentinel,crates/scoopc/src/llvm/codegen/mir_body/callable_lookup.rs,156,builder has no insert block,P7-B1,codegen helper invariant migration,LLVM insertion-context fallback migrated to expect_* helper panic; sentinel coverage retired by ledger
UMB-1065,B-01,InternalBugSentinel,crates/scoopc/src/llvm/codegen/mir_body/cast.rs,309,builder has no insert block,P7-B1,codegen helper invariant migration,LLVM insertion-context fallback migrated to expect_* helper panic; sentinel coverage retired by ledger
UMB-1066,B-01,InternalBugSentinel,crates/scoopc/src/llvm/codegen/mir_body/cast.rs,315,builder has no parent function,P7-B1,codegen helper invariant migration,LLVM insertion-context fallback migrated to expect_* helper panic; sentinel coverage retired by ledger
UMB-1067,B-01,InternalBugSentinel,crates/scoopc/src/llvm/codegen/mir_body/cast.rs,342,builder has no insert block,P7-B1,codegen helper invariant migration,LLVM insertion-context fallback migrated to expect_* helper panic; sentinel coverage retired by ledger
UMB-1068,B-01,InternalBugSentinel,crates/scoopc/src/llvm/codegen/mir_body/cast.rs,377,builder has no insert block,P7-B1,codegen helper invariant migration,LLVM insertion-context fallback migrated to expect_* helper panic; sentinel coverage retired by ledger
UMB-1069,B-01,InternalBugSentinel,crates/scoopc/src/llvm/codegen/mir_body/cast.rs,383,builder has no parent function,P7-B1,codegen helper invariant migration,LLVM insertion-context fallback migrated to expect_* helper panic; sentinel coverage retired by ledger
UMB-1101,B-01,InternalBugSentinel,crates/scoopc/src/llvm/codegen/mir_body/const_pat.rs,445,builder has no insert block,P7-B1,codegen helper invariant migration,LLVM insertion-context fallback migrated to expect_* helper panic; sentinel coverage retired by ledger
UMB-1102,B-01,InternalBugSentinel,crates/scoopc/src/llvm/codegen/mir_body/const_pat.rs,451,builder has no parent function,P7-B1,codegen helper invariant migration,LLVM insertion-context fallback migrated to expect_* helper panic; sentinel coverage retired by ledger
UMB-1155,B-01,InternalBugSentinel,crates/scoopc/src/llvm/codegen/mir_body/member.rs,461,builder has no insert block,P7-B1,codegen helper invariant migration,LLVM insertion-context fallback migrated to expect_* helper panic; sentinel coverage retired by ledger
UMB-1156,B-01,InternalBugSentinel,crates/scoopc/src/llvm/codegen/mir_body/member.rs,467,builder has no parent function,P7-B1,codegen helper invariant migration,LLVM insertion-context fallback migrated to expect_* helper panic; sentinel coverage retired by ledger
UMB-1165,B-01,InternalBugSentinel,crates/scoopc/src/llvm/codegen/mir_body/member.rs,596,builder has no insert block,P7-B1,codegen helper invariant migration,LLVM insertion-context fallback migrated to expect_* helper panic; sentinel coverage retired by ledger
UMB-1166,B-01,InternalBugSentinel,crates/scoopc/src/llvm/codegen/mir_body/member.rs,602,builder has no parent function,P7-B1,codegen helper invariant migration,LLVM insertion-context fallback migrated to expect_* helper panic; sentinel coverage retired by ledger
UMB-1174,B-01,InternalBugSentinel,crates/scoopc/src/llvm/codegen/mir_body/member.rs,707,builder has no insert block,P7-B1,codegen helper invariant migration,LLVM insertion-context fallback migrated to expect_* helper panic; sentinel coverage retired by ledger
UMB-1175,B-01,InternalBugSentinel,crates/scoopc/src/llvm/codegen/mir_body/member.rs,713,builder has no parent function,P7-B1,codegen helper invariant migration,LLVM insertion-context fallback migrated to expect_* helper panic; sentinel coverage retired by ledger
UMB-1266,B-01,InternalBugSentinel,crates/scoopc/src/llvm/codegen/stmt.rs,267,builder has no insert block,P7-B1,codegen helper invariant migration,LLVM insertion-context fallback migrated to expect_* helper panic; sentinel coverage retired by ledger
UMB-1267,B-01,InternalBugSentinel,crates/scoopc/src/llvm/codegen/stmt.rs,273,builder has no parent function,P7-B1,codegen helper invariant migration,LLVM insertion-context fallback migrated to expect_* helper panic; sentinel coverage retired by ledger
UMB-1269,B-01,InternalBugSentinel,crates/scoopc/src/llvm/codegen/stmt.rs,309,builder has no insert block,P7-B1,codegen helper invariant migration,LLVM insertion-context fallback migrated to expect_* helper panic; sentinel coverage retired by ledger
UMB-0001,B-04,InternalBugSentinel,crates/scoopc/src/llvm/codegen/call/abi.rs,42,function param type,P7-B2.1,function signature contract verifier migration,MIR signature verifier now owns param type completeness; codegen fallback replaced by internal invariant
UMB-0002,B-04,InternalBugSentinel,crates/scoopc/src/llvm/codegen/call/abi.rs,67,function param type,P7-B2.1,function signature contract verifier migration,MIR signature verifier now owns param type completeness; codegen fallback replaced by internal invariant
UMB-0003,B-04,InternalBugSentinel,crates/scoopc/src/llvm/codegen/call/abi.rs,123,function param type,P7-B2.1,function signature contract verifier migration,MIR signature verifier now owns param type completeness; codegen fallback replaced by internal invariant
UMB-0004,B-04,InternalBugSentinel,crates/scoopc/src/llvm/codegen/call/abi.rs,149,function return type,P7-B2.1,function signature contract verifier migration,MIR signature verifier now owns return type completeness; codegen fallback replaced by internal invariant
UMB-0098,B-04,InternalBugSentinel,crates/scoopc/src/llvm/codegen/closure/mod.rs,263,scoop_alloc_typed return type,P7-B2.1,function signature contract verifier migration,runtime allocation helper signature is fixed; codegen fallback replaced by pointer invariant
UMB-0102,B-04,InternalBugSentinel,crates/scoopc/src/llvm/codegen/closure/mod.rs,351,scoop_alloc_typed return type,P7-B2.1,function signature contract verifier migration,runtime allocation helper signature is fixed; codegen fallback replaced by pointer invariant
UMB-0770,B-04,InternalBugSentinel,crates/scoopc/src/llvm/codegen/main/boxing.rs,42,scoop_alloc_typed return type,P7-B2.1,function signature contract verifier migration,runtime allocation helper signature is fixed; codegen fallback replaced by pointer invariant
UMB-0772,B-04,InternalBugSentinel,crates/scoopc/src/llvm/codegen/main/boxing.rs,108,scoop_alloc_typed return type,P7-B2.1,function signature contract verifier migration,runtime allocation helper signature is fixed; codegen fallback replaced by pointer invariant
UMB-0774,B-04,InternalBugSentinel,crates/scoopc/src/llvm/codegen/main/boxing.rs,160,scoop_alloc_typed enum box return type,P7-B2.1,function signature contract verifier migration,runtime allocation helper signature is fixed; codegen fallback replaced by pointer invariant
UMB-0822,B-04,InternalBugSentinel,crates/scoopc/src/llvm/codegen/main/declare.rs,67,function return type,P7-B2.1,function signature contract verifier migration,MIR signature verifier now owns return type completeness; codegen fallback replaced by internal invariant
UMB-0823,B-04,InternalBugSentinel,crates/scoopc/src/llvm/codegen/main/declare.rs,201,function return type,P7-B2.1,function signature contract verifier migration,MIR signature verifier now owns return type completeness; codegen fallback replaced by internal invariant
UMB-0824,B-04,InternalBugSentinel,crates/scoopc/src/llvm/codegen/main/declare.rs,207,function param type,P7-B2.1,function signature contract verifier migration,MIR signature verifier now owns param arity completeness; codegen fallback replaced by internal invariant
UMB-0825,B-04,InternalBugSentinel,crates/scoopc/src/llvm/codegen/main/declare.rs,332,function return type,P7-B2.1,function signature contract verifier migration,MIR signature verifier now owns return type completeness; codegen fallback replaced by internal invariant
UMB-0826,B-04,InternalBugSentinel,crates/scoopc/src/llvm/codegen/main/declare.rs,463,function return type,P7-B2.1,function signature contract verifier migration,MIR signature verifier now owns return type completeness; codegen fallback replaced by internal invariant
UMB-0859,B-02,InternalBugSentinel,crates/scoopc/src/llvm/codegen/main/expr_value.rs,17,unknown local value,P7-B2.1,MIR local type contract verifier migration,MIR verifier now rejects invalid local references before LLVM lowering; codegen fallback replaced by internal invariant
UMB-0890,B-04,InternalBugSentinel,crates/scoopc/src/llvm/codegen/main/function.rs,61,return alloca,P7-B2.1,function signature contract verifier migration,function return context now owns non-unit return slot invariant; codegen fallback replaced by internal invariant
UMB-0891,B-04,InternalBugSentinel,crates/scoopc/src/llvm/codegen/main/function.rs,166,function return type,P7-B2.1,function signature contract verifier migration,MIR signature verifier now owns return type completeness; codegen fallback replaced by internal invariant
UMB-0892,B-04,InternalBugSentinel,crates/scoopc/src/llvm/codegen/main/function.rs,182,missing llvm function sret param,P7-B2.1,function signature contract verifier migration,function declaration now owns sret ABI shape; codegen fallback replaced by internal invariant
UMB-0899,B-02,InternalBugSentinel,crates/scoopc/src/llvm/codegen/main/gc_locals.rs,103,local slot gep source type,P7-B2.1,MIR local type contract verifier migration,local slot rematerialization now treats GEP source type as LLVM invariant after MIR local contract
UMB-0921,B-02,InternalBugSentinel,crates/scoopc/src/llvm/codegen/main/immut_value.rs,39,val without initializer,P7-B2.1,MIR local type contract verifier migration,typed HIR initializer contract now owns val initializer presence before LLVM lowering
UMB-0939,B-04,InternalBugSentinel,crates/scoopc/src/llvm/codegen/main/literal.rs,35,"DYNAMIC:if self.function_cx.current_sret_return_ptr.is_some() { ""sret return value"" } else { ""return value"" }",P7-B2.1,function signature contract verifier migration,MIR return contract now owns non-unit return value presence; codegen fallback replaced by internal invariant
UMB-0942,B-04,InternalBugSentinel,crates/scoopc/src/llvm/codegen/main/literal.rs,168,scoop_alloc_typed return type,P7-B2.1,function signature contract verifier migration,runtime allocation helper signature is fixed; codegen fallback replaced by pointer invariant
UMB-0980,B-04,InternalBugSentinel,crates/scoopc/src/llvm/codegen/mir_body/args.rs,17,DYNAMIC:kind,P7-B2.1,function signature contract verifier migration,MIR class constructor argument contract now owns arity before LLVM lowering
UMB-0981,B-04,InternalBugSentinel,crates/scoopc/src/llvm/codegen/mir_body/args.rs,26,DYNAMIC:kind,P7-B2.1,function signature contract verifier migration,MIR class constructor argument contract now owns positional argument shape before LLVM lowering
UMB-0983,B-04,InternalBugSentinel,crates/scoopc/src/llvm/codegen/mir_body/args.rs,95,scoop_alloc_typed return value,P7-B2.1,function signature contract verifier migration,runtime allocation helper signature is fixed; codegen fallback replaced by basic-value invariant
UMB-0984,B-04,InternalBugSentinel,crates/scoopc/src/llvm/codegen/mir_body/args.rs,100,scoop_alloc_typed return type,P7-B2.1,function signature contract verifier migration,runtime allocation helper signature is fixed; codegen fallback replaced by pointer invariant
UMB-0994,B-04,InternalBugSentinel,crates/scoopc/src/llvm/codegen/mir_body/args.rs,421,pass MIR plain param type,P7-B2.1,function signature contract verifier migration,MIR materialize verifier now owns plain parameter type completeness; codegen fallback replaced by internal invariant
UMB-1112,B-04,InternalBugSentinel,crates/scoopc/src/llvm/codegen/mir_body/dispatch.rs,166,static interface dispatch return type,P7-B2.1,function signature contract verifier migration,MIR signature verifier now owns dispatch return type completeness; codegen fallback replaced by internal invariant
UMB-1119,B-04,InternalBugSentinel,crates/scoopc/src/llvm/codegen/mir_body/dispatch.rs,386,plain dispatch return type,P7-B2.1,function signature contract verifier migration,MIR signature verifier now owns dispatch return type completeness; codegen fallback replaced by internal invariant
UMB-1191,B-02,InternalBugSentinel,crates/scoopc/src/llvm/codegen/mir_body/string.rs,15,MIR unresolved name source type,P7-B2.1,MIR local type contract verifier migration,MIR materialize verifier now owns unresolved-name source type completeness; codegen fallback replaced by internal invariant
UMB-1192,B-04,InternalBugSentinel,crates/scoopc/src/llvm/codegen/mir_body/terminator.rs,33,pass MIR param arity,P7-B2.1,function signature contract verifier migration,MIR signature verifier now owns parameter arity before LLVM lowering; codegen fallback replaced by internal invariant
UMB-1194,B-04,InternalBugSentinel,crates/scoopc/src/llvm/codegen/mir_body/terminator.rs,44,pass MIR param type,P7-B2.1,function signature contract verifier migration,MIR signature verifier now owns parameter type completeness; codegen fallback replaced by internal invariant
UMB-1214,B-04,InternalBugSentinel,crates/scoopc/src/llvm/codegen/mir_body/transport.rs,153,scoop_alloc_typed value box return type,P7-B2.1,function signature contract verifier migration,runtime allocation helper signature is fixed; codegen fallback replaced by pointer invariant
UMB-1221,B-02,InternalBugSentinel,crates/scoopc/src/llvm/codegen/mir_body/types.rs,44,pass MIR local member field type drift,P7-B2.1,MIR local type contract verifier migration,MIR verifier now owns member source/local type consistency before LLVM lowering; codegen fallback replaced by internal invariant
UMB-1222,B-02,InternalBugSentinel,crates/scoopc/src/llvm/codegen/mir_body/types.rs,74,pass MIR local type,P7-B2.1,MIR local type contract verifier migration,MIR verifier now owns local type completeness before LLVM lowering; codegen fallback replaced by internal invariant
UMB-0116,B-05,InternalBugSentinel,crates/scoopc/src/llvm/codegen/control_flow.rs,25,if output type,P7-B2.2,MIR CFG contract verifier migration,typecheck and MIR handoff now own if output lowering invariants before LLVM codegen; legacy_gap=PIPELINE_GAPS §3.6
UMB-0117,B-05,InternalBugSentinel,crates/scoopc/src/llvm/codegen/control_flow.rs,34,if condition value,P7-B2.2,MIR CFG contract verifier migration,typecheck and MIR branch condition verifier now own Bool conditions before LLVM codegen
UMB-0120,B-05,InternalBugSentinel,crates/scoopc/src/llvm/codegen/control_flow.rs,129,if result slot,P7-B2.2,MIR CFG contract verifier migration,if result storage is now an internal codegen construction invariant
UMB-0190,B-05,InternalBugSentinel,crates/scoopc/src/llvm/codegen/control_flow.rs,2338,`return` inside block expression,P7-B2.2,MIR CFG contract verifier migration,typecheck return-context gate keeps illegal return paths out of LLVM codegen
UMB-0193,B-05,InternalBugSentinel,crates/scoopc/src/llvm/codegen/control_flow.rs,2370,statement inside block expression,P7-B2.2,MIR CFG contract verifier migration,MIR direct-style verifier keeps Todo statements out of LLVM codegen
UMB-1110,B-05,InternalBugSentinel,crates/scoopc/src/llvm/codegen/mir_body/dispatch.rs,150,static interface dispatch arity mismatch,P7-B2.2,MIR CFG contract verifier migration,MIR dispatch ABI contract now owns selected target arity before LLVM codegen
UMB-1114,B-05,InternalBugSentinel,crates/scoopc/src/llvm/codegen/mir_body/dispatch.rs,266,static interface direct result storage,P7-B2.2,MIR CFG contract verifier migration,dispatch direct-result storage is now an internal codegen construction invariant
UMB-1115,B-05,InternalBugSentinel,crates/scoopc/src/llvm/codegen/mir_body/dispatch.rs,289,plain dispatch arity mismatch,P7-B2.2,MIR CFG contract verifier migration,MIR dispatch ABI contract now owns selected target arity before LLVM codegen
UMB-1117,B-05,InternalBugSentinel,crates/scoopc/src/llvm/codegen/mir_body/dispatch.rs,325,plain interface owner fqn,P7-B2.2,MIR CFG contract verifier migration,MIR dispatch metadata now owns canonical interface member identity before LLVM codegen
UMB-1121,B-05,InternalBugSentinel,crates/scoopc/src/llvm/codegen/mir_body/dispatch.rs,497,plain dispatch deferred return value,P7-B2.2,MIR CFG contract verifier migration,dispatch direct-result deferral is now an internal codegen construction invariant
UMB-1122,B-05,InternalBugSentinel,crates/scoopc/src/llvm/codegen/mir_body/dispatch.rs,546,DYNAMIC:kind,P7-B2.2,MIR CFG contract verifier migration,MIR class constructor argument contract now owns arity and positional shape before LLVM codegen
UMB-1125,B-05,InternalBugSentinel,crates/scoopc/src/llvm/codegen/mir_body/dispatch.rs,574,DYNAMIC:kind,P7-B2.2,MIR CFG contract verifier migration,MIR class constructor argument contract now owns selected constructor arity before LLVM codegen
UMB-1193,B-05,InternalBugSentinel,crates/scoopc/src/llvm/codegen/mir_body/terminator.rs,38,pass MIR param local,P7-B2.2,MIR CFG contract verifier migration,MIR signature verifier now owns parameter local bounds before LLVM codegen
UMB-1195,B-05,InternalBugSentinel,crates/scoopc/src/llvm/codegen/mir_body/terminator.rs,53,missing pass MIR llvm param,P7-B2.2,MIR CFG contract verifier migration,MIR signature and ABI declaration now own lowered LLVM parameter shape before binding
UMB-1196,B-05,InternalBugSentinel,crates/scoopc/src/llvm/codegen/mir_body/terminator.rs,85,pass MIR param local,P7-B2.2,MIR CFG contract verifier migration,MIR materialized signature verifier now owns parameter local bounds before LLVM codegen
UMB-1198,B-05,InternalBugSentinel,crates/scoopc/src/llvm/codegen/mir_body/terminator.rs,217,pass MIR goto target,P7-B2.2,MIR CFG contract verifier migration,MIR validate_cfg now owns goto target bounds before LLVM codegen
UMB-1199,B-05,InternalBugSentinel,crates/scoopc/src/llvm/codegen/mir_body/terminator.rs,233,pass MIR branch condition,P7-B2.2,MIR CFG contract verifier migration,MIR production and materialized verifiers now require Bool CondBr operands before LLVM codegen
UMB-1200,B-05,InternalBugSentinel,crates/scoopc/src/llvm/codegen/mir_body/terminator.rs,240,pass MIR then target,P7-B2.2,MIR CFG contract verifier migration,MIR validate_cfg now owns then-target bounds before LLVM codegen
UMB-1201,B-05,InternalBugSentinel,crates/scoopc/src/llvm/codegen/mir_body/terminator.rs,247,pass MIR else target,P7-B2.2,MIR CFG contract verifier migration,MIR validate_cfg now owns else-target bounds before LLVM codegen
UMB-1202,B-05,InternalBugSentinel,crates/scoopc/src/llvm/codegen/mir_body/terminator.rs,367,interpolated string after HIR desugar,P7-B2.2,MIR CFG contract verifier migration,MIR production verifier now rejects residual interpolated-string rvalues before LLVM codegen
UMB-1204,B-05,InternalBugSentinel,crates/scoopc/src/llvm/codegen/mir_body/terminator.rs,447,pass MIR rvalue,P7-B2.2,MIR CFG contract verifier migration,MIR production and materialized verifiers now reject Todo rvalues before LLVM codegen
UMB-1205,B-05,InternalBugSentinel,crates/scoopc/src/llvm/codegen/mir_body/terminator.rs,523,interpolated string after HIR desugar,P7-B2.2,MIR CFG contract verifier migration,MIR materialized verifier now rejects residual interpolated-string rvalues before LLVM codegen
UMB-1206,B-05,InternalBugSentinel,crates/scoopc/src/llvm/codegen/mir_body/terminator.rs,559,value primitive call requires published ABI,P7-B2.2,MIR CFG contract verifier migration,MIR value primitive routing must publish call ABI before effect-neutral codegen
UMB-1208,B-05,InternalBugSentinel,crates/scoopc/src/llvm/codegen/mir_body/terminator.rs,567,value primitive class construction requires published ABI,P7-B2.2,MIR CFG contract verifier migration,MIR value primitive routing must publish class constructor ABI before effect-neutral codegen
UMB-1210,B-05,InternalBugSentinel,crates/scoopc/src/llvm/codegen/mir_body/terminator.rs,578,value primitive rvalue,P7-B2.2,MIR CFG contract verifier migration,MIR value primitive routing and verifier now keep Todo rvalues out of effect-neutral codegen
UMB-0010,B-06,InternalBugSentinel,crates/scoopc/src/llvm/codegen/call/abi.rs,553,indirect aggregate call arg spill,P7-B2.3,aggregate/pattern/field schema verifier migration,aggregate call-argument spill is now an internal ABI invariant after MIR aggregate transport verification
UMB-0145,B-06,InternalBugSentinel,crates/scoopc/src/llvm/codegen/control_flow.rs,900,tuple type id,P7-B2.3,aggregate/pattern/field schema verifier migration,typecheck/MIR tuple pattern schema now owns tuple type identity before LLVM lowering
UMB-0174,B-06,InternalBugSentinel,crates/scoopc/src/llvm/codegen/control_flow.rs,1956,tuple type id,P7-B2.3,aggregate/pattern/field schema verifier migration,typecheck/MIR tuple pattern schema now owns tuple type identity before LLVM lowering
UMB-0185,B-06,InternalBugSentinel,crates/scoopc/src/llvm/codegen/control_flow.rs,2140,tuple type id,P7-B2.3,aggregate/pattern/field schema verifier migration,typecheck/MIR tuple pattern schema now owns tuple type identity before LLVM lowering
UMB-0752,B-06,InternalBugSentinel,crates/scoopc/src/llvm/codegen/layout.rs,303,tuple type id,P7-B2.3,aggregate/pattern/field schema verifier migration,tuple element lookup now relies on verifier-checked tuple TypeIds
UMB-0753,B-06,InternalBugSentinel,crates/scoopc/src/llvm/codegen/layout.rs,309,tuple type id,P7-B2.3,aggregate/pattern/field schema verifier migration,tuple element lookup now relies on verifier-checked tuple schemas
UMB-0754,B-06,InternalBugSentinel,crates/scoopc/src/llvm/codegen/layout.rs,319,tuple element out of bounds,P7-B2.3,aggregate/pattern/field schema verifier migration,tuple element bounds are now owned by tuple schema verification
UMB-0755,B-06,InternalBugSentinel,crates/scoopc/src/llvm/codegen/layout.rs,325,tuple element type,P7-B2.3,aggregate/pattern/field schema verifier migration,tuple element codegen type is now an internal invariant after schema verification
UMB-0860,B-06,InternalBugSentinel,crates/scoopc/src/llvm/codegen/main/expr_value.rs,133,struct literal type,P7-B2.3,aggregate/pattern/field schema verifier migration,typecheck and MIR aggregate verifier now own struct literal target type
UMB-0861,B-06,InternalBugSentinel,crates/scoopc/src/llvm/codegen/main/expr_value.rs,140,struct literal type,P7-B2.3,aggregate/pattern/field schema verifier migration,struct literal nominal schema is now an internal invariant after typecheck
UMB-0862,B-06,InternalBugSentinel,crates/scoopc/src/llvm/codegen/main/expr_value.rs,150,struct literal layout,P7-B2.3,aggregate/pattern/field schema verifier migration,struct layout publication is now required before LLVM struct literal lowering
UMB-0864,B-21,InternalBugSentinel,crates/scoopc/src/llvm/codegen/main/expr_value.rs,213,struct field value,P7-B2.3,aggregate/pattern/field schema verifier migration,struct field value materialization is now an internal invariant after aggregate schema verification
UMB-0865,B-06,InternalBugSentinel,crates/scoopc/src/llvm/codegen/main/expr_value.rs,236,tuple literal type,P7-B2.3,aggregate/pattern/field schema verifier migration,tuple literal target type is now owned by typecheck/MIR schema verification
UMB-0866,B-06,InternalBugSentinel,crates/scoopc/src/llvm/codegen/main/expr_value.rs,243,tuple literal type,P7-B2.3,aggregate/pattern/field schema verifier migration,tuple literal schema is now verified before LLVM lowering
UMB-0867,B-06,InternalBugSentinel,crates/scoopc/src/llvm/codegen/main/expr_value.rs,250,tuple literal arity mismatch,P7-B2.3,aggregate/pattern/field schema verifier migration,tuple literal arity is now verified before LLVM lowering
UMB-0868,B-06,InternalBugSentinel,crates/scoopc/src/llvm/codegen/main/expr_value.rs,263,tuple element type,P7-B2.3,aggregate/pattern/field schema verifier migration,tuple element type completeness is now verified before LLVM lowering
UMB-0869,B-06,InternalBugSentinel,crates/scoopc/src/llvm/codegen/main/expr_value.rs,292,tuple element value,P7-B2.3,aggregate/pattern/field schema verifier migration,tuple element value materialization is now an internal invariant after schema verification
UMB-0883,B-06,InternalBugSentinel,crates/scoopc/src/llvm/codegen/main/frame.rs,506,aggregate explicit frame rebuild slot,P7-B2.3,aggregate/pattern/field schema verifier migration,explicit-frame aggregate rebuild slot count is now an internal storage invariant
UMB-0884,B-06,InternalBugSentinel,crates/scoopc/src/llvm/codegen/main/frame.rs,657,aggregate explicit frame rebuild arity,P7-B2.3,aggregate/pattern/field schema verifier migration,explicit-frame aggregate rebuild arity is now an internal storage invariant
UMB-0949,B-06,InternalBugSentinel,crates/scoopc/src/llvm/codegen/mir_body/aggregates.rs,18,pass MIR tuple target type,P7-B2.3,aggregate/pattern/field schema verifier migration,MIR aggregate verifier now owns tuple target type before LLVM lowering
UMB-0950,B-06,InternalBugSentinel,crates/scoopc/src/llvm/codegen/mir_body/aggregates.rs,29,pass MIR tuple type,P7-B2.3,aggregate/pattern/field schema verifier migration,MIR aggregate verifier now owns tuple schema before LLVM lowering
UMB-0951,B-06,InternalBugSentinel,crates/scoopc/src/llvm/codegen/mir_body/aggregates.rs,37,pass MIR tuple arity mismatch,P7-B2.3,aggregate/pattern/field schema verifier migration,MIR aggregate verifier now owns tuple arity before LLVM lowering
UMB-0952,B-06,InternalBugSentinel,crates/scoopc/src/llvm/codegen/mir_body/aggregates.rs,53,pass MIR tuple element type,P7-B2.3,aggregate/pattern/field schema verifier migration,MIR aggregate verifier now owns tuple element type completeness
UMB-0953,B-06,InternalBugSentinel,crates/scoopc/src/llvm/codegen/mir_body/aggregates.rs,78,pass MIR tuple element value,P7-B2.3,aggregate/pattern/field schema verifier migration,MIR aggregate verifier now makes valueless tuple elements unreachable
UMB-0955,B-06,InternalBugSentinel,crates/scoopc/src/llvm/codegen/mir_body/aggregates.rs,138,pass MIR alignOf arg type,P7-B2.3,aggregate/pattern/field schema verifier migration,MIR type verifier now owns alignOf argument type completeness
UMB-0958,B-06,InternalBugSentinel,crates/scoopc/src/llvm/codegen/mir_body/aggregates.rs,249,pass MIR struct literal target type,P7-B2.3,aggregate/pattern/field schema verifier migration,MIR aggregate verifier now owns struct literal target type
UMB-0959,B-06,InternalBugSentinel,crates/scoopc/src/llvm/codegen/mir_body/aggregates.rs,255,pass MIR struct literal type,P7-B2.3,aggregate/pattern/field schema verifier migration,MIR aggregate verifier now owns struct nominal schema
UMB-0960,B-06,InternalBugSentinel,crates/scoopc/src/llvm/codegen/mir_body/aggregates.rs,264,pass MIR struct literal layout,P7-B2.3,aggregate/pattern/field schema verifier migration,MIR aggregate verifier now requires struct layout publication before codegen
UMB-0961,B-06,InternalBugSentinel,crates/scoopc/src/llvm/codegen/mir_body/aggregates.rs,269,pass MIR struct literal field count,P7-B2.3,aggregate/pattern/field schema verifier migration,MIR aggregate verifier now owns struct literal field count
UMB-0963,B-06,InternalBugSentinel,crates/scoopc/src/llvm/codegen/mir_body/aggregates.rs,290,pass MIR struct literal duplicate field,P7-B2.3,aggregate/pattern/field schema verifier migration,MIR aggregate verifier now owns struct field uniqueness
UMB-0964,B-06,InternalBugSentinel,crates/scoopc/src/llvm/codegen/mir_body/aggregates.rs,337,pass MIR struct literal field value,P7-B2.3,aggregate/pattern/field schema verifier migration,MIR aggregate verifier now makes valueless struct fields unreachable
UMB-0965,B-06,InternalBugSentinel,crates/scoopc/src/llvm/codegen/mir_body/aggregates.rs,367,pass MIR tuple operand type,P7-B2.3,aggregate/pattern/field schema verifier migration,MIR pattern/tuple-get verifier now owns tuple operand type identity
UMB-0966,B-06,InternalBugSentinel,crates/scoopc/src/llvm/codegen/mir_body/aggregates.rs,372,pass MIR tuple operand type,P7-B2.3,aggregate/pattern/field schema verifier migration,MIR tuple-get verifier now owns tuple operand schema
UMB-0967,B-06,InternalBugSentinel,crates/scoopc/src/llvm/codegen/mir_body/aggregates.rs,379,pass MIR tuple index,P7-B2.3,aggregate/pattern/field schema verifier migration,MIR tuple-get verifier now owns tuple index bounds
UMB-0968,B-06,InternalBugSentinel,crates/scoopc/src/llvm/codegen/mir_body/aggregates.rs,384,pass MIR tuple element type,P7-B2.3,aggregate/pattern/field schema verifier migration,MIR tuple-get verifier now owns tuple element type completeness
UMB-0970,B-06,InternalBugSentinel,crates/scoopc/src/llvm/codegen/mir_body/aggregates.rs,398,pass MIR tuple operand value,P7-B2.3,aggregate/pattern/field schema verifier migration,MIR tuple-get verifier now makes valueless tuple operands unreachable
UMB-0972,B-06,InternalBugSentinel,crates/scoopc/src/llvm/codegen/mir_body/aggregates.rs,512,scoop_alloc_typed return value,P7-B2.3,aggregate/pattern/field schema verifier migration,runtime allocation helper return value is now an internal closure allocation invariant
UMB-0973,B-06,InternalBugSentinel,crates/scoopc/src/llvm/codegen/mir_body/aggregates.rs,517,scoop_alloc_typed return type,P7-B2.3,aggregate/pattern/field schema verifier migration,runtime allocation helper return type is now an internal closure allocation invariant
UMB-0974,B-06,InternalBugSentinel,crates/scoopc/src/llvm/codegen/mir_body/aggregates.rs,575,scoop_alloc_typed return value,P7-B2.3,aggregate/pattern/field schema verifier migration,runtime allocation helper return value is now an internal closure-env allocation invariant
UMB-0975,B-06,InternalBugSentinel,crates/scoopc/src/llvm/codegen/mir_body/aggregates.rs,580,scoop_alloc_typed return type,P7-B2.3,aggregate/pattern/field schema verifier migration,runtime allocation helper return type is now an internal closure-env allocation invariant
UMB-1072,B-07,InternalBugSentinel,crates/scoopc/src/llvm/codegen/mir_body/const_pat.rs,22,pass MIR char literal,P7-B2.3,aggregate/pattern/field schema verifier migration,parser/typecheck and pattern verifier now make invalid char literal payloads unreachable in MIR patterns
UMB-1073,B-07,InternalBugSentinel,crates/scoopc/src/llvm/codegen/mir_body/const_pat.rs,40,pass MIR int builtin type,P7-B2.3,aggregate/pattern/field schema verifier migration,pattern verifier now owns Int literal subject/codegen type compatibility
UMB-1074,B-07,InternalBugSentinel,crates/scoopc/src/llvm/codegen/mir_body/const_pat.rs,59,pass MIR synthesized int builtin type,P7-B2.3,aggregate/pattern/field schema verifier migration,pattern verifier now owns synthesized Int literal subject/codegen type compatibility
UMB-1075,B-07,InternalBugSentinel,crates/scoopc/src/llvm/codegen/mir_body/const_pat.rs,143,pass MIR pattern int subject,P7-B2.3,aggregate/pattern/field schema verifier migration,pattern verifier now rejects Int literal patterns over non-int subjects
UMB-1076,B-07,InternalBugSentinel,crates/scoopc/src/llvm/codegen/mir_body/const_pat.rs,157,pass MIR pattern char subject,P7-B2.3,aggregate/pattern/field schema verifier migration,pattern verifier now rejects Char literal patterns over incompatible subjects
UMB-1077,B-07,InternalBugSentinel,crates/scoopc/src/llvm/codegen/mir_body/const_pat.rs,170,pass MIR pattern string subject,P7-B2.3,aggregate/pattern/field schema verifier migration,pattern verifier now rejects String literal patterns over non-string subjects
UMB-1078,B-07,InternalBugSentinel,crates/scoopc/src/llvm/codegen/mir_body/const_pat.rs,176,pass MIR pattern string value,P7-B2.3,aggregate/pattern/field schema verifier migration,pattern verifier now makes valueless String pattern subjects unreachable
UMB-1079,B-07,InternalBugSentinel,crates/scoopc/src/llvm/codegen/mir_body/const_pat.rs,185,pass MIR pattern string literal,P7-B2.3,aggregate/pattern/field schema verifier migration,string literal pattern codegen now treats literal pointer production as an internal invariant
UMB-1080,B-07,InternalBugSentinel,crates/scoopc/src/llvm/codegen/mir_body/const_pat.rs,202,pass MIR pattern string equals return value,P7-B2.3,aggregate/pattern/field schema verifier migration,runtime string equality signature is now an internal invariant for pattern matching
UMB-1081,B-07,InternalBugSentinel,crates/scoopc/src/llvm/codegen/mir_body/const_pat.rs,208,pass MIR pattern string equals return type,P7-B2.3,aggregate/pattern/field schema verifier migration,runtime string equality return type is now an internal invariant for pattern matching
UMB-1082,B-07,InternalBugSentinel,crates/scoopc/src/llvm/codegen/mir_body/const_pat.rs,223,pass MIR pattern bool subject,P7-B2.3,aggregate/pattern/field schema verifier migration,pattern verifier now rejects Bool literal patterns over non-bool subjects
UMB-1083,B-07,InternalBugSentinel,crates/scoopc/src/llvm/codegen/mir_body/const_pat.rs,246,pass MIR pattern is metadata,P7-B2.3,aggregate/pattern/field schema verifier migration,pattern verifier now owns pattern type-test target metadata consistency
UMB-1084,B-07,InternalBugSentinel,crates/scoopc/src/llvm/codegen/mir_body/const_pat.rs,253,pass MIR pattern is subject metadata,P7-B2.3,aggregate/pattern/field schema verifier migration,pattern verifier now owns pattern type-test subject metadata completeness
UMB-1085,B-07,InternalBugSentinel,crates/scoopc/src/llvm/codegen/mir_body/const_pat.rs,258,pass MIR pattern is subject type drift,P7-B2.3,aggregate/pattern/field schema verifier migration,pattern verifier now owns subject type drift checks before LLVM lowering
UMB-1087,B-07,InternalBugSentinel,crates/scoopc/src/llvm/codegen/mir_body/const_pat.rs,280,pass MIR pattern is target type,P7-B2.3,aggregate/pattern/field schema verifier migration,pattern verifier now owns runtime pattern target type equivalence
UMB-1088,B-07,InternalBugSentinel,crates/scoopc/src/llvm/codegen/mir_body/const_pat.rs,286,pass MIR pattern is target type,P7-B2.3,aggregate/pattern/field schema verifier migration,pattern verifier now owns runtime pattern target codegen type completeness
UMB-1090,B-07,InternalBugSentinel,crates/scoopc/src/llvm/codegen/mir_body/const_pat.rs,301,pass MIR pattern is subject type,P7-B2.3,aggregate/pattern/field schema verifier migration,pattern verifier now rejects runtime type patterns over non-reference subjects
UMB-1091,B-07,InternalBugSentinel,crates/scoopc/src/llvm/codegen/mir_body/const_pat.rs,308,pass MIR pattern is subject value,P7-B2.3,aggregate/pattern/field schema verifier migration,pattern verifier now makes valueless runtime pattern subjects unreachable
UMB-1092,B-07,InternalBugSentinel,crates/scoopc/src/llvm/codegen/mir_body/const_pat.rs,324,pass MIR tuple pattern subject type,P7-B2.3,aggregate/pattern/field schema verifier migration,pattern verifier now rejects tuple patterns over non-tuple subjects
UMB-1093,B-07,InternalBugSentinel,crates/scoopc/src/llvm/codegen/mir_body/const_pat.rs,330,pass MIR tuple pattern tuple type,P7-B2.3,aggregate/pattern/field schema verifier migration,pattern verifier now owns tuple pattern subject schema
UMB-1094,B-07,InternalBugSentinel,crates/scoopc/src/llvm/codegen/mir_body/const_pat.rs,336,pass MIR tuple pattern subject value,P7-B2.3,aggregate/pattern/field schema verifier migration,pattern verifier now makes valueless tuple pattern subjects unreachable
UMB-1095,B-07,InternalBugSentinel,crates/scoopc/src/llvm/codegen/mir_body/const_pat.rs,352,pass MIR tuple pattern arity,P7-B2.3,aggregate/pattern/field schema verifier migration,pattern verifier now owns tuple pattern arity
UMB-1096,B-07,InternalBugSentinel,crates/scoopc/src/llvm/codegen/mir_body/const_pat.rs,361,pass MIR tuple pattern element type,P7-B2.3,aggregate/pattern/field schema verifier migration,pattern verifier now owns tuple pattern element type completeness
UMB-1097,B-07,InternalBugSentinel,crates/scoopc/src/llvm/codegen/mir_body/const_pat.rs,385,pass MIR variant pattern subject type,P7-B2.3,aggregate/pattern/field schema verifier migration,pattern verifier now rejects variant patterns over non-enum subjects
UMB-1098,B-07,InternalBugSentinel,crates/scoopc/src/llvm/codegen/mir_body/const_pat.rs,391,pass MIR variant pattern subject value,P7-B2.3,aggregate/pattern/field schema verifier migration,pattern verifier now makes valueless variant pattern subjects unreachable
UMB-1099,B-07,InternalBugSentinel,crates/scoopc/src/llvm/codegen/mir_body/const_pat.rs,404,pass MIR unknown enum variant,P7-B2.3,aggregate/pattern/field schema verifier migration,pattern verifier now rejects unknown enum variant patterns
UMB-1100,B-07,InternalBugSentinel,crates/scoopc/src/llvm/codegen/mir_body/const_pat.rs,419,pass MIR variant pattern arity,P7-B2.3,aggregate/pattern/field schema verifier migration,pattern verifier now owns variant pattern arity
UMB-1103,B-07,InternalBugSentinel,crates/scoopc/src/llvm/codegen/mir_body/const_pat.rs,488,pass MIR variant payload tail,P7-B2.3,aggregate/pattern/field schema verifier migration,variant payload match block construction is now an internal codegen invariant
UMB-1104,B-07,InternalBugSentinel,crates/scoopc/src/llvm/codegen/mir_body/const_pat.rs,516,pass MIR pattern extract tuple subject type,P7-B2.3,aggregate/pattern/field schema verifier migration,pattern extract verifier now rejects tuple extraction from non-tuple subjects
UMB-1105,B-07,InternalBugSentinel,crates/scoopc/src/llvm/codegen/mir_body/const_pat.rs,522,pass MIR pattern extract tuple subject value,P7-B2.3,aggregate/pattern/field schema verifier migration,pattern extract verifier now makes valueless tuple extraction subjects unreachable
UMB-1106,B-07,InternalBugSentinel,crates/scoopc/src/llvm/codegen/mir_body/const_pat.rs,528,pass MIR pattern extract tuple field type,P7-B2.3,aggregate/pattern/field schema verifier migration,pattern extract verifier now owns tuple extraction field type
UMB-1107,B-07,InternalBugSentinel,crates/scoopc/src/llvm/codegen/mir_body/const_pat.rs,545,pass MIR pattern extract variant subject type,P7-B2.3,aggregate/pattern/field schema verifier migration,pattern extract verifier now rejects variant extraction from non-enum subjects
UMB-1108,B-07,InternalBugSentinel,crates/scoopc/src/llvm/codegen/mir_body/const_pat.rs,556,pass MIR pattern extract unknown enum variant,P7-B2.3,aggregate/pattern/field schema verifier migration,pattern extract verifier now rejects unknown enum variant extraction paths
UMB-1109,B-07,InternalBugSentinel,crates/scoopc/src/llvm/codegen/mir_body/const_pat.rs,613,pass MIR niche pointer none_value,P7-B2.3,aggregate/pattern/field schema verifier migration,enum layout verifier now owns pointer niche none-value invariants before tag extraction
UMB-1141,B-21,InternalBugSentinel,crates/scoopc/src/llvm/codegen/mir_body/member.rs,261,pass MIR class member field index,P7-B2.3,aggregate/pattern/field schema verifier migration,member metadata and class field lookup now make class field index drift an internal invariant
UMB-1272,B-21,InternalBugSentinel,crates/scoopc/src/llvm/codegen/ty.rs,347,struct field type,P7-B2.3,aggregate/pattern/field schema verifier migration,field metadata validation now owns struct field type identity before LLVM type lowering
UMB-1281,B-06,InternalBugSentinel,crates/scoopc/src/llvm/codegen/ty.rs,800,tuple type id,P7-B2.3,aggregate/pattern/field schema verifier migration,tuple LLVM type lowering now relies on verifier-checked tuple TypeIds
UMB-1282,B-06,InternalBugSentinel,crates/scoopc/src/llvm/codegen/ty.rs,806,tuple type id,P7-B2.3,aggregate/pattern/field schema verifier migration,tuple LLVM type lowering now relies on verifier-checked tuple schemas
UMB-1283,B-06,InternalBugSentinel,crates/scoopc/src/llvm/codegen/ty.rs,822,tuple type id,P7-B2.3,aggregate/pattern/field schema verifier migration,materialized tuple TypeStore availability is now an internal invariant
UMB-1284,B-06,InternalBugSentinel,crates/scoopc/src/llvm/codegen/ty.rs,828,tuple element type,P7-B2.3,aggregate/pattern/field schema verifier migration,tuple LLVM type lowering now relies on verifier-checked element codegen types
UMB-0011,B-03,InternalBugSentinel,crates/scoopc/src/llvm/codegen/call/abi.rs,595,call arg value,P7-B2.4,call ABI verifier contract,"MIR materialized verifier fixes callable ABI, arg binding, return storage, and callee-form invariants before LLVM codegen; legacy_gap=PIPELINE_GAPS §3.10"
UMB-0016,B-03,InternalBugSentinel,crates/scoopc/src/llvm/codegen/call/abi.rs,709,call arg type,P7-B2.4,call ABI verifier contract,"MIR materialized verifier fixes callable ABI, arg binding, return storage, and callee-form invariants before LLVM codegen"
UMB-0019,B-03,InternalBugSentinel,crates/scoopc/src/llvm/codegen/call/abi.rs,749,call arg param type,P7-B2.4,call ABI verifier contract,"MIR materialized verifier fixes callable ABI, arg binding, return storage, and callee-form invariants before LLVM codegen"
UMB-0023,B-03,InternalBugSentinel,crates/scoopc/src/llvm/codegen/call/lowering.rs,799,itable direct result storage,P7-B2.4,call ABI verifier contract,"MIR materialized verifier fixes callable ABI, arg binding, return storage, and callee-form invariants before LLVM codegen"
UMB-0024,B-03,InternalBugSentinel,crates/scoopc/src/llvm/codegen/call/lowering.rs,804,itable direct return value,P7-B2.4,call ABI verifier contract,"MIR materialized verifier fixes callable ABI, arg binding, return storage, and callee-form invariants before LLVM codegen"
UMB-0025,B-03,InternalBugSentinel,crates/scoopc/src/llvm/codegen/call/lowering.rs,863,itable call return type,P7-B2.4,call ABI verifier contract,"MIR materialized verifier fixes callable ABI, arg binding, return storage, and callee-form invariants before LLVM codegen"
UMB-0027,B-03,InternalBugSentinel,crates/scoopc/src/llvm/codegen/call/lowering.rs,1068,itable direct result storage,P7-B2.4,call ABI verifier contract,"MIR materialized verifier fixes callable ABI, arg binding, return storage, and callee-form invariants before LLVM codegen"
UMB-0028,B-03,InternalBugSentinel,crates/scoopc/src/llvm/codegen/call/lowering.rs,1156,ordinary effect propagation destination,P7-B2.4,call ABI verifier contract,"MIR materialized verifier fixes callable ABI, arg binding, return storage, and callee-form invariants before LLVM codegen"
UMB-0030,B-03,InternalBugSentinel,crates/scoopc/src/llvm/codegen/call/lowering.rs,1324,callable callee value type,P7-B2.4,call ABI verifier contract,"MIR materialized verifier fixes callable ABI, arg binding, return storage, and callee-form invariants before LLVM codegen"
UMB-0032,B-03,InternalBugSentinel,crates/scoopc/src/llvm/codegen/call/lowering.rs,1368,unknown local value,P7-B2.4,call ABI verifier contract,"MIR materialized verifier fixes callable ABI, arg binding, return storage, and callee-form invariants before LLVM codegen"
UMB-0041,B-03,InternalBugSentinel,crates/scoopc/src/llvm/codegen/call/lowering.rs,1798,call callee,P7-B2.4,call ABI verifier contract,"MIR materialized verifier fixes callable ABI, arg binding, return storage, and callee-form invariants before LLVM codegen"
UMB-0042,B-03,InternalBugSentinel,crates/scoopc/src/llvm/codegen/call/lowering.rs,1966,call signature arity mismatch,P7-B2.4,call ABI verifier contract,"MIR materialized verifier fixes callable ABI, arg binding, return storage, and callee-form invariants before LLVM codegen"
UMB-0043,B-03,InternalBugSentinel,crates/scoopc/src/llvm/codegen/call/lowering.rs,1973,call arity mismatch,P7-B2.4,call ABI verifier contract,"MIR materialized verifier fixes callable ABI, arg binding, return storage, and callee-form invariants before LLVM codegen"
UMB-0044,B-03,InternalBugSentinel,crates/scoopc/src/llvm/codegen/call/lowering.rs,1999,call return type,P7-B2.4,call ABI verifier contract,"MIR materialized verifier fixes callable ABI, arg binding, return storage, and callee-form invariants before LLVM codegen"
UMB-0045,B-03,InternalBugSentinel,crates/scoopc/src/llvm/codegen/call/lowering.rs,2111,call deferred return value,P7-B2.4,call ABI verifier contract,"MIR materialized verifier fixes callable ABI, arg binding, return storage, and callee-form invariants before LLVM codegen"
UMB-0046,B-03,InternalBugSentinel,crates/scoopc/src/llvm/codegen/call/lowering.rs,2231,vtable call callee type,P7-B2.4,call ABI verifier contract,"MIR materialized verifier fixes callable ABI, arg binding, return storage, and callee-form invariants before LLVM codegen"
UMB-0047,B-03,InternalBugSentinel,crates/scoopc/src/llvm/codegen/call/lowering.rs,2239,vtable call arity mismatch,P7-B2.4,call ABI verifier contract,"MIR materialized verifier fixes callable ABI, arg binding, return storage, and callee-form invariants before LLVM codegen"
UMB-0048,B-03,InternalBugSentinel,crates/scoopc/src/llvm/codegen/call/lowering.rs,2247,vtable call return type,P7-B2.4,call ABI verifier contract,"MIR materialized verifier fixes callable ABI, arg binding, return storage, and callee-form invariants before LLVM codegen"
UMB-0050,B-03,InternalBugSentinel,crates/scoopc/src/llvm/codegen/call/lowering.rs,2383,vtable call deferred return value,P7-B2.4,call ABI verifier contract,"MIR materialized verifier fixes callable ABI, arg binding, return storage, and callee-form invariants before LLVM codegen"
UMB-0053,B-03,InternalBugSentinel,crates/scoopc/src/llvm/codegen/call/lowering.rs,2483,function value local type,P7-B2.4,call ABI verifier contract,"MIR materialized verifier fixes callable ABI, arg binding, return storage, and callee-form invariants before LLVM codegen"
UMB-0054,B-03,InternalBugSentinel,crates/scoopc/src/llvm/codegen/call/lowering.rs,2513,function value call arity mismatch,P7-B2.4,call ABI verifier contract,"MIR materialized verifier fixes callable ABI, arg binding, return storage, and callee-form invariants before LLVM codegen"
UMB-0055,B-03,InternalBugSentinel,crates/scoopc/src/llvm/codegen/call/lowering.rs,2528,function value call return type,P7-B2.4,call ABI verifier contract,"MIR materialized verifier fixes callable ABI, arg binding, return storage, and callee-form invariants before LLVM codegen"
UMB-0056,B-03,InternalBugSentinel,crates/scoopc/src/llvm/codegen/call/lowering.rs,2682,function value deferred return value,P7-B2.4,call ABI verifier contract,"MIR materialized verifier fixes callable ABI, arg binding, return storage, and callee-form invariants before LLVM codegen"
UMB-0057,B-03,InternalBugSentinel,crates/scoopc/src/llvm/codegen/call/lowering.rs,2754,itable call slot ambiguous,P7-B2.4,call ABI verifier contract,"MIR materialized verifier fixes callable ABI, arg binding, return storage, and callee-form invariants before LLVM codegen"
UMB-0058,B-03,InternalBugSentinel,crates/scoopc/src/llvm/codegen/call/lowering.rs,2766,itable call callee type,P7-B2.4,call ABI verifier contract,"MIR materialized verifier fixes callable ABI, arg binding, return storage, and callee-form invariants before LLVM codegen"
UMB-0059,B-03,InternalBugSentinel,crates/scoopc/src/llvm/codegen/call/lowering.rs,2774,itable call arity mismatch,P7-B2.4,call ABI verifier contract,"MIR materialized verifier fixes callable ABI, arg binding, return storage, and callee-form invariants before LLVM codegen"
UMB-0988,B-03,InternalBugSentinel,crates/scoopc/src/llvm/codegen/mir_body/args.rs,285,pass MIR call arg binding,P7-B2.4,call ABI verifier contract,"MIR materialized verifier fixes callable ABI, arg binding, return storage, and callee-form invariants before LLVM codegen"
UMB-0989,B-03,InternalBugSentinel,crates/scoopc/src/llvm/codegen/mir_body/args.rs,303,pass MIR call arg type,P7-B2.4,call ABI verifier contract,"MIR materialized verifier fixes callable ABI, arg binding, return storage, and callee-form invariants before LLVM codegen"
UMB-0990,B-03,InternalBugSentinel,crates/scoopc/src/llvm/codegen/mir_body/args.rs,322,pass MIR call arg binding,P7-B2.4,call ABI verifier contract,"MIR materialized verifier fixes callable ABI, arg binding, return storage, and callee-form invariants before LLVM codegen"
UMB-0991,B-03,InternalBugSentinel,crates/scoopc/src/llvm/codegen/mir_body/args.rs,383,pass MIR call arg binding,P7-B2.4,call ABI verifier contract,"MIR materialized verifier fixes callable ABI, arg binding, return storage, and callee-form invariants before LLVM codegen"
UMB-0992,B-03,InternalBugSentinel,crates/scoopc/src/llvm/codegen/mir_body/args.rs,395,pass MIR call arg type,P7-B2.4,call ABI verifier contract,"MIR materialized verifier fixes callable ABI, arg binding, return storage, and callee-form invariants before LLVM codegen"
UMB-0993,B-03,InternalBugSentinel,crates/scoopc/src/llvm/codegen/mir_body/args.rs,415,pass MIR call arg binding,P7-B2.4,call ABI verifier contract,"MIR materialized verifier fixes callable ABI, arg binding, return storage, and callee-form invariants before LLVM codegen"
UMB-0996,B-03,InternalBugSentinel,crates/scoopc/src/llvm/codegen/mir_body/call.rs,40,pass MIR function-value callee type,P7-B2.4,call ABI verifier contract,"MIR materialized verifier fixes callable ABI, arg binding, return storage, and callee-form invariants before LLVM codegen"
UMB-0998,B-03,InternalBugSentinel,crates/scoopc/src/llvm/codegen/mir_body/call.rs,139,pass MIR direct callee type,P7-B2.4,call ABI verifier contract,"MIR materialized verifier fixes callable ABI, arg binding, return storage, and callee-form invariants before LLVM codegen"
UMB-0999,B-03,InternalBugSentinel,crates/scoopc/src/llvm/codegen/mir_body/call.rs,201,pass MIR call arg binding,P7-B2.4,call ABI verifier contract,"MIR materialized verifier fixes callable ABI, arg binding, return storage, and callee-form invariants before LLVM codegen"
UMB-1000,B-03,InternalBugSentinel,crates/scoopc/src/llvm/codegen/mir_body/call.rs,270,pass MIR direct call signature arity mismatch,P7-B2.4,call ABI verifier contract,"MIR materialized verifier fixes callable ABI, arg binding, return storage, and callee-form invariants before LLVM codegen"
UMB-1001,B-03,InternalBugSentinel,crates/scoopc/src/llvm/codegen/mir_body/call.rs,276,pass MIR direct call arity mismatch,P7-B2.4,call ABI verifier contract,"MIR materialized verifier fixes callable ABI, arg binding, return storage, and callee-form invariants before LLVM codegen"
UMB-1002,B-03,InternalBugSentinel,crates/scoopc/src/llvm/codegen/mir_body/call.rs,326,pass MIR direct call return type,P7-B2.4,call ABI verifier contract,"MIR materialized verifier fixes callable ABI, arg binding, return storage, and callee-form invariants before LLVM codegen"
UMB-1003,B-03,InternalBugSentinel,crates/scoopc/src/llvm/codegen/mir_body/call.rs,477,pass MIR direct call deferred return value,P7-B2.4,call ABI verifier contract,"MIR materialized verifier fixes callable ABI, arg binding, return storage, and callee-form invariants before LLVM codegen"
UMB-1006,B-03,InternalBugSentinel,crates/scoopc/src/llvm/codegen/mir_body/call.rs,561,pass MIR function-value callee value,P7-B2.4,call ABI verifier contract,"MIR materialized verifier fixes callable ABI, arg binding, return storage, and callee-form invariants before LLVM codegen"
UMB-1010,B-03,InternalBugSentinel,crates/scoopc/src/llvm/codegen/mir_body/call.rs,673,pass MIR function-value call arity mismatch,P7-B2.4,call ABI verifier contract,"MIR materialized verifier fixes callable ABI, arg binding, return storage, and callee-form invariants before LLVM codegen"
UMB-1011,B-03,InternalBugSentinel,crates/scoopc/src/llvm/codegen/mir_body/call.rs,687,pass MIR function-value call return type,P7-B2.4,call ABI verifier contract,"MIR materialized verifier fixes callable ABI, arg binding, return storage, and callee-form invariants before LLVM codegen"
UMB-1012,B-03,InternalBugSentinel,crates/scoopc/src/llvm/codegen/mir_body/call.rs,840,pass MIR function-value deferred return value,P7-B2.4,call ABI verifier contract,"MIR materialized verifier fixes callable ABI, arg binding, return storage, and callee-form invariants before LLVM codegen"
UMB-1016,B-03,InternalBugSentinel,crates/scoopc/src/llvm/codegen/mir_body/call.rs,913,plain function-value callee type,P7-B2.4,call ABI verifier contract,"MIR materialized verifier fixes callable ABI, arg binding, return storage, and callee-form invariants before LLVM codegen"
UMB-1021,B-03,InternalBugSentinel,crates/scoopc/src/llvm/codegen/mir_body/call.rs,985,plain dynamic call kind,P7-B2.4,call ABI verifier contract,"MIR materialized verifier fixes callable ABI, arg binding, return storage, and callee-form invariants before LLVM codegen"
UMB-1022,B-03,InternalBugSentinel,crates/scoopc/src/llvm/codegen/mir_body/call.rs,1005,plain function-value callee value,P7-B2.4,call ABI verifier contract,"MIR materialized verifier fixes callable ABI, arg binding, return storage, and callee-form invariants before LLVM codegen"
UMB-1026,B-03,InternalBugSentinel,crates/scoopc/src/llvm/codegen/mir_body/callable_lookup.rs,221,pass MIR callable source path,P7-B2.4,call ABI verifier contract,"MIR materialized verifier fixes callable ABI, arg binding, return storage, and callee-form invariants before LLVM codegen"
UMB-1029,B-03,InternalBugSentinel,crates/scoopc/src/llvm/codegen/mir_body/callable_lookup.rs,343,pass MIR plain return type,P7-B2.4,call ABI verifier contract,"MIR materialized verifier fixes callable ABI, arg binding, return storage, and callee-form invariants before LLVM codegen"
UMB-1030,B-03,InternalBugSentinel,crates/scoopc/src/llvm/codegen/mir_body/callable_lookup.rs,363,pass MIR plain param type,P7-B2.4,call ABI verifier contract,"MIR materialized verifier fixes callable ABI, arg binding, return storage, and callee-form invariants before LLVM codegen"
UMB-1031,B-03,InternalBugSentinel,crates/scoopc/src/llvm/codegen/mir_body/callable_lookup.rs,410,pass MIR cfg,P7-B2.4,call ABI verifier contract,"MIR materialized verifier fixes callable ABI, arg binding, return storage, and callee-form invariants before LLVM codegen"
UMB-1033,B-03,InternalBugSentinel,crates/scoopc/src/llvm/codegen/mir_body/callable_lookup.rs,434,missing pass MIR llvm function sret param,P7-B2.4,call ABI verifier contract,"MIR materialized verifier fixes callable ABI, arg binding, return storage, and callee-form invariants before LLVM codegen"
UMB-1034,B-03,InternalBugSentinel,crates/scoopc/src/llvm/codegen/mir_body/callable_lookup.rs,468,pass MIR start block,P7-B2.4,call ABI verifier contract,"MIR materialized verifier fixes callable ABI, arg binding, return storage, and callee-form invariants before LLVM codegen"
UMB-1038,B-03,InternalBugSentinel,crates/scoopc/src/llvm/codegen/mir_body/callable_lookup.rs,540,pass MIR param local,P7-B2.4,call ABI verifier contract,"MIR materialized verifier fixes callable ABI, arg binding, return storage, and callee-form invariants before LLVM codegen"
UMB-1039,B-03,InternalBugSentinel,crates/scoopc/src/llvm/codegen/mir_body/callable_lookup.rs,546,pass MIR param type,P7-B2.4,call ABI verifier contract,"MIR materialized verifier fixes callable ABI, arg binding, return storage, and callee-form invariants before LLVM codegen"
UMB-1040,B-03,InternalBugSentinel,crates/scoopc/src/llvm/codegen/mir_body/callable_lookup.rs,555,missing pass MIR llvm param,P7-B2.4,call ABI verifier contract,"MIR materialized verifier fixes callable ABI, arg binding, return storage, and callee-form invariants before LLVM codegen"
UMB-1244,B-03,InternalBugSentinel,crates/scoopc/src/llvm/codegen/ordinary_callee.rs,166,callee suspend local type,P7-B2.4,call ABI verifier contract,"MIR materialized verifier fixes callable ABI, arg binding, return storage, and callee-form invariants before LLVM codegen"
UMB-0035,B-09,InternalBugSentinel,crates/scoopc/src/llvm/codegen/call/lowering.rs,1407,funptr local cg type,P7-B2.4,TypeStore equivalence verifier contract,central TypeStore/codegen equivalence helpers make cross-store codegen type lookup a verifier-backed invariant
UMB-0039,B-09,InternalBugSentinel,crates/scoopc/src/llvm/codegen/call/lowering.rs,1661,funptr top-level cg type,P7-B2.4,TypeStore equivalence verifier contract,central TypeStore/codegen equivalence helpers make cross-store codegen type lookup a verifier-backed invariant
UMB-0195,B-09,InternalBugSentinel,crates/scoopc/src/llvm/codegen/effect_lowered/body/call_invoke.rs,97,funptr carrier cg type,P7-B2.4,TypeStore equivalence verifier contract,central TypeStore/codegen equivalence helpers make cross-store codegen type lookup a verifier-backed invariant
UMB-0377,B-09,InternalBugSentinel,crates/scoopc/src/llvm/codegen/effect_outcome.rs,596,task transport tuple first element codegen type,P7-B2.4,TypeStore equivalence verifier contract,central TypeStore/codegen equivalence helpers make cross-store codegen type lookup a verifier-backed invariant
UMB-0378,B-09,InternalBugSentinel,crates/scoopc/src/llvm/codegen/effect_outcome.rs,602,task transport tuple second element codegen type,P7-B2.4,TypeStore equivalence verifier contract,central TypeStore/codegen equivalence helpers make cross-store codegen type lookup a verifier-backed invariant
UMB-0604,B-09,InternalBugSentinel,crates/scoopc/src/llvm/codegen/intrinsics/named.rs,1115,named intrinsic MIR operand codegen type,P7-B2.4,TypeStore equivalence verifier contract,central TypeStore/codegen equivalence helpers make cross-store codegen type lookup a verifier-backed invariant
UMB-0718,B-09,InternalBugSentinel,crates/scoopc/src/llvm/codegen/intrinsics/sysroot.rs,84,funptr invoke receiver cg type,P7-B2.4,TypeStore equivalence verifier contract,central TypeStore/codegen equivalence helpers make cross-store codegen type lookup a verifier-backed invariant
UMB-0948,B-09,InternalBugSentinel,crates/scoopc/src/llvm/codegen/main/runtime_error.rs,224,RuntimeError payload cg type,P7-B2.4,TypeStore equivalence verifier contract,central TypeStore/codegen equivalence helpers make cross-store codegen type lookup a verifier-backed invariant
UMB-0969,B-09,InternalBugSentinel,crates/scoopc/src/llvm/codegen/mir_body/aggregates.rs,390,pass MIR tuple operand cg type,P7-B2.4,TypeStore equivalence verifier contract,central TypeStore/codegen equivalence helpers make cross-store codegen type lookup a verifier-backed invariant
UMB-1050,B-09,InternalBugSentinel,crates/scoopc/src/llvm/codegen/mir_body/cast.rs,100,MIR `as` target codegen type,P7-B2.4,TypeStore equivalence verifier contract,central TypeStore/codegen equivalence helpers make cross-store codegen type lookup a verifier-backed invariant
UMB-1055,B-09,InternalBugSentinel,crates/scoopc/src/llvm/codegen/mir_body/cast.rs,175,MIR `as?` target codegen type,P7-B2.4,TypeStore equivalence verifier contract,central TypeStore/codegen equivalence helpers make cross-store codegen type lookup a verifier-backed invariant
UMB-1058,B-09,InternalBugSentinel,crates/scoopc/src/llvm/codegen/mir_body/cast.rs,193,MIR `as?` option codegen type,P7-B2.4,TypeStore equivalence verifier contract,central TypeStore/codegen equivalence helpers make cross-store codegen type lookup a verifier-backed invariant
UMB-1183,B-09,InternalBugSentinel,crates/scoopc/src/llvm/codegen/mir_body/operand.rs,350,pass MIR closure env contract codegen type,P7-B2.4,TypeStore equivalence verifier contract,central TypeStore/codegen equivalence helpers make cross-store codegen type lookup a verifier-backed invariant
UMB-0830,B-14,InternalBugSentinel,crates/scoopc/src/llvm/codegen/main/expr_op.rs,75,type check operand (ref),P7-B2.4,runtime cast/typecheck verifier contract,typecheck/materialized verifier fixes runtime type-test and cast metadata/result-shape invariants before LLVM codegen; legacy_gap=PIPELINE_GAPS §3.5; legacy_gap=PIPELINE_GAPS §7.2
UMB-0831,B-14,InternalBugSentinel,crates/scoopc/src/llvm/codegen/main/expr_op.rs,82,type check operand value,P7-B2.4,runtime cast/typecheck verifier contract,typecheck/materialized verifier fixes runtime type-test and cast metadata/result-shape invariants before LLVM codegen
UMB-0832,B-14,InternalBugSentinel,crates/scoopc/src/llvm/codegen/main/expr_op.rs,88,type check operand type,P7-B2.4,runtime cast/typecheck verifier contract,typecheck/materialized verifier fixes runtime type-test and cast metadata/result-shape invariants before LLVM codegen
UMB-0842,B-14,InternalBugSentinel,crates/scoopc/src/llvm/codegen/main/expr_op.rs,244,as? result type (Option<T>),P7-B2.4,runtime cast/typecheck verifier contract,typecheck/materialized verifier fixes runtime type-test and cast metadata/result-shape invariants before LLVM codegen
UMB-0844,B-14,InternalBugSentinel,crates/scoopc/src/llvm/codegen/main/expr_op.rs,260,as? target (ref),P7-B2.4,runtime cast/typecheck verifier contract,typecheck/materialized verifier fixes runtime type-test and cast metadata/result-shape invariants before LLVM codegen
UMB-0845,B-14,InternalBugSentinel,crates/scoopc/src/llvm/codegen/main/expr_op.rs,272,as? operand (ref),P7-B2.4,runtime cast/typecheck verifier contract,typecheck/materialized verifier fixes runtime type-test and cast metadata/result-shape invariants before LLVM codegen
UMB-0846,B-14,InternalBugSentinel,crates/scoopc/src/llvm/codegen/main/expr_op.rs,279,as? operand value,P7-B2.4,runtime cast/typecheck verifier contract,typecheck/materialized verifier fixes runtime type-test and cast metadata/result-shape invariants before LLVM codegen
UMB-0847,B-14,InternalBugSentinel,crates/scoopc/src/llvm/codegen/main/expr_op.rs,285,as? operand type,P7-B2.4,runtime cast/typecheck verifier contract,typecheck/materialized verifier fixes runtime type-test and cast metadata/result-shape invariants before LLVM codegen
UMB-0850,B-14,InternalBugSentinel,crates/scoopc/src/llvm/codegen/main/expr_op.rs,324,as? Some value,P7-B2.4,runtime cast/typecheck verifier contract,typecheck/materialized verifier fixes runtime type-test and cast metadata/result-shape invariants before LLVM codegen
UMB-0851,B-14,InternalBugSentinel,crates/scoopc/src/llvm/codegen/main/expr_op.rs,333,as? None value,P7-B2.4,runtime cast/typecheck verifier contract,typecheck/materialized verifier fixes runtime type-test and cast metadata/result-shape invariants before LLVM codegen
UMB-0855,B-14,InternalBugSentinel,crates/scoopc/src/llvm/codegen/main/expr_op.rs,466,type check target (nominal ref),P7-B2.4,runtime cast/typecheck verifier contract,typecheck/materialized verifier fixes runtime type-test and cast metadata/result-shape invariants before LLVM codegen
UMB-0856,B-14,InternalBugSentinel,crates/scoopc/src/llvm/codegen/main/expr_op.rs,471,type check target type,P7-B2.4,runtime cast/typecheck verifier contract,typecheck/materialized verifier fixes runtime type-test and cast metadata/result-shape invariants before LLVM codegen
UMB-0895,B-14,InternalBugSentinel,crates/scoopc/src/llvm/codegen/main/gc_locals.rs,60,local slot cast base operand,P7-B2.4,runtime cast/typecheck verifier contract,typecheck/materialized verifier fixes runtime type-test and cast metadata/result-shape invariants before LLVM codegen
UMB-0896,B-14,InternalBugSentinel,crates/scoopc/src/llvm/codegen/main/gc_locals.rs,65,local slot cast base pointer type,P7-B2.4,runtime cast/typecheck verifier contract,typecheck/materialized verifier fixes runtime type-test and cast metadata/result-shape invariants before LLVM codegen
UMB-1045,B-14,InternalBugSentinel,crates/scoopc/src/llvm/codegen/mir_body/cast.rs,47,MIR runtime cast metadata,P7-B2.4,runtime cast/typecheck verifier contract,typecheck/materialized verifier fixes runtime type-test and cast metadata/result-shape invariants before LLVM codegen
UMB-1046,B-14,InternalBugSentinel,crates/scoopc/src/llvm/codegen/mir_body/cast.rs,74,MIR `as` cast failure contract,P7-B2.4,runtime cast/typecheck verifier contract,typecheck/materialized verifier fixes runtime type-test and cast metadata/result-shape invariants before LLVM codegen
UMB-1048,B-14,InternalBugSentinel,crates/scoopc/src/llvm/codegen/mir_body/cast.rs,86,MIR `as` cast result contract,P7-B2.4,runtime cast/typecheck verifier contract,typecheck/materialized verifier fixes runtime type-test and cast metadata/result-shape invariants before LLVM codegen
UMB-1049,B-14,InternalBugSentinel,crates/scoopc/src/llvm/codegen/mir_body/cast.rs,92,MIR `as` cast target contract,P7-B2.4,runtime cast/typecheck verifier contract,typecheck/materialized verifier fixes runtime type-test and cast metadata/result-shape invariants before LLVM codegen
UMB-1051,B-14,InternalBugSentinel,crates/scoopc/src/llvm/codegen/mir_body/cast.rs,106,MIR `as` target type,P7-B2.4,runtime cast/typecheck verifier contract,typecheck/materialized verifier fixes runtime type-test and cast metadata/result-shape invariants before LLVM codegen
UMB-1052,B-14,InternalBugSentinel,crates/scoopc/src/llvm/codegen/mir_body/cast.rs,155,MIR `as?` cast failure contract,P7-B2.4,runtime cast/typecheck verifier contract,typecheck/materialized verifier fixes runtime type-test and cast metadata/result-shape invariants before LLVM codegen
UMB-1053,B-14,InternalBugSentinel,crates/scoopc/src/llvm/codegen/mir_body/cast.rs,161,MIR `as?` cast result contract,P7-B2.4,runtime cast/typecheck verifier contract,typecheck/materialized verifier fixes runtime type-test and cast metadata/result-shape invariants before LLVM codegen
UMB-1054,B-14,InternalBugSentinel,crates/scoopc/src/llvm/codegen/mir_body/cast.rs,167,MIR `as?` cast target contract,P7-B2.4,runtime cast/typecheck verifier contract,typecheck/materialized verifier fixes runtime type-test and cast metadata/result-shape invariants before LLVM codegen
UMB-1056,B-14,InternalBugSentinel,crates/scoopc/src/llvm/codegen/mir_body/cast.rs,181,MIR `as?` target type,P7-B2.4,runtime cast/typecheck verifier contract,typecheck/materialized verifier fixes runtime type-test and cast metadata/result-shape invariants before LLVM codegen
UMB-1059,B-14,InternalBugSentinel,crates/scoopc/src/llvm/codegen/mir_body/cast.rs,198,MIR `as?` result type,P7-B2.4,runtime cast/typecheck verifier contract,typecheck/materialized verifier fixes runtime type-test and cast metadata/result-shape invariants before LLVM codegen
UMB-1064,B-14,InternalBugSentinel,crates/scoopc/src/llvm/codegen/mir_body/cast.rs,290,MIR runtime cast target type,P7-B2.4,runtime cast/typecheck verifier contract,typecheck/materialized verifier fixes runtime type-test and cast metadata/result-shape invariants before LLVM codegen
UMB-1070,B-14,InternalBugSentinel,crates/scoopc/src/llvm/codegen/mir_body/cast.rs,404,MIR `as?` Some value,P7-B2.4,runtime cast/typecheck verifier contract,typecheck/materialized verifier fixes runtime type-test and cast metadata/result-shape invariants before LLVM codegen
UMB-1071,B-14,InternalBugSentinel,crates/scoopc/src/llvm/codegen/mir_body/cast.rs,412,MIR `as?` None value,P7-B2.4,runtime cast/typecheck verifier contract,typecheck/materialized verifier fixes runtime type-test and cast metadata/result-shape invariants before LLVM codegen
UMB-0367,B-17,InternalBugSentinel,crates/scoopc/src/llvm/codegen/effect_outcome.rs,387,coerce bool to u64 word,P7-B2.5,scalar coercion/operator verifier contract,typecheck/operator gates and codegen helper invariants fix scalar coercion payload contracts before LLVM codegen
UMB-0368,B-17,InternalBugSentinel,crates/scoopc/src/llvm/codegen/effect_outcome.rs,396,coerce int to u64 word,P7-B2.5,scalar coercion/operator verifier contract,typecheck/operator gates and codegen helper invariants fix scalar coercion payload contracts before LLVM codegen
UMB-0369,B-17,InternalBugSentinel,crates/scoopc/src/llvm/codegen/effect_outcome.rs,403,coerce f64 to u64 word,P7-B2.5,scalar coercion/operator verifier contract,typecheck/operator gates and codegen helper invariants fix scalar coercion payload contracts before LLVM codegen
UMB-0370,B-17,InternalBugSentinel,crates/scoopc/src/llvm/codegen/effect_outcome.rs,413,coerce f32 to u64 word,P7-B2.5,scalar coercion/operator verifier contract,typecheck/operator gates and codegen helper invariants fix scalar coercion payload contracts before LLVM codegen
UMB-0373,B-17,InternalBugSentinel,crates/scoopc/src/llvm/codegen/effect_outcome.rs,435,coerce int wider than u64 to u64 word,P7-B2.5,scalar coercion/operator verifier contract,typecheck/operator gates and codegen helper invariants fix scalar coercion payload contracts before LLVM codegen
UMB-0414,B-17,InternalBugSentinel,crates/scoopc/src/llvm/codegen/expr.rs,106,unary operator after HIR desugar,P7-B2.5,scalar coercion/operator verifier contract,typecheck/operator gates and HIR lowering invariants reject or desugar scalar operators before LLVM codegen
UMB-0415,B-17,InternalBugSentinel,crates/scoopc/src/llvm/codegen/expr.rs,117,range operator,P7-B2.5,scalar coercion/operator verifier contract,typecheck/operator gates and HIR lowering invariants reject or desugar scalar operators before LLVM codegen
UMB-0416,B-17,InternalBugSentinel,crates/scoopc/src/llvm/codegen/expr.rs,121,elvis operator,P7-B2.5,scalar coercion/operator verifier contract,typecheck/operator gates and HIR lowering invariants reject or desugar scalar operators before LLVM codegen
UMB-0417,B-17,InternalBugSentinel,crates/scoopc/src/llvm/codegen/expr.rs,125,binary operator after HIR desugar,P7-B2.5,scalar coercion/operator verifier contract,typecheck/operator gates and HIR lowering invariants reject or desugar scalar operators before LLVM codegen
UMB-0787,B-17,InternalBugSentinel,crates/scoopc/src/llvm/codegen/main/coerce.rs,28,equality lhs string value,P7-B2.5,scalar coercion/operator verifier contract,typecheck/operator gate and centralized codegen value helpers fix string equality operand contracts before LLVM codegen
UMB-0788,B-17,InternalBugSentinel,crates/scoopc/src/llvm/codegen/main/coerce.rs,33,equality lhs string type,P7-B2.5,scalar coercion/operator verifier contract,typecheck/operator gate and centralized codegen value helpers fix string equality operand contracts before LLVM codegen
UMB-0789,B-17,InternalBugSentinel,crates/scoopc/src/llvm/codegen/main/coerce.rs,39,equality rhs string value,P7-B2.5,scalar coercion/operator verifier contract,typecheck/operator gate and centralized codegen value helpers fix string equality operand contracts before LLVM codegen
UMB-0790,B-17,InternalBugSentinel,crates/scoopc/src/llvm/codegen/main/coerce.rs,44,equality rhs string type,P7-B2.5,scalar coercion/operator verifier contract,typecheck/operator gate and centralized codegen value helpers fix string equality operand contracts before LLVM codegen
UMB-0791,B-17,InternalBugSentinel,crates/scoopc/src/llvm/codegen/main/coerce.rs,54,String equals return value,P7-B2.5,scalar coercion/operator verifier contract,centralized codegen value helpers fix string equality runtime return contracts before LLVM codegen
UMB-0792,B-17,InternalBugSentinel,crates/scoopc/src/llvm/codegen/main/coerce.rs,60,String equals return type,P7-B2.5,scalar coercion/operator verifier contract,centralized codegen value helpers fix string equality runtime return contracts before LLVM codegen
UMB-0793,B-17,InternalBugSentinel,crates/scoopc/src/llvm/codegen/main/coerce.rs,79,string equality operand type,P7-B2.5,scalar coercion/operator verifier contract,typecheck/operator gate fixes string equality operand contracts before LLVM codegen
UMB-0794,B-17,InternalBugSentinel,crates/scoopc/src/llvm/codegen/main/coerce.rs,106,equality lhs string value,P7-B2.5,scalar coercion/operator verifier contract,typecheck/operator gate and centralized codegen value helpers fix string equality operand contracts before LLVM codegen
UMB-0795,B-17,InternalBugSentinel,crates/scoopc/src/llvm/codegen/main/coerce.rs,111,equality lhs string type,P7-B2.5,scalar coercion/operator verifier contract,typecheck/operator gate and centralized codegen value helpers fix string equality operand contracts before LLVM codegen
UMB-0796,B-17,InternalBugSentinel,crates/scoopc/src/llvm/codegen/main/coerce.rs,117,equality rhs string value,P7-B2.5,scalar coercion/operator verifier contract,typecheck/operator gate and centralized codegen value helpers fix string equality operand contracts before LLVM codegen
UMB-0797,B-17,InternalBugSentinel,crates/scoopc/src/llvm/codegen/main/coerce.rs,122,equality rhs string type,P7-B2.5,scalar coercion/operator verifier contract,typecheck/operator gate and centralized codegen value helpers fix string equality operand contracts before LLVM codegen
UMB-0798,B-17,InternalBugSentinel,crates/scoopc/src/llvm/codegen/main/coerce.rs,134,String equals return value,P7-B2.5,scalar coercion/operator verifier contract,centralized codegen value helpers fix string equality runtime return contracts before LLVM codegen
UMB-0799,B-17,InternalBugSentinel,crates/scoopc/src/llvm/codegen/main/coerce.rs,139,String equals return type,P7-B2.5,scalar coercion/operator verifier contract,centralized codegen value helpers fix string equality runtime return contracts before LLVM codegen
UMB-0800,B-17,InternalBugSentinel,crates/scoopc/src/llvm/codegen/main/coerce.rs,160,equality float operand type,P7-B2.5,scalar coercion/operator verifier contract,typecheck/operator gate fixes float equality operand contracts before LLVM codegen
UMB-0801,B-17,InternalBugSentinel,crates/scoopc/src/llvm/codegen/main/coerce.rs,179,equality lhs,P7-B2.5,scalar coercion/operator verifier contract,typecheck/operator gate and centralized codegen value helpers fix integer equality operand contracts before LLVM codegen
UMB-0802,B-17,InternalBugSentinel,crates/scoopc/src/llvm/codegen/main/coerce.rs,185,equality rhs,P7-B2.5,scalar coercion/operator verifier contract,typecheck/operator gate and centralized codegen value helpers fix integer equality operand contracts before LLVM codegen
UMB-0803,B-17,InternalBugSentinel,crates/scoopc/src/llvm/codegen/main/coerce.rs,192,equality operand type,P7-B2.5,scalar coercion/operator verifier contract,typecheck/operator gate fixes integer equality operand contracts before LLVM codegen
UMB-0804,B-17,InternalBugSentinel,crates/scoopc/src/llvm/codegen/main/coerce.rs,221,bool operator lhs,P7-B2.5,scalar coercion/operator verifier contract,typecheck/operator gate and centralized codegen value helpers fix bool operator operand contracts before LLVM codegen
UMB-0805,B-17,InternalBugSentinel,crates/scoopc/src/llvm/codegen/main/coerce.rs,228,bool operator rhs,P7-B2.5,scalar coercion/operator verifier contract,typecheck/operator gate and centralized codegen value helpers fix bool operator operand contracts before LLVM codegen
UMB-0806,B-17,InternalBugSentinel,crates/scoopc/src/llvm/codegen/main/coerce.rs,268,bool value,P7-B2.5,scalar coercion/operator verifier contract,centralized codegen value helpers fix Bool coercion payload contracts before LLVM codegen
UMB-0807,B-17,InternalBugSentinel,crates/scoopc/src/llvm/codegen/main/coerce.rs,284,bool value,P7-B2.5,scalar coercion/operator verifier contract,centralized codegen value helpers fix Bool boxing payload contracts before LLVM codegen
UMB-0808,B-17,InternalBugSentinel,crates/scoopc/src/llvm/codegen/main/coerce.rs,303,float value,P7-B2.5,scalar coercion/operator verifier contract,centralized codegen value helpers fix float coercion payload contracts before LLVM codegen
UMB-0809,B-17,InternalBugSentinel,crates/scoopc/src/llvm/codegen/main/coerce.rs,314,int value,P7-B2.5,scalar coercion/operator verifier contract,centralized codegen value helpers fix integer coercion payload contracts before LLVM codegen
UMB-0810,B-17,InternalBugSentinel,crates/scoopc/src/llvm/codegen/main/coerce.rs,324,string -> ref coercion value,P7-B2.5,scalar coercion/operator verifier contract,centralized codegen value helpers fix String-to-Ref coercion payload contracts before LLVM codegen
UMB-0811,B-17,InternalBugSentinel,crates/scoopc/src/llvm/codegen/main/coerce.rs,330,string -> ref coercion type,P7-B2.5,scalar coercion/operator verifier contract,centralized codegen value helpers fix String-to-Ref coercion payload contracts before LLVM codegen
UMB-0812,B-17,InternalBugSentinel,crates/scoopc/src/llvm/codegen/main/coerce.rs,348,ref -> string coercion value,P7-B2.5,scalar coercion/operator verifier contract,centralized codegen value helpers fix Ref-to-String coercion payload contracts before LLVM codegen
UMB-0813,B-17,InternalBugSentinel,crates/scoopc/src/llvm/codegen/main/coerce.rs,354,ref -> string coercion type,P7-B2.5,scalar coercion/operator verifier contract,centralized codegen value helpers fix Ref-to-String coercion payload contracts before LLVM codegen
UMB-0814,B-17,InternalBugSentinel,crates/scoopc/src/llvm/codegen/main/coerce.rs,373,int value,P7-B2.5,scalar coercion/operator verifier contract,centralized codegen value helpers fix Int-to-Ref boxing payload contracts before LLVM codegen
UMB-0815,B-17,InternalBugSentinel,crates/scoopc/src/llvm/codegen/main/coerce.rs,385,enum -> ref coercion value,P7-B2.5,scalar coercion/operator verifier contract,centralized codegen value helpers fix Enum-to-Ref boxing payload contracts before LLVM codegen
UMB-0816,B-17,InternalBugSentinel,crates/scoopc/src/llvm/codegen/main/coerce.rs,422,value coercion pointer-like enum,P7-B2.5,scalar coercion/operator verifier contract,typecheck/operator gate fixes pointer-like Option coercion contracts before LLVM codegen
UMB-0817,B-17,InternalBugSentinel,crates/scoopc/src/llvm/codegen/main/coerce.rs,457,Option<T> inner type,P7-B2.5,scalar coercion/operator verifier contract,type verifier fixes Option inner codegen type contracts before LLVM codegen
UMB-0820,B-18,InternalBugSentinel,crates/scoopc/src/llvm/codegen/main/context.rs,307,source-backed literal span,P7-B2.5,literal/string verifier contract,parser/typecheck literal gate fixes source-backed literal span contracts before LLVM codegen
UMB-0821,B-18,InternalBugSentinel,crates/scoopc/src/llvm/codegen/main/context.rs,314,source-backed literal slice,P7-B2.5,literal/string verifier contract,parser/typecheck literal gate fixes source-backed literal slice contracts before LLVM codegen
UMB-0833,B-17,InternalBugSentinel,crates/scoopc/src/llvm/codegen/main/expr_op.rs,124,cast target type,P7-B2.5,scalar coercion/operator verifier contract,typecheck/operator gate fixes raw HIR cast target contracts before LLVM codegen
UMB-0834,B-17,InternalBugSentinel,crates/scoopc/src/llvm/codegen/main/expr_op.rs,132,cast target (ref),P7-B2.5,scalar coercion/operator verifier contract,typecheck/operator gate fixes raw HIR cast target contracts before LLVM codegen
UMB-0835,B-17,InternalBugSentinel,crates/scoopc/src/llvm/codegen/main/expr_op.rs,144,cast operand (ref),P7-B2.5,scalar coercion/operator verifier contract,typecheck/operator gate fixes raw HIR cast operand contracts before LLVM codegen
UMB-0836,B-17,InternalBugSentinel,crates/scoopc/src/llvm/codegen/main/expr_op.rs,151,cast operand value,P7-B2.5,scalar coercion/operator verifier contract,typecheck/operator gate and centralized codegen value helpers fix raw HIR cast operand contracts before LLVM codegen
UMB-0837,B-17,InternalBugSentinel,crates/scoopc/src/llvm/codegen/main/expr_op.rs,157,cast operand type,P7-B2.5,scalar coercion/operator verifier contract,typecheck/operator gate and centralized codegen value helpers fix raw HIR cast operand contracts before LLVM codegen
UMB-0841,B-17,InternalBugSentinel,crates/scoopc/src/llvm/codegen/main/expr_op.rs,239,cast result type,P7-B2.5,scalar coercion/operator verifier contract,typecheck/operator gate fixes raw HIR nullable cast result contracts before LLVM codegen
UMB-0843,B-17,InternalBugSentinel,crates/scoopc/src/llvm/codegen/main/expr_op.rs,252,cast target type,P7-B2.5,scalar coercion/operator verifier contract,typecheck/operator gate fixes raw HIR nullable cast target contracts before LLVM codegen
UMB-0940,B-18,InternalBugSentinel,crates/scoopc/src/llvm/codegen/main/literal.rs,80,int literal type,P7-B2.5,literal/string verifier contract,parser/typecheck literal gate fixes integer literal target type contracts before LLVM codegen
UMB-0941,B-18,InternalBugSentinel,crates/scoopc/src/llvm/codegen/main/literal.rs,163,scoop_alloc_typed return value,P7-B2.5,literal/string verifier contract,centralized codegen helper fixes string allocation return-value contracts before LLVM codegen
UMB-0021,B-23,InternalBugSentinel,crates/scoopc/src/llvm/codegen/call/lowering.rs,666,itable value-box receiver type,P7-B2.6,member access metadata verifier,member receiver/target/dispatch metadata contracts are verified before LLVM codegen
UMB-0026,B-23,InternalBugSentinel,crates/scoopc/src/llvm/codegen/call/lowering.rs,977,itable value receiver target signature,P7-B2.6,member access metadata verifier,member receiver/target/dispatch metadata contracts are verified before LLVM codegen
UMB-0036,B-19,InternalBugSentinel,crates/scoopc/src/llvm/codegen/call/lowering.rs,1622,function value top-level type,P7-B2.6,top-level/object metadata verifier,materialized top-level/object metadata contract and LLVM invariant helpers replace codegen fallback
UMB-0040,B-22,InternalBugSentinel,crates/scoopc/src/llvm/codegen/call/lowering.rs,1790,enum variant ctor call without expected enum type,P7-B2.6,enum/niche layout verifier,enum variant/payload/niche layout contracts are verified before LLVM codegen
UMB-0049,B-23,InternalBugSentinel,crates/scoopc/src/llvm/codegen/call/lowering.rs,2300,vtable call receiver type,P7-B2.6,member access metadata verifier,member receiver/target/dispatch metadata contracts are verified before LLVM codegen
UMB-0060,B-23,InternalBugSentinel,crates/scoopc/src/llvm/codegen/call/lowering.rs,2783,itable call receiver type,P7-B2.6,member access metadata verifier,member receiver/target/dispatch metadata contracts are verified before LLVM codegen
UMB-0061,B-20,InternalBugSentinel,crates/scoopc/src/llvm/codegen/class_ctor.rs,44,class ctor call candidate class,P7-B2.6,class layout/member verifier,class ctor/field layout contracts are verified before LLVM codegen
UMB-0062,B-20,InternalBugSentinel,crates/scoopc/src/llvm/codegen/class_ctor.rs,86,scoop_alloc_typed return value,P7-B2.6,class layout/member verifier,class ctor/field layout contracts are verified before LLVM codegen
UMB-0063,B-20,InternalBugSentinel,crates/scoopc/src/llvm/codegen/class_ctor.rs,91,scoop_alloc_typed return type,P7-B2.6,class layout/member verifier,class ctor/field layout contracts are verified before LLVM codegen
UMB-0065,B-20,InternalBugSentinel,crates/scoopc/src/llvm/codegen/class_ctor.rs,197,class ctor call active block,P7-B2.6,class layout/member verifier,class ctor/field layout contracts are verified before LLVM codegen
UMB-0066,B-20,InternalBugSentinel,crates/scoopc/src/llvm/codegen/class_ctor.rs,212,class ctor call inactive block,P7-B2.6,class layout/member verifier,class ctor/field layout contracts are verified before LLVM codegen
UMB-0067,B-20,InternalBugSentinel,crates/scoopc/src/llvm/codegen/class_ctor.rs,264,DYNAMIC:kind,P7-B2.6,class layout/member verifier,class ctor/field layout contracts are verified before LLVM codegen
UMB-0069,B-20,InternalBugSentinel,crates/scoopc/src/llvm/codegen/class_ctor.rs,283,DYNAMIC:kind,P7-B2.6,class layout/member verifier,class ctor/field layout contracts are verified before LLVM codegen
UMB-0068,B-20,InternalBugSentinel,crates/scoopc/src/llvm/codegen/class_ctor.rs,276,DYNAMIC:kind,P7-B2.6,class layout/member verifier,class ctor/field layout contracts are verified before LLVM codegen
UMB-0070,B-20,InternalBugSentinel,crates/scoopc/src/llvm/codegen/class_ctor.rs,300,DYNAMIC:kind,P7-B2.6,class layout/member verifier,class ctor/field layout contracts are verified before LLVM codegen
UMB-0071,B-20,InternalBugSentinel,crates/scoopc/src/llvm/codegen/class_ctor.rs,308,DYNAMIC:kind,P7-B2.6,class layout/member verifier,class ctor/field layout contracts are verified before LLVM codegen
UMB-0072,B-20,InternalBugSentinel,crates/scoopc/src/llvm/codegen/class_ctor.rs,324,DYNAMIC:kind,P7-B2.6,class layout/member verifier,class ctor/field layout contracts are verified before LLVM codegen
UMB-0073,B-20,InternalBugSentinel,crates/scoopc/src/llvm/codegen/class_ctor.rs,329,DYNAMIC:kind,P7-B2.6,class layout/member verifier,class ctor/field layout contracts are verified before LLVM codegen
UMB-0074,B-20,InternalBugSentinel,crates/scoopc/src/llvm/codegen/class_ctor.rs,337,DYNAMIC:kind,P7-B2.6,class layout/member verifier,class ctor/field layout contracts are verified before LLVM codegen
UMB-0075,B-20,InternalBugSentinel,crates/scoopc/src/llvm/codegen/class_ctor.rs,348,DYNAMIC:kind,P7-B2.6,class layout/member verifier,class ctor/field layout contracts are verified before LLVM codegen
UMB-0076,B-20,InternalBugSentinel,crates/scoopc/src/llvm/codegen/class_ctor.rs,355,class ctor param type,P7-B2.6,class layout/member verifier,class ctor/field layout contracts are verified before LLVM codegen
UMB-0077,B-20,InternalBugSentinel,crates/scoopc/src/llvm/codegen/class_ctor.rs,411,DYNAMIC:kind,P7-B2.6,class layout/member verifier,class ctor/field layout contracts are verified before LLVM codegen
UMB-0078,B-20,InternalBugSentinel,crates/scoopc/src/llvm/codegen/class_ctor.rs,417,class ctor param type,P7-B2.6,class layout/member verifier,class ctor/field layout contracts are verified before LLVM codegen
UMB-0079,B-20,InternalBugSentinel,crates/scoopc/src/llvm/codegen/class_ctor.rs,441,DYNAMIC:kind,P7-B2.6,class layout/member verifier,class ctor/field layout contracts are verified before LLVM codegen
UMB-0080,B-20,InternalBugSentinel,crates/scoopc/src/llvm/codegen/class_ctor.rs,464,class ctor param type,P7-B2.6,class layout/member verifier,class ctor/field layout contracts are verified before LLVM codegen
UMB-0081,B-20,InternalBugSentinel,crates/scoopc/src/llvm/codegen/class_ctor.rs,552,class ctor param type,P7-B2.6,class layout/member verifier,class ctor/field layout contracts are verified before LLVM codegen
UMB-0082,B-20,InternalBugSentinel,crates/scoopc/src/llvm/codegen/class_ctor.rs,558,class ctor param property fqn,P7-B2.6,class layout/member verifier,class ctor/field layout contracts are verified before LLVM codegen
UMB-0083,B-20,InternalBugSentinel,crates/scoopc/src/llvm/codegen/class_ctor.rs,564,class ctor param property field index,P7-B2.6,class layout/member verifier,class ctor/field layout contracts are verified before LLVM codegen
UMB-0084,B-20,InternalBugSentinel,crates/scoopc/src/llvm/codegen/class_ctor.rs,573,class ctor param local slot,P7-B2.6,class layout/member verifier,class ctor/field layout contracts are verified before LLVM codegen
UMB-0085,B-20,InternalBugSentinel,crates/scoopc/src/llvm/codegen/class_ctor.rs,595,class property init field index,P7-B2.6,class layout/member verifier,class ctor/field layout contracts are verified before LLVM codegen
UMB-0086,B-20,InternalBugSentinel,crates/scoopc/src/llvm/codegen/class_ctor.rs,601,class property init field,P7-B2.6,class layout/member verifier,class ctor/field layout contracts are verified before LLVM codegen
UMB-0087,B-20,InternalBugSentinel,crates/scoopc/src/llvm/codegen/class_ctor.rs,608,class property init field type,P7-B2.6,class layout/member verifier,class ctor/field layout contracts are verified before LLVM codegen
UMB-0088,B-20,InternalBugSentinel,crates/scoopc/src/llvm/codegen/class_ctor.rs,679,class ctor delegation cycle,P7-B2.6,class layout/member verifier,class ctor/field layout contracts are verified before LLVM codegen
UMB-0089,B-20,InternalBugSentinel,crates/scoopc/src/llvm/codegen/class_ctor.rs,728,class ctor call arg/param len mismatch,P7-B2.6,class layout/member verifier,class ctor/field layout contracts are verified before LLVM codegen
UMB-0090,B-20,InternalBugSentinel,crates/scoopc/src/llvm/codegen/class_ctor.rs,737,class ctor param type,P7-B2.6,class layout/member verifier,class ctor/field layout contracts are verified before LLVM codegen
UMB-0091,B-20,InternalBugSentinel,crates/scoopc/src/llvm/codegen/class_ctor.rs,895,class ctor this local,P7-B2.6,class layout/member verifier,class ctor/field layout contracts are verified before LLVM codegen
UMB-0129,B-22,InternalBugSentinel,crates/scoopc/src/llvm/codegen/control_flow.rs,409,Option niche pointer none_value (must be NULL),P7-B2.6,enum/niche layout verifier,enum variant/payload/niche layout contracts are verified before LLVM codegen
UMB-0149,B-22,InternalBugSentinel,crates/scoopc/src/llvm/codegen/control_flow.rs,1128,niche enum variant arity,P7-B2.6,enum/niche layout verifier,enum variant/payload/niche layout contracts are verified before LLVM codegen
UMB-0153,B-22,InternalBugSentinel,crates/scoopc/src/llvm/codegen/control_flow.rs,1233,niche enum payload type,P7-B2.6,enum/niche layout verifier,enum variant/payload/niche layout contracts are verified before LLVM codegen
UMB-0158,B-22,InternalBugSentinel,crates/scoopc/src/llvm/codegen/control_flow.rs,1483,Option niche pointer none_value (must be NULL),P7-B2.6,enum/niche layout verifier,enum variant/payload/niche layout contracts are verified before LLVM codegen
UMB-0382,B-22,InternalBugSentinel,crates/scoopc/src/llvm/codegen/enum_lowering.rs,14,unresolved ident without expected enum type,P7-B2.6,enum/niche layout verifier,enum variant/payload/niche layout contracts are verified before LLVM codegen
UMB-0383,B-22,InternalBugSentinel,crates/scoopc/src/llvm/codegen/enum_lowering.rs,22,unknown enum variant,P7-B2.6,enum/niche layout verifier,enum variant/payload/niche layout contracts are verified before LLVM codegen
UMB-0384,B-22,InternalBugSentinel,crates/scoopc/src/llvm/codegen/enum_lowering.rs,31,non-zero-arity enum variant used as value,P7-B2.6,enum/niche layout verifier,enum variant/payload/niche layout contracts are verified before LLVM codegen
UMB-0385,B-22,InternalBugSentinel,crates/scoopc/src/llvm/codegen/enum_lowering.rs,52,unknown enum variant,P7-B2.6,enum/niche layout verifier,enum variant/payload/niche layout contracts are verified before LLVM codegen
UMB-0386,B-22,InternalBugSentinel,crates/scoopc/src/llvm/codegen/enum_lowering.rs,59,enum variant ctor arity mismatch,P7-B2.6,enum/niche layout verifier,enum variant/payload/niche layout contracts are verified before LLVM codegen
UMB-0387,B-22,InternalBugSentinel,crates/scoopc/src/llvm/codegen/enum_lowering.rs,70,named enum ctor arg,P7-B2.6,enum/niche layout verifier,enum variant/payload/niche layout contracts are verified before LLVM codegen
UMB-0388,B-22,InternalBugSentinel,crates/scoopc/src/llvm/codegen/enum_lowering.rs,104,unknown enum variant,P7-B2.6,enum/niche layout verifier,enum variant/payload/niche layout contracts are verified before LLVM codegen
UMB-0389,B-22,InternalBugSentinel,crates/scoopc/src/llvm/codegen/enum_lowering.rs,111,enum variant ctor arity mismatch,P7-B2.6,enum/niche layout verifier,enum variant/payload/niche layout contracts are verified before LLVM codegen
UMB-0390,B-22,InternalBugSentinel,crates/scoopc/src/llvm/codegen/enum_lowering.rs,152,scoop_alloc_typed return value (enum boxed payload),P7-B2.6,enum/niche layout verifier,enum variant/payload/niche layout contracts are verified before LLVM codegen
UMB-0391,B-22,InternalBugSentinel,crates/scoopc/src/llvm/codegen/enum_lowering.rs,157,scoop_alloc_typed return type (enum boxed payload),P7-B2.6,enum/niche layout verifier,enum variant/payload/niche layout contracts are verified before LLVM codegen
UMB-0392,B-22,InternalBugSentinel,crates/scoopc/src/llvm/codegen/enum_lowering.rs,173,enum boxed payload field (never),P7-B2.6,enum/niche layout verifier,enum variant/payload/niche layout contracts are verified before LLVM codegen
UMB-0393,B-22,InternalBugSentinel,crates/scoopc/src/llvm/codegen/enum_lowering.rs,178,enum boxed payload field value,P7-B2.6,enum/niche layout verifier,enum variant/payload/niche layout contracts are verified before LLVM codegen
UMB-0394,B-22,InternalBugSentinel,crates/scoopc/src/llvm/codegen/enum_lowering.rs,276,enum payload bool,P7-B2.6,enum/niche layout verifier,enum variant/payload/niche layout contracts are verified before LLVM codegen
UMB-0395,B-22,InternalBugSentinel,crates/scoopc/src/llvm/codegen/enum_lowering.rs,289,enum payload int,P7-B2.6,enum/niche layout verifier,enum variant/payload/niche layout contracts are verified before LLVM codegen
UMB-0396,B-22,InternalBugSentinel,crates/scoopc/src/llvm/codegen/enum_lowering.rs,318,enum payload string,P7-B2.6,enum/niche layout verifier,enum variant/payload/niche layout contracts are verified before LLVM codegen
UMB-0397,B-22,InternalBugSentinel,crates/scoopc/src/llvm/codegen/enum_lowering.rs,324,enum payload string,P7-B2.6,enum/niche layout verifier,enum variant/payload/niche layout contracts are verified before LLVM codegen
UMB-0398,B-22,InternalBugSentinel,crates/scoopc/src/llvm/codegen/enum_lowering.rs,341,enum payload ref,P7-B2.6,enum/niche layout verifier,enum variant/payload/niche layout contracts are verified before LLVM codegen
UMB-0399,B-22,InternalBugSentinel,crates/scoopc/src/llvm/codegen/enum_lowering.rs,347,enum payload ref,P7-B2.6,enum/niche layout verifier,enum variant/payload/niche layout contracts are verified before LLVM codegen
UMB-0400,B-22,InternalBugSentinel,crates/scoopc/src/llvm/codegen/enum_lowering.rs,370,enum payload nested enum,P7-B2.6,enum/niche layout verifier,enum variant/payload/niche layout contracts are verified before LLVM codegen
UMB-0401,B-22,InternalBugSentinel,crates/scoopc/src/llvm/codegen/enum_lowering.rs,385,nested niche enum pointer none_value (must be NULL),P7-B2.6,enum/niche layout verifier,enum variant/payload/niche layout contracts are verified before LLVM codegen
UMB-0402,B-22,InternalBugSentinel,crates/scoopc/src/llvm/codegen/enum_lowering.rs,392,nested niche enum payload (ptr),P7-B2.6,enum/niche layout verifier,enum variant/payload/niche layout contracts are verified before LLVM codegen
UMB-0403,B-22,InternalBugSentinel,crates/scoopc/src/llvm/codegen/enum_lowering.rs,410,nested niche enum payload (u8),P7-B2.6,enum/niche layout verifier,enum variant/payload/niche layout contracts are verified before LLVM codegen
UMB-0404,B-22,InternalBugSentinel,crates/scoopc/src/llvm/codegen/enum_lowering.rs,515,Option niche pointer none_value (must be NULL),P7-B2.6,enum/niche layout verifier,enum variant/payload/niche layout contracts are verified before LLVM codegen
UMB-0405,B-22,InternalBugSentinel,crates/scoopc/src/llvm/codegen/enum_lowering.rs,522,Option niche payload type,P7-B2.6,enum/niche layout verifier,enum variant/payload/niche layout contracts are verified before LLVM codegen
UMB-0406,B-22,InternalBugSentinel,crates/scoopc/src/llvm/codegen/enum_lowering.rs,528,Option niche storage (non-pointer),P7-B2.6,enum/niche layout verifier,enum variant/payload/niche layout contracts are verified before LLVM codegen
UMB-0407,B-22,InternalBugSentinel,crates/scoopc/src/llvm/codegen/enum_lowering.rs,537,Option niche Some payload missing,P7-B2.6,enum/niche layout verifier,enum variant/payload/niche layout contracts are verified before LLVM codegen
UMB-0408,B-22,InternalBugSentinel,crates/scoopc/src/llvm/codegen/enum_lowering.rs,548,Option niche tag,P7-B2.6,enum/niche layout verifier,enum variant/payload/niche layout contracts are verified before LLVM codegen
UMB-0409,B-22,InternalBugSentinel,crates/scoopc/src/llvm/codegen/enum_lowering.rs,605,enum variant with payload used as value,P7-B2.6,enum/niche layout verifier,enum variant/payload/niche layout contracts are verified before LLVM codegen
UMB-0410,B-22,InternalBugSentinel,crates/scoopc/src/llvm/codegen/enum_lowering.rs,621,enum type id for qualified variant value,P7-B2.6,enum/niche layout verifier,enum variant/payload/niche layout contracts are verified before LLVM codegen
UMB-0745,B-20,InternalBugSentinel,crates/scoopc/src/llvm/codegen/layout.rs,170,class field index,P7-B2.6,class layout/member verifier,class ctor/field layout contracts are verified before LLVM codegen
UMB-0746,B-20,InternalBugSentinel,crates/scoopc/src/llvm/codegen/layout.rs,176,class field type,P7-B2.6,class layout/member verifier,class ctor/field layout contracts are verified before LLVM codegen
UMB-0751,B-20,InternalBugSentinel,crates/scoopc/src/llvm/codegen/layout.rs,273,class field index out of bounds,P7-B2.6,class layout/member verifier,class ctor/field layout contracts are verified before LLVM codegen
UMB-0757,B-22,InternalBugSentinel,crates/scoopc/src/llvm/codegen/layout.rs,546,Option<T> inner type,P7-B2.6,enum/niche layout verifier,enum variant/payload/niche layout contracts are verified before LLVM codegen
UMB-0758,B-22,InternalBugSentinel,crates/scoopc/src/llvm/codegen/layout.rs,575,enum layout,P7-B2.6,enum/niche layout verifier,enum variant/payload/niche layout contracts are verified before LLVM codegen
UMB-0781,B-20,InternalBugSentinel,crates/scoopc/src/llvm/codegen/main/call.rs,109,class field index,P7-B2.6,class layout/member verifier,class ctor/field layout contracts are verified before LLVM codegen
UMB-0782,B-20,InternalBugSentinel,crates/scoopc/src/llvm/codegen/main/call.rs,117,class field receiver value,P7-B2.6,class layout/member verifier,class ctor/field layout contracts are verified before LLVM codegen
UMB-0783,B-20,InternalBugSentinel,crates/scoopc/src/llvm/codegen/main/call.rs,123,class field receiver type,P7-B2.6,class layout/member verifier,class ctor/field layout contracts are verified before LLVM codegen
UMB-0870,B-20,InternalBugSentinel,crates/scoopc/src/llvm/codegen/main/expr_value.rs,353,class field receiver value,P7-B2.6,class layout/member verifier,class ctor/field layout contracts are verified before LLVM codegen
UMB-0871,B-20,InternalBugSentinel,crates/scoopc/src/llvm/codegen/main/expr_value.rs,359,class field receiver type,P7-B2.6,class layout/member verifier,class ctor/field layout contracts are verified before LLVM codegen
UMB-0872,B-23,InternalBugSentinel,crates/scoopc/src/llvm/codegen/main/expr_value.rs,418,member access receiver type,P7-B2.6,member access metadata verifier,member receiver/target/dispatch metadata contracts are verified before LLVM codegen
UMB-0873,B-23,InternalBugSentinel,crates/scoopc/src/llvm/codegen/main/expr_value.rs,429,member access receiver value,P7-B2.6,member access metadata verifier,member receiver/target/dispatch metadata contracts are verified before LLVM codegen
UMB-0874,B-23,InternalBugSentinel,crates/scoopc/src/llvm/codegen/main/expr_value.rs,440,member access target,P7-B2.6,member access metadata verifier,member receiver/target/dispatch metadata contracts are verified before LLVM codegen
UMB-0875,B-23,InternalBugSentinel,crates/scoopc/src/llvm/codegen/main/expr_value.rs,450,member access target,P7-B2.6,member access metadata verifier,member receiver/target/dispatch metadata contracts are verified before LLVM codegen
UMB-0876,B-23,InternalBugSentinel,crates/scoopc/src/llvm/codegen/main/expr_value.rs,489,member access receiver type,P7-B2.6,member access metadata verifier,member receiver/target/dispatch metadata contracts are verified before LLVM codegen
UMB-0877,B-23,InternalBugSentinel,crates/scoopc/src/llvm/codegen/main/expr_value.rs,500,member access receiver value,P7-B2.6,member access metadata verifier,member receiver/target/dispatch metadata contracts are verified before LLVM codegen
UMB-0887,B-19,InternalBugSentinel,crates/scoopc/src/llvm/codegen/main/frame.rs,826,explicit root frame descriptor global,P7-B2.6,top-level/object metadata verifier,materialized top-level/object metadata contract and LLVM invariant helpers replace codegen fallback
UMB-0904,B-19,InternalBugSentinel,crates/scoopc/src/llvm/codegen/main/globals.rs,25,class field index,P7-B2.6,top-level/object metadata verifier,materialized top-level/object metadata contract and LLVM invariant helpers replace codegen fallback
UMB-0905,B-19,InternalBugSentinel,crates/scoopc/src/llvm/codegen/main/globals.rs,33,class field receiver value,P7-B2.6,top-level/object metadata verifier,materialized top-level/object metadata contract and LLVM invariant helpers replace codegen fallback
UMB-0906,B-19,InternalBugSentinel,crates/scoopc/src/llvm/codegen/main/globals.rs,39,class field receiver type,P7-B2.6,top-level/object metadata verifier,materialized top-level/object metadata contract and LLVM invariant helpers replace codegen fallback
UMB-0907,B-19,InternalBugSentinel,crates/scoopc/src/llvm/codegen/main/globals.rs,83,top-level var type,P7-B2.6,top-level/object metadata verifier,materialized top-level/object metadata contract and LLVM invariant helpers replace codegen fallback
UMB-0910,B-19,InternalBugSentinel,crates/scoopc/src/llvm/codegen/main/globals.rs,195,top-level var initializer (bool const),P7-B2.6,top-level/object metadata verifier,materialized top-level/object metadata contract and LLVM invariant helpers replace codegen fallback
UMB-0911,B-19,InternalBugSentinel,crates/scoopc/src/llvm/codegen/main/globals.rs,206,top-level var initializer (int const),P7-B2.6,top-level/object metadata verifier,materialized top-level/object metadata contract and LLVM invariant helpers replace codegen fallback
UMB-0912,B-19,InternalBugSentinel,crates/scoopc/src/llvm/codegen/main/globals.rs,215,top-level var initializer (float const),P7-B2.6,top-level/object metadata verifier,materialized top-level/object metadata contract and LLVM invariant helpers replace codegen fallback
UMB-0913,B-19,InternalBugSentinel,crates/scoopc/src/llvm/codegen/main/globals.rs,222,top-level var initializer (aggregate const),P7-B2.6,top-level/object metadata verifier,materialized top-level/object metadata contract and LLVM invariant helpers replace codegen fallback
UMB-0914,B-19,InternalBugSentinel,crates/scoopc/src/llvm/codegen/main/globals.rs,228,top-level var initializer (non-gc-free),P7-B2.6,top-level/object metadata verifier,materialized top-level/object metadata contract and LLVM invariant helpers replace codegen fallback
UMB-0922,B-19,InternalBugSentinel,crates/scoopc/src/llvm/codegen/main/immut_value.rs,58,recursive top-level const ref,P7-B2.6,top-level/object metadata verifier,materialized top-level/object metadata contract and LLVM invariant helpers replace codegen fallback
UMB-0923,B-19,InternalBugSentinel,crates/scoopc/src/llvm/codegen/main/immut_value.rs,67,top-level const without initializer,P7-B2.6,top-level/object metadata verifier,materialized top-level/object metadata contract and LLVM invariant helpers replace codegen fallback
UMB-0924,B-19,InternalBugSentinel,crates/scoopc/src/llvm/codegen/main/immut_value.rs,73,top-level const type,P7-B2.6,top-level/object metadata verifier,materialized top-level/object metadata contract and LLVM invariant helpers replace codegen fallback
UMB-0927,B-19,InternalBugSentinel,crates/scoopc/src/llvm/codegen/main/immut_value.rs,199,top-level immutable value init (missing metadata),P7-B2.6,top-level/object metadata verifier,materialized top-level/object metadata contract and LLVM invariant helpers replace codegen fallback
UMB-0928,B-19,InternalBugSentinel,crates/scoopc/src/llvm/codegen/main/immut_value.rs,233,hidden top-level immutable init bridge (missing metadata),P7-B2.6,top-level/object metadata verifier,materialized top-level/object metadata contract and LLVM invariant helpers replace codegen fallback
UMB-0929,B-19,InternalBugSentinel,crates/scoopc/src/llvm/codegen/main/immut_value.rs,324,top-level immutable value once begin return value,P7-B2.6,top-level/object metadata verifier,materialized top-level/object metadata contract and LLVM invariant helpers replace codegen fallback
UMB-0930,B-19,InternalBugSentinel,crates/scoopc/src/llvm/codegen/main/immut_value.rs,329,top-level immutable value once begin return type,P7-B2.6,top-level/object metadata verifier,materialized top-level/object metadata contract and LLVM invariant helpers replace codegen fallback
UMB-0931,B-19,InternalBugSentinel,crates/scoopc/src/llvm/codegen/main/immut_value.rs,349,top-level immutable value without initializer,P7-B2.6,top-level/object metadata verifier,materialized top-level/object metadata contract and LLVM invariant helpers replace codegen fallback
UMB-0932,B-19,InternalBugSentinel,crates/scoopc/src/llvm/codegen/main/immut_value.rs,355,top-level immutable value type,P7-B2.6,top-level/object metadata verifier,materialized top-level/object metadata contract and LLVM invariant helpers replace codegen fallback
UMB-0933,B-19,InternalBugSentinel,crates/scoopc/src/llvm/codegen/main/immut_value.rs,391,top-level immutable value type,P7-B2.6,top-level/object metadata verifier,materialized top-level/object metadata contract and LLVM invariant helpers replace codegen fallback
UMB-0934,B-19,InternalBugSentinel,crates/scoopc/src/llvm/codegen/main/immut_value.rs,424,top-level immutable value type,P7-B2.6,top-level/object metadata verifier,materialized top-level/object metadata contract and LLVM invariant helpers replace codegen fallback
UMB-0935,B-19,InternalBugSentinel,crates/scoopc/src/llvm/codegen/main/immut_value.rs,475,top-level value ref,P7-B2.6,top-level/object metadata verifier,materialized top-level/object metadata contract and LLVM invariant helpers replace codegen fallback
UMB-0936,B-19,InternalBugSentinel,crates/scoopc/src/llvm/codegen/main/immut_value.rs,483,top-level var type,P7-B2.6,top-level/object metadata verifier,materialized top-level/object metadata contract and LLVM invariant helpers replace codegen fallback
UMB-0982,B-20,InternalBugSentinel,crates/scoopc/src/llvm/codegen/mir_body/args.rs,33,class ctor param type,P7-B2.6,class layout/member verifier,class ctor/field layout contracts are verified before LLVM codegen
UMB-0986,B-20,InternalBugSentinel,crates/scoopc/src/llvm/codegen/mir_body/args.rs,197,class ctor active block,P7-B2.6,class layout/member verifier,class ctor/field layout contracts are verified before LLVM codegen
UMB-0987,B-20,InternalBugSentinel,crates/scoopc/src/llvm/codegen/mir_body/args.rs,212,class ctor inactive block,P7-B2.6,class layout/member verifier,class ctor/field layout contracts are verified before LLVM codegen
UMB-1004,B-20,InternalBugSentinel,crates/scoopc/src/llvm/codegen/mir_body/call.rs,497,pass MIR class ctor call site,P7-B2.6,class layout/member verifier,class ctor/field layout contracts are verified before LLVM codegen
UMB-1113,B-23,InternalBugSentinel,crates/scoopc/src/llvm/codegen/mir_body/dispatch.rs,185,static interface receiver type,P7-B2.6,member access metadata verifier,member receiver/target/dispatch metadata contracts are verified before LLVM codegen
UMB-1118,B-23,InternalBugSentinel,crates/scoopc/src/llvm/codegen/mir_body/dispatch.rs,334,plain interface receiver value,P7-B2.6,member access metadata verifier,member receiver/target/dispatch metadata contracts are verified before LLVM codegen
UMB-1120,B-23,InternalBugSentinel,crates/scoopc/src/llvm/codegen/mir_body/dispatch.rs,420,plain dispatch receiver value,P7-B2.6,member access metadata verifier,member receiver/target/dispatch metadata contracts are verified before LLVM codegen
UMB-1123,B-20,InternalBugSentinel,crates/scoopc/src/llvm/codegen/mir_body/dispatch.rs,558,class ctor selected ctor contract,P7-B2.6,class layout/member verifier,class ctor/field layout contracts are verified before LLVM codegen
UMB-1124,B-20,InternalBugSentinel,crates/scoopc/src/llvm/codegen/mir_body/dispatch.rs,565,class ctor selected ctor contract,P7-B2.6,class layout/member verifier,class ctor/field layout contracts are verified before LLVM codegen
UMB-1126,B-23,InternalBugSentinel,crates/scoopc/src/llvm/codegen/mir_body/member.rs,72,pass MIR enum ctor type,P7-B2.6,member access metadata verifier,member receiver/target/dispatch metadata contracts are verified before LLVM codegen
UMB-1127,B-22,InternalBugSentinel,crates/scoopc/src/llvm/codegen/mir_body/member.rs,82,pass MIR unknown enum variant,P7-B2.6,enum/niche layout verifier,enum variant/payload/niche layout contracts are verified before LLVM codegen
UMB-1128,B-22,InternalBugSentinel,crates/scoopc/src/llvm/codegen/mir_body/member.rs,88,pass MIR enum variant ctor arity,P7-B2.6,enum/niche layout verifier,enum variant/payload/niche layout contracts are verified before LLVM codegen
UMB-1129,B-22,InternalBugSentinel,crates/scoopc/src/llvm/codegen/mir_body/member.rs,94,pass MIR enum payload schema,P7-B2.6,enum/niche layout verifier,enum variant/payload/niche layout contracts are verified before LLVM codegen
UMB-1130,B-23,InternalBugSentinel,crates/scoopc/src/llvm/codegen/mir_body/member.rs,102,pass MIR named enum ctor arg,P7-B2.6,member access metadata verifier,member receiver/target/dispatch metadata contracts are verified before LLVM codegen
UMB-1138,B-19,InternalBugSentinel,crates/scoopc/src/llvm/codegen/mir_body/member.rs,217,pass MIR top-level var store target,P7-B2.6,top-level/object metadata verifier,materialized top-level/object metadata contract and LLVM invariant helpers replace codegen fallback
UMB-1139,B-19,InternalBugSentinel,crates/scoopc/src/llvm/codegen/mir_body/member.rs,223,pass MIR top-level var store target type,P7-B2.6,top-level/object metadata verifier,materialized top-level/object metadata contract and LLVM invariant helpers replace codegen fallback
UMB-1140,B-23,InternalBugSentinel,crates/scoopc/src/llvm/codegen/mir_body/member.rs,255,pass MIR class member receiver operand type,P7-B2.6,member access metadata verifier,member receiver/target/dispatch metadata contracts are verified before LLVM codegen
UMB-1143,B-23,InternalBugSentinel,crates/scoopc/src/llvm/codegen/mir_body/member.rs,280,pass MIR class member receiver value,P7-B2.6,member access metadata verifier,member receiver/target/dispatch metadata contracts are verified before LLVM codegen
UMB-1144,B-23,InternalBugSentinel,crates/scoopc/src/llvm/codegen/mir_body/member.rs,286,pass MIR class member receiver type,P7-B2.6,member access metadata verifier,member receiver/target/dispatch metadata contracts are verified before LLVM codegen
UMB-1145,B-23,InternalBugSentinel,crates/scoopc/src/llvm/codegen/mir_body/member.rs,303,pass MIR member receiver type,P7-B2.6,member access metadata verifier,member receiver/target/dispatch metadata contracts are verified before LLVM codegen
UMB-1147,B-23,InternalBugSentinel,crates/scoopc/src/llvm/codegen/mir_body/member.rs,323,pass MIR member receiver type drift,P7-B2.6,member access metadata verifier,member receiver/target/dispatch metadata contracts are verified before LLVM codegen
UMB-1177,B-23,InternalBugSentinel,crates/scoopc/src/llvm/codegen/mir_body/mod.rs,263,pass MIR member target is not value,P7-B2.6,member access metadata verifier,member receiver/target/dispatch metadata contracts are verified before LLVM codegen
UMB-1178,B-23,InternalBugSentinel,crates/scoopc/src/llvm/codegen/mir_body/mod.rs,267,pass MIR member target unresolved,P7-B2.6,member access metadata verifier,member receiver/target/dispatch metadata contracts are verified before LLVM codegen
UMB-1223,B-23,InternalBugSentinel,crates/scoopc/src/llvm/codegen/mir_body/types.rs,604,pass MIR member receiver type,P7-B2.6,member access metadata verifier,member receiver/target/dispatch metadata contracts are verified before LLVM codegen
UMB-1224,B-23,InternalBugSentinel,crates/scoopc/src/llvm/codegen/mir_body/types.rs,731,pass MIR member receiver type,P7-B2.6,member access metadata verifier,member receiver/target/dispatch metadata contracts are verified before LLVM codegen
UMB-1231,B-19,InternalBugSentinel,crates/scoopc/src/llvm/codegen/object_init.rs,30,object property access (missing metadata),P7-B2.6,top-level/object metadata verifier,materialized top-level/object metadata contract and LLVM invariant helpers replace codegen fallback
UMB-1232,B-19,InternalBugSentinel,crates/scoopc/src/llvm/codegen/object_init.rs,38,object property without initializer,P7-B2.6,top-level/object metadata verifier,materialized top-level/object metadata contract and LLVM invariant helpers replace codegen fallback
UMB-1233,B-19,InternalBugSentinel,crates/scoopc/src/llvm/codegen/object_init.rs,46,object property type,P7-B2.6,top-level/object metadata verifier,materialized top-level/object metadata contract and LLVM invariant helpers replace codegen fallback
UMB-1234,B-19,InternalBugSentinel,crates/scoopc/src/llvm/codegen/object_init.rs,77,object property access (missing metadata),P7-B2.6,top-level/object metadata verifier,materialized top-level/object metadata contract and LLVM invariant helpers replace codegen fallback
UMB-1235,B-19,InternalBugSentinel,crates/scoopc/src/llvm/codegen/object_init.rs,84,object property type,P7-B2.6,top-level/object metadata verifier,materialized top-level/object metadata contract and LLVM invariant helpers replace codegen fallback
UMB-1236,B-19,InternalBugSentinel,crates/scoopc/src/llvm/codegen/object_init.rs,106,hidden object init bridge (missing metadata),P7-B2.6,top-level/object metadata verifier,materialized top-level/object metadata contract and LLVM invariant helpers replace codegen fallback
UMB-1237,B-19,InternalBugSentinel,crates/scoopc/src/llvm/codegen/object_init.rs,169,object init (missing metadata),P7-B2.6,top-level/object metadata verifier,materialized top-level/object metadata contract and LLVM invariant helpers replace codegen fallback
UMB-1238,B-19,InternalBugSentinel,crates/scoopc/src/llvm/codegen/object_init.rs,237,object init once begin return value,P7-B2.6,top-level/object metadata verifier,materialized top-level/object metadata contract and LLVM invariant helpers replace codegen fallback
UMB-1239,B-19,InternalBugSentinel,crates/scoopc/src/llvm/codegen/object_init.rs,242,object init once begin return type,P7-B2.6,top-level/object metadata verifier,materialized top-level/object metadata contract and LLVM invariant helpers replace codegen fallback
UMB-1240,B-19,InternalBugSentinel,crates/scoopc/src/llvm/codegen/object_init.rs,277,object property init (missing property),P7-B2.6,top-level/object metadata verifier,materialized top-level/object metadata contract and LLVM invariant helpers replace codegen fallback
UMB-1241,B-19,InternalBugSentinel,crates/scoopc/src/llvm/codegen/object_init.rs,285,object property init type,P7-B2.6,top-level/object metadata verifier,materialized top-level/object metadata contract and LLVM invariant helpers replace codegen fallback
UMB-1242,B-19,InternalBugSentinel,crates/scoopc/src/llvm/codegen/object_init.rs,396,scoop_alloc_typed return value,P7-B2.6,top-level/object metadata verifier,materialized top-level/object metadata contract and LLVM invariant helpers replace codegen fallback
UMB-1243,B-19,InternalBugSentinel,crates/scoopc/src/llvm/codegen/object_init.rs,401,scoop_alloc_typed return type,P7-B2.6,top-level/object metadata verifier,materialized top-level/object metadata contract and LLVM invariant helpers replace codegen fallback
UMB-1277,B-20,InternalBugSentinel,crates/scoopc/src/llvm/codegen/ty.rs,683,class field type,P7-B2.6,class layout/member verifier,class ctor/field layout contracts are verified before LLVM codegen
UMB-1276,B-20,InternalBugSentinel,crates/scoopc/src/llvm/codegen/ty.rs,667,class field type,P7-B2.6,class layout/member verifier,class ctor/field layout contracts are verified before LLVM codegen
UMB-1280,B-22,InternalBugSentinel,crates/scoopc/src/llvm/codegen/ty.rs,781,Option niche payload type,P7-B2.6,enum/niche layout verifier,enum variant/payload/niche layout contracts are verified before LLVM codegen
UMB-0215,B-34,InternalBugSentinel,crates/scoopc/src/llvm/codegen/effect_lowered/body/payload.rs,386,completion payload target type,P7-B2.7,runtime-error contract verifier,RuntimeError layout/completion payload/cast failure contracts are verified before LLVM codegen; legacy_gap=PIPELINE_GAPS §5.3
UMB-0216,B-34,InternalBugSentinel,crates/scoopc/src/llvm/codegen/effect_lowered/body/runtime_error.rs,81,RuntimeError enum layout,P7-B2.7,runtime-error contract verifier,RuntimeError layout/completion payload/cast failure contracts are verified before LLVM codegen; legacy_gap=PIPELINE_GAPS §5.3
UMB-0217,B-34,InternalBugSentinel,crates/scoopc/src/llvm/codegen/effect_lowered/body/runtime_error.rs,89,RuntimeError variant layout,P7-B2.7,runtime-error contract verifier,RuntimeError layout/completion payload/cast failure contracts are verified before LLVM codegen; legacy_gap=PIPELINE_GAPS §5.3
UMB-0218,B-34,InternalBugSentinel,crates/scoopc/src/llvm/codegen/effect_lowered/body/runtime_error.rs,94,RuntimeError payload variant arity,P7-B2.7,runtime-error contract verifier,RuntimeError layout/completion payload/cast failure contracts are verified before LLVM codegen; legacy_gap=PIPELINE_GAPS §5.3
UMB-0827,B-35,InternalBugSentinel,crates/scoopc/src/llvm/codegen/main/declare.rs,569,spill slot explicit frame mirrors,P7-B2.7,unsafe/NoGC frame boundary verifier,explicit frame slot and boundary payload contracts are verified before LLVM codegen
UMB-0828,B-35,InternalBugSentinel,crates/scoopc/src/llvm/codegen/main/declare.rs,576,spill slot/frame slot count mismatch,P7-B2.7,unsafe/NoGC frame boundary verifier,explicit frame slot and boundary payload contracts are verified before LLVM codegen
UMB-0881,B-35,InternalBugSentinel,crates/scoopc/src/llvm/codegen/main/frame.rs,446,spill slot/frame slot count mismatch,P7-B2.7,unsafe/NoGC frame boundary verifier,explicit frame slot and boundary payload contracts are verified before LLVM codegen
UMB-0885,B-35,InternalBugSentinel,crates/scoopc/src/llvm/codegen/main/frame.rs,716,value/frame slot count mismatch,P7-B2.7,unsafe/NoGC frame boundary verifier,explicit frame slot and boundary payload contracts are verified before LLVM codegen
UMB-0908,B-33,InternalBugSentinel,crates/scoopc/src/llvm/codegen/main/globals.rs,150,extern global initializer contract,P7-B2.7,extern global contract verifier,extern global type/initializer/store mutability contracts are verified before LLVM codegen
UMB-0909,B-33,InternalBugSentinel,crates/scoopc/src/llvm/codegen/main/globals.rs,157,extern global type,P7-B2.7,extern global contract verifier,extern global type/initializer/store mutability contracts are verified before LLVM codegen
UMB-0937,B-33,InternalBugSentinel,crates/scoopc/src/llvm/codegen/main/immut_value.rs,526,extern global type,P7-B2.7,extern global contract verifier,extern global type/initializer/store mutability contracts are verified before LLVM codegen
UMB-0938,B-33,InternalBugSentinel,crates/scoopc/src/llvm/codegen/main/immut_value.rs,548,extern global type,P7-B2.7,extern global contract verifier,extern global type/initializer/store mutability contracts are verified before LLVM codegen
UMB-0947,B-34,InternalBugSentinel,crates/scoopc/src/llvm/codegen/main/runtime_error.rs,219,RuntimeError unit variant value,P7-B2.7,runtime-error contract verifier,RuntimeError layout/completion payload/cast failure contracts are verified before LLVM codegen; legacy_gap=PIPELINE_GAPS §5.3
UMB-1047,B-34,InternalBugSentinel,crates/scoopc/src/llvm/codegen/mir_body/cast.rs,80,MIR `as` cast runtime error contract,P7-B2.7,runtime-error contract verifier,RuntimeError layout/completion payload/cast failure contracts are verified before LLVM codegen; legacy_gap=PIPELINE_GAPS §5.3
UMB-1134,B-33,InternalBugSentinel,crates/scoopc/src/llvm/codegen/mir_body/member.rs,176,pass MIR extern global store target immutable,P7-B2.7,extern global contract verifier,extern global type/initializer/store mutability contracts are verified before LLVM codegen
UMB-1135,B-33,InternalBugSentinel,crates/scoopc/src/llvm/codegen/mir_body/member.rs,183,pass MIR extern global store target type,P7-B2.7,extern global contract verifier,extern global type/initializer/store mutability contracts are verified before LLVM codegen
UMB-1136,B-33,InternalBugSentinel,crates/scoopc/src/llvm/codegen/mir_body/member.rs,196,pass MIR extern global store target immutable,P7-B2.7,extern global contract verifier,extern global type/initializer/store mutability contracts are verified before LLVM codegen
UMB-1137,B-33,InternalBugSentinel,crates/scoopc/src/llvm/codegen/mir_body/member.rs,203,pass MIR extern global store target type,P7-B2.7,extern global contract verifier,extern global type/initializer/store mutability contracts are verified before LLVM codegen
UMB-1209,B-35,InternalBugSentinel,crates/scoopc/src/llvm/codegen/mir_body/terminator.rs,571,value primitive boundary payload requires published contract,P7-B2.7,unsafe/NoGC frame boundary verifier,explicit frame slot and boundary payload contracts are verified before LLVM codegen
UMB-1132,B-08,InternalBugSentinel,crates/scoopc/src/llvm/codegen/mir_body/member.rs,148,pass MIR member store value type,P7-B2.8,member-store verifier,materialized MIR member-store receiver/place/value contracts are verified before LLVM codegen; legacy_gap=PIPELINE_GAPS §3.13
UMB-1133,B-08,InternalBugSentinel,crates/scoopc/src/llvm/codegen/mir_body/member.rs,154,pass MIR member store operand type,P7-B2.8,member-store verifier,materialized MIR member-store receiver/place/value contracts are verified before LLVM codegen; legacy_gap=PIPELINE_GAPS §3.13
UMB-1146,B-08,InternalBugSentinel,crates/scoopc/src/llvm/codegen/mir_body/member.rs,316,pass MIR member store receiver place,P7-B2.8,member-store verifier,materialized MIR member-store receiver/place/value contracts are verified before LLVM codegen; legacy_gap=PIPELINE_GAPS §3.13
UMB-1148,B-08,InternalBugSentinel,crates/scoopc/src/llvm/codegen/mir_body/member.rs,352,pass MIR packed struct member store,P7-B2.8,member-store verifier,materialized MIR rejects value-type member stores before LLVM codegen; legacy_gap=PIPELINE_GAPS §3.13
UMB-1250,B-11,InternalBugSentinel,crates/scoopc/src/llvm/codegen/stmt.rs,8,anonymous val binding,P7-B2.8,HIR statement boundary verifier,typed HIR completeness verifies local val symbols before LLVM codegen; legacy_gap=PIPELINE_GAPS §5.4
UMB-1251,B-11,InternalBugSentinel,crates/scoopc/src/llvm/codegen/stmt.rs,16,val type,P7-B2.8,HIR statement boundary verifier,typed HIR completeness and codegen type invariants replace statement fallback; legacy_gap=PIPELINE_GAPS §5.4
UMB-1252,B-11,InternalBugSentinel,crates/scoopc/src/llvm/codegen/stmt.rs,24,val without initializer,P7-B2.8,HIR statement boundary verifier,typed HIR completeness verifies local val initializers before LLVM codegen; legacy_gap=PIPELINE_GAPS §5.4
UMB-1253,B-11,InternalBugSentinel,crates/scoopc/src/llvm/codegen/stmt.rs,64,unknown local value,P7-B2.8,HIR statement boundary verifier,typed HIR assignment place contracts verify local targets before LLVM codegen; legacy_gap=PIPELINE_GAPS §5.4
UMB-1254,B-11,InternalBugSentinel,crates/scoopc/src/llvm/codegen/stmt.rs,71,assignment to immutable local,P7-B2.8,HIR statement boundary verifier,typecheck and typed HIR assignment place contracts reject immutable local assignment before LLVM codegen; legacy_gap=PIPELINE_GAPS §5.4
UMB-1255,B-11,InternalBugSentinel,crates/scoopc/src/llvm/codegen/stmt.rs,96,assignment to immutable extern global,P7-B2.8,HIR statement boundary verifier,typecheck and typed HIR assignment place contracts reject immutable extern global assignment before LLVM codegen; legacy_gap=PIPELINE_GAPS §5.4
UMB-1256,B-11,InternalBugSentinel,crates/scoopc/src/llvm/codegen/stmt.rs,103,extern global type,P7-B2.8,HIR statement boundary verifier,typed HIR/codegen type invariants replace extern global assignment fallback; legacy_gap=PIPELINE_GAPS §5.4
UMB-1257,B-11,InternalBugSentinel,crates/scoopc/src/llvm/codegen/stmt.rs,115,assignment to non-local,P7-B2.8,HIR statement boundary verifier,typed HIR assignment place contracts verify top-level assignment targets before LLVM codegen; legacy_gap=PIPELINE_GAPS §5.4
UMB-1258,B-11,InternalBugSentinel,crates/scoopc/src/llvm/codegen/stmt.rs,123,top-level var type,P7-B2.8,HIR statement boundary verifier,typed HIR/codegen type invariants replace top-level var assignment fallback; legacy_gap=PIPELINE_GAPS §5.4
UMB-1259,B-11,InternalBugSentinel,crates/scoopc/src/llvm/codegen/stmt.rs,137,assignment lhs member target,P7-B2.8,HIR statement boundary verifier,typed HIR assignment place contracts verify resolved member targets before LLVM codegen; legacy_gap=PIPELINE_GAPS §5.4
UMB-1260,B-11,InternalBugSentinel,crates/scoopc/src/llvm/codegen/stmt.rs,166,assignment lhs,P7-B2.8,HIR statement boundary verifier,typed HIR assignment place contracts verify member assignment lhs routes before LLVM codegen; legacy_gap=PIPELINE_GAPS §5.4
UMB-1261,B-11,InternalBugSentinel,crates/scoopc/src/llvm/codegen/stmt.rs,173,assignment to immutable class field,P7-B2.8,HIR statement boundary verifier,typecheck and typed HIR assignment place contracts reject immutable class field assignment before LLVM codegen; legacy_gap=PIPELINE_GAPS §5.4
UMB-1262,B-11,InternalBugSentinel,crates/scoopc/src/llvm/codegen/stmt.rs,190,assignment lhs,P7-B2.8,HIR statement boundary verifier,typed HIR assignment place contracts reject unsupported assignment lhs routes before LLVM codegen; legacy_gap=PIPELINE_GAPS §5.4
UMB-1268,B-11,InternalBugSentinel,crates/scoopc/src/llvm/codegen/stmt.rs,286,while cond value,P7-B2.8,HIR statement boundary verifier,typed HIR completeness verifies while conditions have Bool type before LLVM codegen; legacy_gap=PIPELINE_GAPS §5.4
UMB-0543,B-32,InternalBugSentinel,crates/scoopc/src/llvm/codegen/intrinsics/builtin.rs,14,sysroot panic arity mismatch,P7-B3.1,sysroot bridge contract verifier,typecheck and sysroot bridge contracts verify print panic argument shape before LLVM codegen
UMB-0544,B-32,InternalBugSentinel,crates/scoopc/src/llvm/codegen/intrinsics/builtin.rs,21,sysroot panic named arg,P7-B3.1,sysroot bridge contract verifier,typecheck and sysroot bridge contracts verify print panic argument shape before LLVM codegen
UMB-0545,B-32,InternalBugSentinel,crates/scoopc/src/llvm/codegen/intrinsics/builtin.rs,30,sysroot panic message value,P7-B3.1,sysroot bridge contract verifier,sysroot bridge materializes panic String values before LLVM codegen
UMB-0546,B-32,InternalBugSentinel,crates/scoopc/src/llvm/codegen/intrinsics/builtin.rs,36,sysroot panic message type,P7-B3.1,sysroot bridge contract verifier,sysroot bridge materializes panic String pointer values before LLVM codegen
UMB-0547,B-32,InternalBugSentinel,crates/scoopc/src/llvm/codegen/intrinsics/builtin.rs,77,sysroot print/println String arg value,P7-B3.1,sysroot bridge contract verifier,sysroot bridge materializes print println String pointer values before LLVM codegen
UMB-0548,B-32,InternalBugSentinel,crates/scoopc/src/llvm/codegen/intrinsics/builtin.rs,107,__scoop_print_string fqn,P7-B3.1,sysroot bridge contract verifier,sysroot internal print bridge dispatch is verified before LLVM codegen
UMB-0549,B-32,InternalBugSentinel,crates/scoopc/src/llvm/codegen/intrinsics/builtin.rs,115,__scoop_print_string arity,P7-B3.1,sysroot bridge contract verifier,sysroot internal print bridge argument shape is verified before LLVM codegen
UMB-0550,B-32,InternalBugSentinel,crates/scoopc/src/llvm/codegen/intrinsics/builtin.rs,122,__scoop_print_string named arg,P7-B3.1,sysroot bridge contract verifier,sysroot internal print bridge argument shape is verified before LLVM codegen
UMB-0551,B-32,InternalBugSentinel,crates/scoopc/src/llvm/codegen/intrinsics/builtin.rs,131,__scoop_print_string arg value,P7-B3.1,sysroot bridge contract verifier,sysroot internal print bridge materializes String values before LLVM codegen
UMB-0552,B-32,InternalBugSentinel,crates/scoopc/src/llvm/codegen/intrinsics/builtin.rs,137,__scoop_print_string arg type,P7-B3.1,sysroot bridge contract verifier,sysroot internal print bridge materializes String pointer values before LLVM codegen
UMB-0575,B-31,InternalBugSentinel,crates/scoopc/src/llvm/codegen/intrinsics/builtin.rs,529,String.byteLength arity mismatch,P7-B3.1,scalar method contract verifier,typecheck verifies String byteLength receiver arity and return contract before LLVM codegen
UMB-0576,B-31,InternalBugSentinel,crates/scoopc/src/llvm/codegen/intrinsics/builtin.rs,545,String.byteLength load type,P7-B3.1,scalar method contract verifier,String byteLength lowering produces Int values after verified scalar method contract
UMB-0577,B-31,InternalBugSentinel,crates/scoopc/src/llvm/codegen/intrinsics/builtin.rs,561,String.getByte arity mismatch,P7-B3.1,scalar method contract verifier,typecheck verifies String getByte arity before LLVM codegen
UMB-0578,B-31,InternalBugSentinel,crates/scoopc/src/llvm/codegen/intrinsics/builtin.rs,567,String.getByte named arg,P7-B3.1,scalar method contract verifier,typecheck verifies String getByte positional index contract before LLVM codegen
UMB-0579,B-31,InternalBugSentinel,crates/scoopc/src/llvm/codegen/intrinsics/builtin.rs,579,String.getByte index value,P7-B3.1,scalar method contract verifier,typecheck verifies String getByte index type and codegen materializes Int values
UMB-0580,B-31,InternalBugSentinel,crates/scoopc/src/llvm/codegen/intrinsics/builtin.rs,584,String.getByte index type,P7-B3.1,scalar method contract verifier,typecheck verifies String getByte index Int contract before LLVM codegen
UMB-0584,B-31,InternalBugSentinel,crates/scoopc/src/llvm/codegen/intrinsics/builtin.rs,761,Char.hash receiver value,P7-B3.1,scalar method contract verifier,typecheck verifies Char hash receiver and codegen materializes Int-compatible values
UMB-0585,B-31,InternalBugSentinel,crates/scoopc/src/llvm/codegen/intrinsics/builtin.rs,767,Char.hash receiver type,P7-B3.1,scalar method contract verifier,typecheck verifies Char hash receiver Int-compatible codegen type
UMB-0586,B-31,InternalBugSentinel,crates/scoopc/src/llvm/codegen/intrinsics/builtin.rs,797,Int.hash receiver value,P7-B3.1,scalar method contract verifier,typecheck verifies Int hash receiver and codegen materializes Int values
UMB-0587,B-31,InternalBugSentinel,crates/scoopc/src/llvm/codegen/intrinsics/builtin.rs,803,Int.hash receiver type,P7-B3.1,scalar method contract verifier,typecheck verifies Int hash receiver codegen type
UMB-0591,B-31,InternalBugSentinel,crates/scoopc/src/llvm/codegen/intrinsics/builtin.rs,894,Float.toInt return value,P7-B3.1,scalar method contract verifier,Float toInt runtime bridge return shape is verified as internal invariant
UMB-0592,B-31,InternalBugSentinel,crates/scoopc/src/llvm/codegen/intrinsics/builtin.rs,899,Float.toInt return type,P7-B3.1,scalar method contract verifier,Float toInt runtime bridge returns Int values before host-width coercion
UMB-0243,B-28,InternalBugSentinel,crates/scoopc/src/llvm/codegen/effect_lowered/value.rs,1857,thread.sleepMillis value,P7-B3.2,thread intrinsic contract verifier,typecheck and sysroot thread contracts verify sleepMillis value materialization before LLVM codegen
UMB-0244,B-28,InternalBugSentinel,crates/scoopc/src/llvm/codegen/effect_lowered/value.rs,1888,thread.currentId return value,P7-B3.2,thread intrinsic contract verifier,thread currentId runtime return value is treated as a verified internal invariant
UMB-0245,B-28,InternalBugSentinel,crates/scoopc/src/llvm/codegen/effect_lowered/value.rs,1894,thread.currentId return type,P7-B3.2,thread intrinsic contract verifier,thread currentId runtime return type is verified before host Int coercion
UMB-0246,B-27,InternalBugSentinel,crates/scoopc/src/llvm/codegen/effect_lowered/value.rs,2037,sync.Once.isDone return value,P7-B3.2,sync intrinsic contract verifier,sync Once.isDone runtime return value is treated as a verified internal invariant
UMB-0247,B-27,InternalBugSentinel,crates/scoopc/src/llvm/codegen/effect_lowered/value.rs,2043,sync.Once.isDone return type,P7-B3.2,sync intrinsic contract verifier,sync Once.isDone runtime return type is verified before Bool codegen
UMB-0248,B-27,InternalBugSentinel,crates/scoopc/src/llvm/codegen/effect_lowered/value.rs,2117,sync.destroy receiver source type,P7-B3.2,sync intrinsic contract verifier,sync destroy receiver source type is published before effect-lowered LLVM codegen
UMB-0249,B-27,InternalBugSentinel,crates/scoopc/src/llvm/codegen/effect_lowered/value.rs,2124,sync.destroy receiver nominal type,P7-B3.2,sync intrinsic contract verifier,sync destroy receiver must be a nominal sync ref before effect-lowered LLVM codegen
UMB-0250,B-27,InternalBugSentinel,crates/scoopc/src/llvm/codegen/effect_lowered/value.rs,2134,sync.destroy receiver nominal,P7-B3.2,sync intrinsic contract verifier,sync destroy receiver nominal dispatch is verified before LLVM codegen
UMB-0656,B-27,InternalBugSentinel,crates/scoopc/src/llvm/codegen/intrinsics/sync.rs,13,sync.mutexCreate arity mismatch,P7-B3.2,sync intrinsic contract verifier,typecheck verifies mutexCreate arity before LLVM codegen
UMB-0657,B-27,InternalBugSentinel,crates/scoopc/src/llvm/codegen/intrinsics/sync.rs,24,sync.mutexCreate return value,P7-B3.2,sync intrinsic contract verifier,mutexCreate runtime return value is treated as a verified internal invariant
UMB-0658,B-27,InternalBugSentinel,crates/scoopc/src/llvm/codegen/intrinsics/sync.rs,29,sync.mutexCreate return type,P7-B3.2,sync intrinsic contract verifier,mutexCreate runtime return type is verified as a ref value
UMB-0659,B-27,InternalBugSentinel,crates/scoopc/src/llvm/codegen/intrinsics/sync.rs,48,sync.Mutex.lock arity mismatch,P7-B3.2,sync intrinsic contract verifier,typecheck verifies Mutex.lock arity before LLVM codegen
UMB-0660,B-27,InternalBugSentinel,crates/scoopc/src/llvm/codegen/intrinsics/sync.rs,55,sync.Mutex.lock named arg (receiver),P7-B3.2,sync intrinsic contract verifier,typecheck verifies Mutex.lock receiver argument binding before LLVM codegen
UMB-0661,B-27,InternalBugSentinel,crates/scoopc/src/llvm/codegen/intrinsics/sync.rs,64,sync.Mutex.lock receiver value,P7-B3.2,sync intrinsic contract verifier,Mutex.lock receiver value is materialized as a ref before LLVM codegen
UMB-0662,B-27,InternalBugSentinel,crates/scoopc/src/llvm/codegen/intrinsics/sync.rs,70,sync.Mutex.lock receiver type,P7-B3.2,sync intrinsic contract verifier,Mutex.lock receiver type is verified as a ref before LLVM codegen
UMB-0663,B-27,InternalBugSentinel,crates/scoopc/src/llvm/codegen/intrinsics/sync.rs,90,sync.Mutex.unlock arity mismatch,P7-B3.2,sync intrinsic contract verifier,typecheck verifies Mutex.unlock arity before LLVM codegen
UMB-0664,B-27,InternalBugSentinel,crates/scoopc/src/llvm/codegen/intrinsics/sync.rs,97,sync.Mutex.unlock named arg (receiver),P7-B3.2,sync intrinsic contract verifier,typecheck verifies Mutex.unlock receiver argument binding before LLVM codegen
UMB-0665,B-27,InternalBugSentinel,crates/scoopc/src/llvm/codegen/intrinsics/sync.rs,106,sync.Mutex.unlock receiver value,P7-B3.2,sync intrinsic contract verifier,Mutex.unlock receiver value is materialized as a ref before LLVM codegen
UMB-0666,B-27,InternalBugSentinel,crates/scoopc/src/llvm/codegen/intrinsics/sync.rs,112,sync.Mutex.unlock receiver type,P7-B3.2,sync intrinsic contract verifier,Mutex.unlock receiver type is verified as a ref before LLVM codegen
UMB-0667,B-27,InternalBugSentinel,crates/scoopc/src/llvm/codegen/intrinsics/sync.rs,132,sync.condVarCreate arity mismatch,P7-B3.2,sync intrinsic contract verifier,typecheck verifies condVarCreate arity before LLVM codegen
UMB-0668,B-27,InternalBugSentinel,crates/scoopc/src/llvm/codegen/intrinsics/sync.rs,143,sync.condVarCreate return value,P7-B3.2,sync intrinsic contract verifier,condVarCreate runtime return value is treated as a verified internal invariant
UMB-0669,B-27,InternalBugSentinel,crates/scoopc/src/llvm/codegen/intrinsics/sync.rs,148,sync.condVarCreate return type,P7-B3.2,sync intrinsic contract verifier,condVarCreate runtime return type is verified as a ref value
UMB-0670,B-27,InternalBugSentinel,crates/scoopc/src/llvm/codegen/intrinsics/sync.rs,167,sync.CondVar.wait arity mismatch,P7-B3.2,sync intrinsic contract verifier,typecheck verifies CondVar.wait arity before LLVM codegen
UMB-0671,B-27,InternalBugSentinel,crates/scoopc/src/llvm/codegen/intrinsics/sync.rs,174,sync.CondVar.wait named arg (receiver),P7-B3.2,sync intrinsic contract verifier,typecheck verifies CondVar.wait receiver argument binding before LLVM codegen
UMB-0672,B-27,InternalBugSentinel,crates/scoopc/src/llvm/codegen/intrinsics/sync.rs,180,sync.CondVar.wait named arg (mutex),P7-B3.2,sync intrinsic contract verifier,typecheck verifies CondVar.wait mutex argument binding before LLVM codegen
UMB-0673,B-27,InternalBugSentinel,crates/scoopc/src/llvm/codegen/intrinsics/sync.rs,189,sync.CondVar.wait receiver value,P7-B3.2,sync intrinsic contract verifier,CondVar.wait receiver value is materialized as a ref before LLVM codegen
UMB-0674,B-27,InternalBugSentinel,crates/scoopc/src/llvm/codegen/intrinsics/sync.rs,195,sync.CondVar.wait receiver type,P7-B3.2,sync intrinsic contract verifier,CondVar.wait receiver type is verified as a ref before LLVM codegen
UMB-0675,B-27,InternalBugSentinel,crates/scoopc/src/llvm/codegen/intrinsics/sync.rs,204,sync.CondVar.wait mutex value,P7-B3.2,sync intrinsic contract verifier,CondVar.wait mutex value is materialized as a ref before LLVM codegen
UMB-0676,B-27,InternalBugSentinel,crates/scoopc/src/llvm/codegen/intrinsics/sync.rs,210,sync.CondVar.wait mutex type,P7-B3.2,sync intrinsic contract verifier,CondVar.wait mutex type is verified as a ref before LLVM codegen
UMB-0677,B-27,InternalBugSentinel,crates/scoopc/src/llvm/codegen/intrinsics/sync.rs,230,sync.CondVar.notifyOne arity mismatch,P7-B3.2,sync intrinsic contract verifier,typecheck verifies CondVar.notifyOne arity before LLVM codegen
UMB-0678,B-27,InternalBugSentinel,crates/scoopc/src/llvm/codegen/intrinsics/sync.rs,237,sync.CondVar.notifyOne named arg (receiver),P7-B3.2,sync intrinsic contract verifier,typecheck verifies CondVar.notifyOne receiver argument binding before LLVM codegen
UMB-0679,B-27,InternalBugSentinel,crates/scoopc/src/llvm/codegen/intrinsics/sync.rs,246,sync.CondVar.notifyOne receiver value,P7-B3.2,sync intrinsic contract verifier,CondVar.notifyOne receiver value is materialized as a ref before LLVM codegen
UMB-0680,B-27,InternalBugSentinel,crates/scoopc/src/llvm/codegen/intrinsics/sync.rs,252,sync.CondVar.notifyOne receiver type,P7-B3.2,sync intrinsic contract verifier,CondVar.notifyOne receiver type is verified as a ref before LLVM codegen
UMB-0681,B-27,InternalBugSentinel,crates/scoopc/src/llvm/codegen/intrinsics/sync.rs,272,sync.CondVar.notifyAll arity mismatch,P7-B3.2,sync intrinsic contract verifier,typecheck verifies CondVar.notifyAll arity before LLVM codegen
UMB-0682,B-27,InternalBugSentinel,crates/scoopc/src/llvm/codegen/intrinsics/sync.rs,279,sync.CondVar.notifyAll named arg (receiver),P7-B3.2,sync intrinsic contract verifier,typecheck verifies CondVar.notifyAll receiver argument binding before LLVM codegen
UMB-0683,B-27,InternalBugSentinel,crates/scoopc/src/llvm/codegen/intrinsics/sync.rs,288,sync.CondVar.notifyAll receiver value,P7-B3.2,sync intrinsic contract verifier,CondVar.notifyAll receiver value is materialized as a ref before LLVM codegen
UMB-0684,B-27,InternalBugSentinel,crates/scoopc/src/llvm/codegen/intrinsics/sync.rs,294,sync.CondVar.notifyAll receiver type,P7-B3.2,sync intrinsic contract verifier,CondVar.notifyAll receiver type is verified as a ref before LLVM codegen
UMB-0685,B-27,InternalBugSentinel,crates/scoopc/src/llvm/codegen/intrinsics/sync.rs,314,sync.onceCreate arity mismatch,P7-B3.2,sync intrinsic contract verifier,typecheck verifies onceCreate arity before LLVM codegen
UMB-0686,B-27,InternalBugSentinel,crates/scoopc/src/llvm/codegen/intrinsics/sync.rs,325,sync.onceCreate return value,P7-B3.2,sync intrinsic contract verifier,onceCreate runtime return value is treated as a verified internal invariant
UMB-0687,B-27,InternalBugSentinel,crates/scoopc/src/llvm/codegen/intrinsics/sync.rs,330,sync.onceCreate return type,P7-B3.2,sync intrinsic contract verifier,onceCreate runtime return type is verified as a ref value
UMB-0688,B-27,InternalBugSentinel,crates/scoopc/src/llvm/codegen/intrinsics/sync.rs,349,sync.Once.isDone arity mismatch,P7-B3.2,sync intrinsic contract verifier,typecheck verifies Once.isDone arity before LLVM codegen
UMB-0689,B-27,InternalBugSentinel,crates/scoopc/src/llvm/codegen/intrinsics/sync.rs,356,sync.Once.isDone named arg (receiver),P7-B3.2,sync intrinsic contract verifier,typecheck verifies Once.isDone receiver argument binding before LLVM codegen
UMB-0690,B-27,InternalBugSentinel,crates/scoopc/src/llvm/codegen/intrinsics/sync.rs,365,sync.Once.isDone receiver value,P7-B3.2,sync intrinsic contract verifier,Once.isDone receiver value is materialized as a ref before LLVM codegen
UMB-0691,B-27,InternalBugSentinel,crates/scoopc/src/llvm/codegen/intrinsics/sync.rs,371,sync.Once.isDone receiver type,P7-B3.2,sync intrinsic contract verifier,Once.isDone receiver type is verified as a ref before LLVM codegen
UMB-0692,B-27,InternalBugSentinel,crates/scoopc/src/llvm/codegen/intrinsics/sync.rs,384,sync.Once.isDone return value,P7-B3.2,sync intrinsic contract verifier,Once.isDone runtime return value is treated as a verified internal invariant
UMB-0693,B-27,InternalBugSentinel,crates/scoopc/src/llvm/codegen/intrinsics/sync.rs,389,sync.Once.isDone return type,P7-B3.2,sync intrinsic contract verifier,Once.isDone runtime return type is verified as Bool before LLVM codegen
UMB-0694,B-27,InternalBugSentinel,crates/scoopc/src/llvm/codegen/intrinsics/sync.rs,406,sync.Once.run arity mismatch,P7-B3.2,sync intrinsic contract verifier,typecheck verifies Once.run arity before LLVM codegen
UMB-0695,B-27,InternalBugSentinel,crates/scoopc/src/llvm/codegen/intrinsics/sync.rs,413,sync.Once.run named arg (receiver),P7-B3.2,sync intrinsic contract verifier,typecheck verifies Once.run receiver argument binding before LLVM codegen
UMB-0696,B-27,InternalBugSentinel,crates/scoopc/src/llvm/codegen/intrinsics/sync.rs,419,sync.Once.run named arg (block),P7-B3.2,sync intrinsic contract verifier,typecheck verifies Once.run block argument binding before LLVM codegen
UMB-0697,B-27,InternalBugSentinel,crates/scoopc/src/llvm/codegen/intrinsics/sync.rs,428,sync.Once.run receiver value,P7-B3.2,sync intrinsic contract verifier,Once.run receiver value is materialized as a ref before LLVM codegen
UMB-0698,B-27,InternalBugSentinel,crates/scoopc/src/llvm/codegen/intrinsics/sync.rs,434,sync.Once.run receiver type,P7-B3.2,sync intrinsic contract verifier,Once.run receiver type is verified as a ref before LLVM codegen
UMB-0699,B-27,InternalBugSentinel,crates/scoopc/src/llvm/codegen/intrinsics/sync.rs,451,sync.Once.run block fun type,P7-B3.2,sync intrinsic contract verifier,typecheck verifies Once.run block callable shape before LLVM codegen
UMB-0700,B-27,InternalBugSentinel,crates/scoopc/src/llvm/codegen/intrinsics/sync.rs,462,sync.Once.run block value,P7-B3.2,sync intrinsic contract verifier,Once.run block value is materialized as a ref before LLVM codegen
UMB-0701,B-27,InternalBugSentinel,crates/scoopc/src/llvm/codegen/intrinsics/sync.rs,468,sync.Once.run block type,P7-B3.2,sync intrinsic contract verifier,Once.run block type is verified as a ref before LLVM codegen
UMB-0702,B-27,InternalBugSentinel,crates/scoopc/src/llvm/codegen/intrinsics/sync.rs,530,sync.destroy arity mismatch,P7-B3.2,sync intrinsic contract verifier,typecheck verifies sync destroy arity before LLVM codegen
UMB-0703,B-27,InternalBugSentinel,crates/scoopc/src/llvm/codegen/intrinsics/sync.rs,537,sync.destroy named arg (receiver),P7-B3.2,sync intrinsic contract verifier,typecheck verifies sync destroy receiver argument binding before LLVM codegen
UMB-0704,B-27,InternalBugSentinel,crates/scoopc/src/llvm/codegen/intrinsics/sync.rs,548,sync.destroy receiver hir type,P7-B3.2,sync intrinsic contract verifier,sync destroy receiver concrete type is available before LLVM codegen
UMB-0705,B-27,InternalBugSentinel,crates/scoopc/src/llvm/codegen/intrinsics/sync.rs,555,sync.destroy receiver type kind,P7-B3.2,sync intrinsic contract verifier,sync destroy receiver must be a nominal sync ref before LLVM codegen
UMB-0706,B-27,InternalBugSentinel,crates/scoopc/src/llvm/codegen/intrinsics/sync.rs,564,sync.destroy receiver value,P7-B3.2,sync intrinsic contract verifier,sync destroy receiver value is materialized as a ref before LLVM codegen
UMB-0707,B-27,InternalBugSentinel,crates/scoopc/src/llvm/codegen/intrinsics/sync.rs,570,sync.destroy receiver type,P7-B3.2,sync intrinsic contract verifier,sync destroy receiver type is verified as a ref before LLVM codegen
UMB-0708,B-27,InternalBugSentinel,crates/scoopc/src/llvm/codegen/intrinsics/sync.rs,580,sync.destroy receiver nominal,P7-B3.2,sync intrinsic contract verifier,sync destroy receiver nominal dispatch is verified before LLVM codegen
UMB-0725,B-28,InternalBugSentinel,crates/scoopc/src/llvm/codegen/intrinsics/thread.rs,13,thread.threadSpawn arity mismatch,P7-B3.2,thread intrinsic contract verifier,typecheck verifies threadSpawn arity before LLVM codegen
UMB-0726,B-28,InternalBugSentinel,crates/scoopc/src/llvm/codegen/intrinsics/thread.rs,20,thread.threadSpawn named arg (block),P7-B3.2,thread intrinsic contract verifier,typecheck verifies threadSpawn block argument binding before LLVM codegen
UMB-0727,B-28,InternalBugSentinel,crates/scoopc/src/llvm/codegen/intrinsics/thread.rs,33,thread.threadSpawn block fun type,P7-B3.2,thread intrinsic contract verifier,typecheck verifies threadSpawn block callable shape before LLVM codegen
UMB-0728,B-28,InternalBugSentinel,crates/scoopc/src/llvm/codegen/intrinsics/thread.rs,44,thread.threadSpawn block value,P7-B3.2,thread intrinsic contract verifier,threadSpawn block value is materialized as a ref before LLVM codegen
UMB-0729,B-28,InternalBugSentinel,crates/scoopc/src/llvm/codegen/intrinsics/thread.rs,50,thread.threadSpawn block type,P7-B3.2,thread intrinsic contract verifier,threadSpawn block type is verified as a ref before LLVM codegen
UMB-0730,B-28,InternalBugSentinel,crates/scoopc/src/llvm/codegen/intrinsics/thread.rs,95,thread.threadSpawn return value,P7-B3.2,thread intrinsic contract verifier,threadSpawn runtime return value is treated as a verified internal invariant
UMB-0731,B-28,InternalBugSentinel,crates/scoopc/src/llvm/codegen/intrinsics/thread.rs,100,thread.threadSpawn return type,P7-B3.2,thread intrinsic contract verifier,threadSpawn runtime return type is verified as a ref value
UMB-0732,B-28,InternalBugSentinel,crates/scoopc/src/llvm/codegen/intrinsics/thread.rs,119,thread.Thread.join arity mismatch,P7-B3.2,thread intrinsic contract verifier,typecheck verifies Thread.join arity before LLVM codegen
UMB-0733,B-28,InternalBugSentinel,crates/scoopc/src/llvm/codegen/intrinsics/thread.rs,126,thread.Thread.join named arg (receiver),P7-B3.2,thread intrinsic contract verifier,typecheck verifies Thread.join receiver argument binding before LLVM codegen
UMB-0734,B-28,InternalBugSentinel,crates/scoopc/src/llvm/codegen/intrinsics/thread.rs,135,thread.Thread.join receiver value,P7-B3.2,thread intrinsic contract verifier,Thread.join receiver value is materialized as a ref before LLVM codegen
UMB-0735,B-28,InternalBugSentinel,crates/scoopc/src/llvm/codegen/intrinsics/thread.rs,141,thread.Thread.join receiver type,P7-B3.2,thread intrinsic contract verifier,Thread.join receiver type is verified as a ref before LLVM codegen
UMB-0736,B-28,InternalBugSentinel,crates/scoopc/src/llvm/codegen/intrinsics/thread.rs,160,thread.sleepMillis arity mismatch,P7-B3.2,thread intrinsic contract verifier,typecheck verifies sleepMillis arity before LLVM codegen
UMB-0737,B-28,InternalBugSentinel,crates/scoopc/src/llvm/codegen/intrinsics/thread.rs,167,thread.sleepMillis named arg,P7-B3.2,thread intrinsic contract verifier,typecheck verifies sleepMillis argument binding before LLVM codegen
UMB-0738,B-28,InternalBugSentinel,crates/scoopc/src/llvm/codegen/intrinsics/thread.rs,179,thread.sleepMillis ms value,P7-B3.2,thread intrinsic contract verifier,typecheck verifies sleepMillis ms Int value before LLVM codegen
UMB-0740,B-28,InternalBugSentinel,crates/scoopc/src/llvm/codegen/intrinsics/thread.rs,225,thread.currentId arity mismatch,P7-B3.2,thread intrinsic contract verifier,typecheck verifies currentId arity before LLVM codegen
UMB-0741,B-28,InternalBugSentinel,crates/scoopc/src/llvm/codegen/intrinsics/thread.rs,236,thread.currentId return value,P7-B3.2,thread intrinsic contract verifier,currentId runtime return value is treated as a verified internal invariant
UMB-0742,B-28,InternalBugSentinel,crates/scoopc/src/llvm/codegen/intrinsics/thread.rs,241,thread.currentId return type,P7-B3.2,thread intrinsic contract verifier,currentId runtime return type is verified before host Int coercion
UMB-0255,B-26,InternalBugSentinel,crates/scoopc/src/llvm/codegen/effect_lowered/value.rs,2227,atomicIntLoad arg contract,P7-B3.3,atomic intrinsic contract verifier,atomic intrinsic arity target mutability width ordering and return contracts are verified before LLVM lowering
UMB-0256,B-26,InternalBugSentinel,crates/scoopc/src/llvm/codegen/effect_lowered/value.rs,2235,atomicIntLoad target width,P7-B3.3,atomic intrinsic contract verifier,atomic intrinsic arity target mutability width ordering and return contracts are verified before LLVM lowering
UMB-0257,B-26,InternalBugSentinel,crates/scoopc/src/llvm/codegen/effect_lowered/value.rs,2248,atomicIntLoad load instruction,P7-B3.3,atomic intrinsic contract verifier,atomic intrinsic arity target mutability width ordering and return contracts are verified before LLVM lowering
UMB-0258,B-26,InternalBugSentinel,crates/scoopc/src/llvm/codegen/effect_lowered/value.rs,2253,atomicIntLoad set ordering,P7-B3.3,atomic intrinsic contract verifier,atomic intrinsic arity target mutability width ordering and return contracts are verified before LLVM lowering
UMB-0259,B-26,InternalBugSentinel,crates/scoopc/src/llvm/codegen/effect_lowered/value.rs,2258,atomicIntLoad return type,P7-B3.3,atomic intrinsic contract verifier,atomic intrinsic arity target mutability width ordering and return contracts are verified before LLVM lowering
UMB-0260,B-26,InternalBugSentinel,crates/scoopc/src/llvm/codegen/effect_lowered/value.rs,2267,atomicIntStore arg contract,P7-B3.3,atomic intrinsic contract verifier,atomic intrinsic arity target mutability width ordering and return contracts are verified before LLVM lowering
UMB-0261,B-26,InternalBugSentinel,crates/scoopc/src/llvm/codegen/effect_lowered/value.rs,2275,atomicIntStore target width,P7-B3.3,atomic intrinsic contract verifier,atomic intrinsic arity target mutability width ordering and return contracts are verified before LLVM lowering
UMB-0262,B-26,InternalBugSentinel,crates/scoopc/src/llvm/codegen/effect_lowered/value.rs,2289,atomicIntStore value,P7-B3.3,atomic intrinsic contract verifier,atomic intrinsic arity target mutability width ordering and return contracts are verified before LLVM lowering
UMB-0263,B-26,InternalBugSentinel,crates/scoopc/src/llvm/codegen/effect_lowered/value.rs,2296,atomicIntStore set ordering,P7-B3.3,atomic intrinsic contract verifier,atomic intrinsic arity target mutability width ordering and return contracts are verified before LLVM lowering
UMB-0264,B-26,InternalBugSentinel,crates/scoopc/src/llvm/codegen/effect_lowered/value.rs,2304,atomicIntCompareExchange arg contract,P7-B3.3,atomic intrinsic contract verifier,atomic intrinsic arity target mutability width ordering and return contracts are verified before LLVM lowering
UMB-0265,B-26,InternalBugSentinel,crates/scoopc/src/llvm/codegen/effect_lowered/value.rs,2312,atomicIntCompareExchange target width,P7-B3.3,atomic intrinsic contract verifier,atomic intrinsic arity target mutability width ordering and return contracts are verified before LLVM lowering
UMB-0266,B-26,InternalBugSentinel,crates/scoopc/src/llvm/codegen/effect_lowered/value.rs,2332,atomicIntCompareExchange success type,P7-B3.3,atomic intrinsic contract verifier,atomic intrinsic arity target mutability width ordering and return contracts are verified before LLVM lowering
UMB-0267,B-26,InternalBugSentinel,crates/scoopc/src/llvm/codegen/effect_lowered/value.rs,2352,atomicRefLoad arg contract,P7-B3.3,atomic intrinsic contract verifier,atomic intrinsic arity target mutability width ordering and return contracts are verified before LLVM lowering
UMB-0268,B-26,InternalBugSentinel,crates/scoopc/src/llvm/codegen/effect_lowered/value.rs,2367,atomicRefLoad load instruction,P7-B3.3,atomic intrinsic contract verifier,atomic intrinsic arity target mutability width ordering and return contracts are verified before LLVM lowering
UMB-0269,B-26,InternalBugSentinel,crates/scoopc/src/llvm/codegen/effect_lowered/value.rs,2372,atomicRefLoad set ordering,P7-B3.3,atomic intrinsic contract verifier,atomic intrinsic arity target mutability width ordering and return contracts are verified before LLVM lowering
UMB-0270,B-26,InternalBugSentinel,crates/scoopc/src/llvm/codegen/effect_lowered/value.rs,2383,atomicRefStore arg contract,P7-B3.3,atomic intrinsic contract verifier,atomic intrinsic arity target mutability width ordering and return contracts are verified before LLVM lowering
UMB-0271,B-26,InternalBugSentinel,crates/scoopc/src/llvm/codegen/effect_lowered/value.rs,2393,atomicRefStore set ordering,P7-B3.3,atomic intrinsic contract verifier,atomic intrinsic arity target mutability width ordering and return contracts are verified before LLVM lowering
UMB-0272,B-26,InternalBugSentinel,crates/scoopc/src/llvm/codegen/effect_lowered/value.rs,2403,atomicRefCompareExchange arg contract,P7-B3.3,atomic intrinsic contract verifier,atomic intrinsic arity target mutability width ordering and return contracts are verified before LLVM lowering
UMB-0273,B-26,InternalBugSentinel,crates/scoopc/src/llvm/codegen/effect_lowered/value.rs,2424,atomicRefCompareExchange success type,P7-B3.3,atomic intrinsic contract verifier,atomic intrinsic arity target mutability width ordering and return contracts are verified before LLVM lowering
UMB-0287,B-26,InternalBugSentinel,crates/scoopc/src/llvm/codegen/effect_lowered/value.rs,2661,atomicInt operand,P7-B3.3,atomic intrinsic contract verifier,atomic intrinsic arity target mutability width ordering and return contracts are verified before LLVM lowering
UMB-0288,B-26,InternalBugSentinel,crates/scoopc/src/llvm/codegen/effect_lowered/value.rs,2681,atomicInt target operand,P7-B3.3,atomic intrinsic contract verifier,atomic intrinsic arity target mutability width ordering and return contracts are verified before LLVM lowering
UMB-0289,B-26,InternalBugSentinel,crates/scoopc/src/llvm/codegen/effect_lowered/value.rs,2690,atomicInt target type,P7-B3.3,atomic intrinsic contract verifier,atomic intrinsic arity target mutability width ordering and return contracts are verified before LLVM lowering
UMB-0290,B-26,InternalBugSentinel,crates/scoopc/src/llvm/codegen/effect_lowered/value.rs,2701,atomicInt target type,P7-B3.3,atomic intrinsic contract verifier,atomic intrinsic arity target mutability width ordering and return contracts are verified before LLVM lowering
UMB-0291,B-26,InternalBugSentinel,crates/scoopc/src/llvm/codegen/effect_lowered/value.rs,2712,atomicInt target place,P7-B3.3,atomic intrinsic contract verifier,atomic intrinsic arity target mutability width ordering and return contracts are verified before LLVM lowering
UMB-0292,B-26,InternalBugSentinel,crates/scoopc/src/llvm/codegen/effect_lowered/value.rs,2725,atomicRef target operand,P7-B3.3,atomic intrinsic contract verifier,atomic intrinsic arity target mutability width ordering and return contracts are verified before LLVM lowering
UMB-0293,B-26,InternalBugSentinel,crates/scoopc/src/llvm/codegen/effect_lowered/value.rs,2758,atomicRef operand,P7-B3.3,atomic intrinsic contract verifier,atomic intrinsic arity target mutability width ordering and return contracts are verified before LLVM lowering
UMB-0294,B-26,InternalBugSentinel,crates/scoopc/src/llvm/codegen/effect_lowered/value.rs,2764,atomicRef operand,P7-B3.3,atomic intrinsic contract verifier,atomic intrinsic arity target mutability width ordering and return contracts are verified before LLVM lowering
UMB-0295,B-26,InternalBugSentinel,crates/scoopc/src/llvm/codegen/effect_lowered/value.rs,2776,atomicRef target type,P7-B3.3,atomic intrinsic contract verifier,atomic intrinsic arity target mutability width ordering and return contracts are verified before LLVM lowering
UMB-0298,B-26,InternalBugSentinel,crates/scoopc/src/llvm/codegen/effect_lowered/value.rs,2837,atomicInt immutable extern global,P7-B3.3,atomic intrinsic contract verifier,atomic intrinsic arity target mutability width ordering and return contracts are verified before LLVM lowering
UMB-0299,B-26,InternalBugSentinel,crates/scoopc/src/llvm/codegen/effect_lowered/value.rs,2845,atomicInt extern global type,P7-B3.3,atomic intrinsic contract verifier,atomic intrinsic arity target mutability width ordering and return contracts are verified before LLVM lowering
UMB-0300,B-26,InternalBugSentinel,crates/scoopc/src/llvm/codegen/effect_lowered/value.rs,2855,atomicInt immutable extern global,P7-B3.3,atomic intrinsic contract verifier,atomic intrinsic arity target mutability width ordering and return contracts are verified before LLVM lowering
UMB-0301,B-26,InternalBugSentinel,crates/scoopc/src/llvm/codegen/effect_lowered/value.rs,2863,atomicInt extern global type,P7-B3.3,atomic intrinsic contract verifier,atomic intrinsic arity target mutability width ordering and return contracts are verified before LLVM lowering
UMB-0302,B-26,InternalBugSentinel,crates/scoopc/src/llvm/codegen/effect_lowered/value.rs,2877,atomicInt top-level var type,P7-B3.3,atomic intrinsic contract verifier,atomic intrinsic arity target mutability width ordering and return contracts are verified before LLVM lowering
UMB-0303,B-26,InternalBugSentinel,crates/scoopc/src/llvm/codegen/effect_lowered/value.rs,2933,atomicInt member receiver type,P7-B3.3,atomic intrinsic contract verifier,atomic intrinsic arity target mutability width ordering and return contracts are verified before LLVM lowering
UMB-0304,B-26,InternalBugSentinel,crates/scoopc/src/llvm/codegen/effect_lowered/value.rs,2946,atomicInt class field index,P7-B3.3,atomic intrinsic contract verifier,atomic intrinsic arity target mutability width ordering and return contracts are verified before LLVM lowering
UMB-0305,B-26,InternalBugSentinel,crates/scoopc/src/llvm/codegen/effect_lowered/value.rs,2951,atomicInt immutable class field,P7-B3.3,atomic intrinsic contract verifier,atomic intrinsic arity target mutability width ordering and return contracts are verified before LLVM lowering
UMB-0306,B-26,InternalBugSentinel,crates/scoopc/src/llvm/codegen/effect_lowered/value.rs,2964,atomicInt class receiver value,P7-B3.3,atomic intrinsic contract verifier,atomic intrinsic arity target mutability width ordering and return contracts are verified before LLVM lowering
UMB-0307,B-26,InternalBugSentinel,crates/scoopc/src/llvm/codegen/effect_lowered/value.rs,2970,atomicInt class receiver type,P7-B3.3,atomic intrinsic contract verifier,atomic intrinsic arity target mutability width ordering and return contracts are verified before LLVM lowering
UMB-0308,B-26,InternalBugSentinel,crates/scoopc/src/llvm/codegen/effect_lowered/value.rs,2982,atomicInt member field target,P7-B3.3,atomic intrinsic contract verifier,atomic intrinsic arity target mutability width ordering and return contracts are verified before LLVM lowering
UMB-0309,B-26,InternalBugSentinel,crates/scoopc/src/llvm/codegen/effect_lowered/value.rs,3010,atomicInt struct receiver place,P7-B3.3,atomic intrinsic contract verifier,atomic intrinsic arity target mutability width ordering and return contracts are verified before LLVM lowering
UMB-0310,B-26,InternalBugSentinel,crates/scoopc/src/llvm/codegen/effect_lowered/value.rs,3019,atomicInt struct receiver type drift,P7-B3.3,atomic intrinsic contract verifier,atomic intrinsic arity target mutability width ordering and return contracts are verified before LLVM lowering
UMB-0311,B-26,InternalBugSentinel,crates/scoopc/src/llvm/codegen/effect_lowered/value.rs,3028,atomicInt struct receiver slot type,P7-B3.3,atomic intrinsic contract verifier,atomic intrinsic arity target mutability width ordering and return contracts are verified before LLVM lowering
UMB-0312,B-26,InternalBugSentinel,crates/scoopc/src/llvm/codegen/effect_lowered/value.rs,3057,atomicInt member receiver type,P7-B3.3,atomic intrinsic contract verifier,atomic intrinsic arity target mutability width ordering and return contracts are verified before LLVM lowering
UMB-0313,B-26,InternalBugSentinel,crates/scoopc/src/llvm/codegen/effect_lowered/value.rs,3069,atomicInt member target is not value,P7-B3.3,atomic intrinsic contract verifier,atomic intrinsic arity target mutability width ordering and return contracts are verified before LLVM lowering
UMB-0314,B-26,InternalBugSentinel,crates/scoopc/src/llvm/codegen/effect_lowered/value.rs,3073,atomicInt member target unresolved,P7-B3.3,atomic intrinsic contract verifier,atomic intrinsic arity target mutability width ordering and return contracts are verified before LLVM lowering
UMB-0492,B-26,InternalBugSentinel,crates/scoopc/src/llvm/codegen/intrinsics/atomic.rs,35,atomicIntLoad arity mismatch,P7-B3.3,atomic intrinsic contract verifier,atomic intrinsic arity target mutability width ordering and return contracts are verified before LLVM lowering
UMB-0493,B-26,InternalBugSentinel,crates/scoopc/src/llvm/codegen/intrinsics/atomic.rs,42,atomicIntLoad named arg,P7-B3.3,atomic intrinsic contract verifier,atomic intrinsic arity target mutability width ordering and return contracts are verified before LLVM lowering
UMB-0494,B-26,InternalBugSentinel,crates/scoopc/src/llvm/codegen/intrinsics/atomic.rs,59,atomicIntLoad load instruction,P7-B3.3,atomic intrinsic contract verifier,atomic intrinsic arity target mutability width ordering and return contracts are verified before LLVM lowering
UMB-0495,B-26,InternalBugSentinel,crates/scoopc/src/llvm/codegen/intrinsics/atomic.rs,64,atomicIntLoad set ordering,P7-B3.3,atomic intrinsic contract verifier,atomic intrinsic arity target mutability width ordering and return contracts are verified before LLVM lowering
UMB-0496,B-26,InternalBugSentinel,crates/scoopc/src/llvm/codegen/intrinsics/atomic.rs,70,atomicIntLoad return type,P7-B3.3,atomic intrinsic contract verifier,atomic intrinsic arity target mutability width ordering and return contracts are verified before LLVM lowering
UMB-0497,B-26,InternalBugSentinel,crates/scoopc/src/llvm/codegen/intrinsics/atomic.rs,79,atomicIntStore arity mismatch,P7-B3.3,atomic intrinsic contract verifier,atomic intrinsic arity target mutability width ordering and return contracts are verified before LLVM lowering
UMB-0498,B-26,InternalBugSentinel,crates/scoopc/src/llvm/codegen/intrinsics/atomic.rs,86,atomicIntStore named arg (target),P7-B3.3,atomic intrinsic contract verifier,atomic intrinsic arity target mutability width ordering and return contracts are verified before LLVM lowering
UMB-0499,B-26,InternalBugSentinel,crates/scoopc/src/llvm/codegen/intrinsics/atomic.rs,92,atomicIntStore named arg (value),P7-B3.3,atomic intrinsic contract verifier,atomic intrinsic arity target mutability width ordering and return contracts are verified before LLVM lowering
UMB-0500,B-26,InternalBugSentinel,crates/scoopc/src/llvm/codegen/intrinsics/atomic.rs,120,atomicInt requires mutable lvalue,P7-B3.3,atomic intrinsic contract verifier,atomic intrinsic arity target mutability width ordering and return contracts are verified before LLVM lowering
UMB-0501,B-26,InternalBugSentinel,crates/scoopc/src/llvm/codegen/intrinsics/atomic.rs,126,atomicInt target type,P7-B3.3,atomic intrinsic contract verifier,atomic intrinsic arity target mutability width ordering and return contracts are verified before LLVM lowering
UMB-0502,B-26,InternalBugSentinel,crates/scoopc/src/llvm/codegen/intrinsics/atomic.rs,132,atomicInt target width,P7-B3.3,atomic intrinsic contract verifier,atomic intrinsic arity target mutability width ordering and return contracts are verified before LLVM lowering
UMB-0503,B-26,InternalBugSentinel,crates/scoopc/src/llvm/codegen/intrinsics/atomic.rs,149,atomicIntStore value,P7-B3.3,atomic intrinsic contract verifier,atomic intrinsic arity target mutability width ordering and return contracts are verified before LLVM lowering
UMB-0504,B-26,InternalBugSentinel,crates/scoopc/src/llvm/codegen/intrinsics/atomic.rs,167,atomicIntStore set ordering,P7-B3.3,atomic intrinsic contract verifier,atomic intrinsic arity target mutability width ordering and return contracts are verified before LLVM lowering
UMB-0505,B-26,InternalBugSentinel,crates/scoopc/src/llvm/codegen/intrinsics/atomic.rs,175,atomicIntCompareExchange arity mismatch,P7-B3.3,atomic intrinsic contract verifier,atomic intrinsic arity target mutability width ordering and return contracts are verified before LLVM lowering
UMB-0506,B-26,InternalBugSentinel,crates/scoopc/src/llvm/codegen/intrinsics/atomic.rs,182,atomicIntCompareExchange named arg (target),P7-B3.3,atomic intrinsic contract verifier,atomic intrinsic arity target mutability width ordering and return contracts are verified before LLVM lowering
UMB-0507,B-26,InternalBugSentinel,crates/scoopc/src/llvm/codegen/intrinsics/atomic.rs,188,atomicIntCompareExchange named arg (expected),P7-B3.3,atomic intrinsic contract verifier,atomic intrinsic arity target mutability width ordering and return contracts are verified before LLVM lowering
UMB-0508,B-26,InternalBugSentinel,crates/scoopc/src/llvm/codegen/intrinsics/atomic.rs,194,atomicIntCompareExchange named arg (desired),P7-B3.3,atomic intrinsic contract verifier,atomic intrinsic arity target mutability width ordering and return contracts are verified before LLVM lowering
UMB-0509,B-26,InternalBugSentinel,crates/scoopc/src/llvm/codegen/intrinsics/atomic.rs,222,atomicInt requires mutable lvalue,P7-B3.3,atomic intrinsic contract verifier,atomic intrinsic arity target mutability width ordering and return contracts are verified before LLVM lowering
UMB-0510,B-26,InternalBugSentinel,crates/scoopc/src/llvm/codegen/intrinsics/atomic.rs,228,atomicInt target type,P7-B3.3,atomic intrinsic contract verifier,atomic intrinsic arity target mutability width ordering and return contracts are verified before LLVM lowering
UMB-0511,B-26,InternalBugSentinel,crates/scoopc/src/llvm/codegen/intrinsics/atomic.rs,234,atomicInt target width,P7-B3.3,atomic intrinsic contract verifier,atomic intrinsic arity target mutability width ordering and return contracts are verified before LLVM lowering
UMB-0512,B-26,InternalBugSentinel,crates/scoopc/src/llvm/codegen/intrinsics/atomic.rs,257,atomicIntCompareExchange expected,P7-B3.3,atomic intrinsic contract verifier,atomic intrinsic arity target mutability width ordering and return contracts are verified before LLVM lowering
UMB-0513,B-26,InternalBugSentinel,crates/scoopc/src/llvm/codegen/intrinsics/atomic.rs,270,atomicIntCompareExchange desired,P7-B3.3,atomic intrinsic contract verifier,atomic intrinsic arity target mutability width ordering and return contracts are verified before LLVM lowering
UMB-0514,B-26,InternalBugSentinel,crates/scoopc/src/llvm/codegen/intrinsics/atomic.rs,296,atomicIntCompareExchange success type,P7-B3.3,atomic intrinsic contract verifier,atomic intrinsic arity target mutability width ordering and return contracts are verified before LLVM lowering
UMB-0515,B-26,InternalBugSentinel,crates/scoopc/src/llvm/codegen/intrinsics/atomic.rs,303,unknown sysroot atomicInt intrinsic callee,P7-B3.3,atomic intrinsic contract verifier,atomic intrinsic arity target mutability width ordering and return contracts are verified before LLVM lowering
UMB-0516,B-26,InternalBugSentinel,crates/scoopc/src/llvm/codegen/intrinsics/atomic.rs,320,atomicRefLoad arity mismatch,P7-B3.3,atomic intrinsic contract verifier,atomic intrinsic arity target mutability width ordering and return contracts are verified before LLVM lowering
UMB-0517,B-26,InternalBugSentinel,crates/scoopc/src/llvm/codegen/intrinsics/atomic.rs,327,atomicRefLoad named arg,P7-B3.3,atomic intrinsic contract verifier,atomic intrinsic arity target mutability width ordering and return contracts are verified before LLVM lowering
UMB-0518,B-26,InternalBugSentinel,crates/scoopc/src/llvm/codegen/intrinsics/atomic.rs,346,atomicRefLoad load instruction,P7-B3.3,atomic intrinsic contract verifier,atomic intrinsic arity target mutability width ordering and return contracts are verified before LLVM lowering
UMB-0519,B-26,InternalBugSentinel,crates/scoopc/src/llvm/codegen/intrinsics/atomic.rs,351,atomicRefLoad set ordering,P7-B3.3,atomic intrinsic contract verifier,atomic intrinsic arity target mutability width ordering and return contracts are verified before LLVM lowering
UMB-0520,B-26,InternalBugSentinel,crates/scoopc/src/llvm/codegen/intrinsics/atomic.rs,363,atomicRefStore arity mismatch,P7-B3.3,atomic intrinsic contract verifier,atomic intrinsic arity target mutability width ordering and return contracts are verified before LLVM lowering
UMB-0521,B-26,InternalBugSentinel,crates/scoopc/src/llvm/codegen/intrinsics/atomic.rs,370,atomicRefStore named arg (target),P7-B3.3,atomic intrinsic contract verifier,atomic intrinsic arity target mutability width ordering and return contracts are verified before LLVM lowering
UMB-0522,B-26,InternalBugSentinel,crates/scoopc/src/llvm/codegen/intrinsics/atomic.rs,376,atomicRefStore named arg (value),P7-B3.3,atomic intrinsic contract verifier,atomic intrinsic arity target mutability width ordering and return contracts are verified before LLVM lowering
UMB-0523,B-26,InternalBugSentinel,crates/scoopc/src/llvm/codegen/intrinsics/atomic.rs,386,atomicRef requires mutable lvalue,P7-B3.3,atomic intrinsic contract verifier,atomic intrinsic arity target mutability width ordering and return contracts are verified before LLVM lowering
UMB-0524,B-26,InternalBugSentinel,crates/scoopc/src/llvm/codegen/intrinsics/atomic.rs,404,atomicRef target place,P7-B3.3,atomic intrinsic contract verifier,atomic intrinsic arity target mutability width ordering and return contracts are verified before LLVM lowering
UMB-0525,B-26,InternalBugSentinel,crates/scoopc/src/llvm/codegen/intrinsics/atomic.rs,426,atomicRefStore set ordering,P7-B3.3,atomic intrinsic contract verifier,atomic intrinsic arity target mutability width ordering and return contracts are verified before LLVM lowering
UMB-0526,B-26,InternalBugSentinel,crates/scoopc/src/llvm/codegen/intrinsics/atomic.rs,435,atomicRefCompareExchange arity mismatch,P7-B3.3,atomic intrinsic contract verifier,atomic intrinsic arity target mutability width ordering and return contracts are verified before LLVM lowering
UMB-0527,B-26,InternalBugSentinel,crates/scoopc/src/llvm/codegen/intrinsics/atomic.rs,442,atomicRefCompareExchange named arg (target),P7-B3.3,atomic intrinsic contract verifier,atomic intrinsic arity target mutability width ordering and return contracts are verified before LLVM lowering
UMB-0528,B-26,InternalBugSentinel,crates/scoopc/src/llvm/codegen/intrinsics/atomic.rs,448,atomicRefCompareExchange named arg (expected),P7-B3.3,atomic intrinsic contract verifier,atomic intrinsic arity target mutability width ordering and return contracts are verified before LLVM lowering
UMB-0529,B-26,InternalBugSentinel,crates/scoopc/src/llvm/codegen/intrinsics/atomic.rs,454,atomicRefCompareExchange named arg (desired),P7-B3.3,atomic intrinsic contract verifier,atomic intrinsic arity target mutability width ordering and return contracts are verified before LLVM lowering
UMB-0530,B-26,InternalBugSentinel,crates/scoopc/src/llvm/codegen/intrinsics/atomic.rs,464,atomicRef requires mutable lvalue,P7-B3.3,atomic intrinsic contract verifier,atomic intrinsic arity target mutability width ordering and return contracts are verified before LLVM lowering
UMB-0531,B-26,InternalBugSentinel,crates/scoopc/src/llvm/codegen/intrinsics/atomic.rs,482,atomicRef target place,P7-B3.3,atomic intrinsic contract verifier,atomic intrinsic arity target mutability width ordering and return contracts are verified before LLVM lowering
UMB-0532,B-26,InternalBugSentinel,crates/scoopc/src/llvm/codegen/intrinsics/atomic.rs,519,atomicRefCompareExchange success type,P7-B3.3,atomic intrinsic contract verifier,atomic intrinsic arity target mutability width ordering and return contracts are verified before LLVM lowering
UMB-0533,B-26,InternalBugSentinel,crates/scoopc/src/llvm/codegen/intrinsics/atomic.rs,527,unknown sysroot atomicRef intrinsic callee,P7-B3.3,atomic intrinsic contract verifier,atomic intrinsic arity target mutability width ordering and return contracts are verified before LLVM lowering
UMB-0534,B-26,InternalBugSentinel,crates/scoopc/src/llvm/codegen/intrinsics/atomic.rs,547,atomicInt requires mutable lvalue,P7-B3.3,atomic intrinsic contract verifier,atomic intrinsic arity target mutability width ordering and return contracts are verified before LLVM lowering
UMB-0535,B-26,InternalBugSentinel,crates/scoopc/src/llvm/codegen/intrinsics/atomic.rs,554,atomicInt target type,P7-B3.3,atomic intrinsic contract verifier,atomic intrinsic arity target mutability width ordering and return contracts are verified before LLVM lowering
UMB-0536,B-26,InternalBugSentinel,crates/scoopc/src/llvm/codegen/intrinsics/atomic.rs,560,atomicInt target width,P7-B3.3,atomic intrinsic contract verifier,atomic intrinsic arity target mutability width ordering and return contracts are verified before LLVM lowering
UMB-0537,B-26,InternalBugSentinel,crates/scoopc/src/llvm/codegen/intrinsics/atomic.rs,594,atomicRef requires mutable lvalue,P7-B3.3,atomic intrinsic contract verifier,atomic intrinsic arity target mutability width ordering and return contracts are verified before LLVM lowering
UMB-0538,B-26,InternalBugSentinel,crates/scoopc/src/llvm/codegen/intrinsics/atomic.rs,611,atomicRef target type,P7-B3.3,atomic intrinsic contract verifier,atomic intrinsic arity target mutability width ordering and return contracts are verified before LLVM lowering
UMB-0539,B-26,InternalBugSentinel,crates/scoopc/src/llvm/codegen/intrinsics/atomic.rs,626,DYNAMIC:kind,P7-B3.3,atomic intrinsic contract verifier,atomic intrinsic arity target mutability width ordering and return contracts are verified before LLVM lowering
UMB-0540,B-26,InternalBugSentinel,crates/scoopc/src/llvm/codegen/intrinsics/atomic.rs,632,DYNAMIC:kind,P7-B3.3,atomic intrinsic contract verifier,atomic intrinsic arity target mutability width ordering and return contracts are verified before LLVM lowering
UMB-0775,B-26,InternalBugSentinel,crates/scoopc/src/llvm/codegen/main/call.rs,31,atomicInt lvalue local,P7-B3.3,atomic intrinsic contract verifier,atomic intrinsic arity target mutability width ordering and return contracts are verified before LLVM lowering
UMB-0776,B-26,InternalBugSentinel,crates/scoopc/src/llvm/codegen/main/call.rs,48,atomicInt extern global type,P7-B3.3,atomic intrinsic contract verifier,atomic intrinsic arity target mutability width ordering and return contracts are verified before LLVM lowering
UMB-0777,B-26,InternalBugSentinel,crates/scoopc/src/llvm/codegen/main/call.rs,63,atomicInt extern global type,P7-B3.3,atomic intrinsic contract verifier,atomic intrinsic arity target mutability width ordering and return contracts are verified before LLVM lowering
UMB-0778,B-26,InternalBugSentinel,crates/scoopc/src/llvm/codegen/main/call.rs,75,atomicInt lvalue top-level var,P7-B3.3,atomic intrinsic contract verifier,atomic intrinsic arity target mutability width ordering and return contracts are verified before LLVM lowering
UMB-0779,B-26,InternalBugSentinel,crates/scoopc/src/llvm/codegen/main/call.rs,84,atomicInt top-level var type,P7-B3.3,atomic intrinsic contract verifier,atomic intrinsic arity target mutability width ordering and return contracts are verified before LLVM lowering
UMB-0780,B-26,InternalBugSentinel,crates/scoopc/src/llvm/codegen/main/call.rs,96,atomicInt target must be an lvalue,P7-B3.3,atomic intrinsic contract verifier,atomic intrinsic arity target mutability width ordering and return contracts are verified before LLVM lowering
UMB-0784,B-26,InternalBugSentinel,crates/scoopc/src/llvm/codegen/main/call.rs,140,atomicInt target must be an lvalue,P7-B3.3,atomic intrinsic contract verifier,atomic intrinsic arity target mutability width ordering and return contracts are verified before LLVM lowering
UMB-0785,B-26,InternalBugSentinel,crates/scoopc/src/llvm/codegen/main/call.rs,161,atomicInt target must be an lvalue,P7-B3.3,atomic intrinsic contract verifier,atomic intrinsic arity target mutability width ordering and return contracts are verified before LLVM lowering
UMB-0340,B-29,InternalBugSentinel,crates/scoopc/src/llvm/codegen/effect_lowered/value.rs,3706,GC.pin arg contract,P7-B3.4,GC intrinsic contract verifier,GC pin handle unpin token root and frame contracts are verified before LLVM lowering; legacy_gap=PIPELINE_GAPS §7.6
UMB-0341,B-29,InternalBugSentinel,crates/scoopc/src/llvm/codegen/effect_lowered/value.rs,3712,GC.pin target type,P7-B3.4,GC intrinsic contract verifier,GC pin handle unpin token root and frame contracts are verified before LLVM lowering
UMB-0342,B-29,InternalBugSentinel,crates/scoopc/src/llvm/codegen/effect_lowered/value.rs,3730,GC.pin arg value,P7-B3.4,GC intrinsic contract verifier,GC pin handle unpin token root and frame contracts are verified before LLVM lowering
UMB-0343,B-29,InternalBugSentinel,crates/scoopc/src/llvm/codegen/effect_lowered/value.rs,3742,GC.pin return type,P7-B3.4,GC intrinsic contract verifier,GC pin handle unpin token root and frame contracts are verified before LLVM lowering
UMB-0346,B-29,InternalBugSentinel,crates/scoopc/src/llvm/codegen/effect_lowered/value.rs,3792,GC.pin field value,P7-B3.4,GC intrinsic contract verifier,GC pin handle unpin token root and frame contracts are verified before LLVM lowering
UMB-0347,B-29,InternalBugSentinel,crates/scoopc/src/llvm/codegen/effect_lowered/value.rs,3816,GC.unpin arg contract,P7-B3.4,GC intrinsic contract verifier,GC pin handle unpin token root and frame contracts are verified before LLVM lowering
UMB-0348,B-29,InternalBugSentinel,crates/scoopc/src/llvm/codegen/effect_lowered/value.rs,3826,GC.unpin arg type,P7-B3.4,GC intrinsic contract verifier,GC pin handle unpin token root and frame contracts are verified before LLVM lowering
UMB-0349,B-29,InternalBugSentinel,crates/scoopc/src/llvm/codegen/effect_lowered/value.rs,3832,GC.unpin arg value,P7-B3.4,GC intrinsic contract verifier,GC pin handle unpin token root and frame contracts are verified before LLVM lowering
UMB-0350,B-29,InternalBugSentinel,crates/scoopc/src/llvm/codegen/effect_lowered/value.rs,3849,GC.unpin value,P7-B3.4,GC intrinsic contract verifier,GC pin handle unpin token root and frame contracts are verified before LLVM lowering
UMB-0351,B-29,InternalBugSentinel,crates/scoopc/src/llvm/codegen/effect_lowered/value.rs,3861,GC.unpin return type,P7-B3.4,GC intrinsic contract verifier,GC pin handle unpin token root and frame contracts are verified before LLVM lowering
UMB-0371,B-29,InternalBugSentinel,crates/scoopc/src/llvm/codegen/effect_outcome.rs,425,coerce gc ref to u64 word,P7-B3.4,GC intrinsic contract verifier,GC pin handle unpin token root and frame contracts are verified before LLVM lowering
UMB-0426,B-29,InternalBugSentinel,crates/scoopc/src/llvm/codegen/gc.rs,114,GC.pin arity mismatch,P7-B3.4,GC intrinsic contract verifier,GC pin handle unpin token root and frame contracts are verified before LLVM lowering
UMB-0427,B-29,InternalBugSentinel,crates/scoopc/src/llvm/codegen/gc.rs,120,GC.pin named arg,P7-B3.4,GC intrinsic contract verifier,GC pin handle unpin token root and frame contracts are verified before LLVM lowering
UMB-0428,B-29,InternalBugSentinel,crates/scoopc/src/llvm/codegen/gc.rs,127,GC.pin call without expected pinned type,P7-B3.4,GC intrinsic contract verifier,GC pin handle unpin token root and frame contracts are verified before LLVM lowering
UMB-0429,B-29,InternalBugSentinel,crates/scoopc/src/llvm/codegen/gc.rs,142,GC.pin arg value,P7-B3.4,GC intrinsic contract verifier,GC pin handle unpin token root and frame contracts are verified before LLVM lowering
UMB-0430,B-29,InternalBugSentinel,crates/scoopc/src/llvm/codegen/gc.rs,148,GC.pin arg type,P7-B3.4,GC intrinsic contract verifier,GC pin handle unpin token root and frame contracts are verified before LLVM lowering
UMB-0431,B-29,InternalBugSentinel,crates/scoopc/src/llvm/codegen/gc.rs,161,GC.pin return value,P7-B3.4,GC intrinsic contract verifier,GC pin handle unpin token root and frame contracts are verified before LLVM lowering
UMB-0432,B-29,InternalBugSentinel,crates/scoopc/src/llvm/codegen/gc.rs,166,GC.pin return type,P7-B3.4,GC intrinsic contract verifier,GC pin handle unpin token root and frame contracts are verified before LLVM lowering
UMB-0435,B-29,InternalBugSentinel,crates/scoopc/src/llvm/codegen/gc.rs,209,GC.pin field value,P7-B3.4,GC intrinsic contract verifier,GC pin handle unpin token root and frame contracts are verified before LLVM lowering
UMB-0436,B-29,InternalBugSentinel,crates/scoopc/src/llvm/codegen/gc.rs,235,GC.handleNew arity mismatch,P7-B3.4,GC intrinsic contract verifier,GC pin handle unpin token root and frame contracts are verified before LLVM lowering
UMB-0437,B-29,InternalBugSentinel,crates/scoopc/src/llvm/codegen/gc.rs,241,GC.handleNew named arg,P7-B3.4,GC intrinsic contract verifier,GC pin handle unpin token root and frame contracts are verified before LLVM lowering
UMB-0438,B-29,InternalBugSentinel,crates/scoopc/src/llvm/codegen/gc.rs,248,GC.handleNew call without expected handle type,P7-B3.4,GC intrinsic contract verifier,GC pin handle unpin token root and frame contracts are verified before LLVM lowering
UMB-0439,B-29,InternalBugSentinel,crates/scoopc/src/llvm/codegen/gc.rs,257,GC.handleNew raw field type,P7-B3.4,GC intrinsic contract verifier,GC pin handle unpin token root and frame contracts are verified before LLVM lowering
UMB-0440,B-29,InternalBugSentinel,crates/scoopc/src/llvm/codegen/gc.rs,266,GC.handleNew arg value,P7-B3.4,GC intrinsic contract verifier,GC pin handle unpin token root and frame contracts are verified before LLVM lowering
UMB-0441,B-29,InternalBugSentinel,crates/scoopc/src/llvm/codegen/gc.rs,272,GC.handleNew arg type,P7-B3.4,GC intrinsic contract verifier,GC pin handle unpin token root and frame contracts are verified before LLVM lowering
UMB-0442,B-29,InternalBugSentinel,crates/scoopc/src/llvm/codegen/gc.rs,285,GC.handleNew return value,P7-B3.4,GC intrinsic contract verifier,GC pin handle unpin token root and frame contracts are verified before LLVM lowering
UMB-0443,B-29,InternalBugSentinel,crates/scoopc/src/llvm/codegen/gc.rs,290,GC.handleNew return type,P7-B3.4,GC intrinsic contract verifier,GC pin handle unpin token root and frame contracts are verified before LLVM lowering
UMB-0446,B-29,InternalBugSentinel,crates/scoopc/src/llvm/codegen/gc.rs,364,GC.handleGet arity mismatch,P7-B3.4,GC intrinsic contract verifier,GC pin handle unpin token root and frame contracts are verified before LLVM lowering
UMB-0447,B-29,InternalBugSentinel,crates/scoopc/src/llvm/codegen/gc.rs,370,GC.handleGet named arg,P7-B3.4,GC intrinsic contract verifier,GC pin handle unpin token root and frame contracts are verified before LLVM lowering
UMB-0448,B-29,InternalBugSentinel,crates/scoopc/src/llvm/codegen/gc.rs,378,GC.handleGet arg type,P7-B3.4,GC intrinsic contract verifier,GC pin handle unpin token root and frame contracts are verified before LLVM lowering
UMB-0449,B-29,InternalBugSentinel,crates/scoopc/src/llvm/codegen/gc.rs,384,GC.handleGet arg value,P7-B3.4,GC intrinsic contract verifier,GC pin handle unpin token root and frame contracts are verified before LLVM lowering
UMB-0450,B-29,InternalBugSentinel,crates/scoopc/src/llvm/codegen/gc.rs,390,GC.handleGet arg value type,P7-B3.4,GC intrinsic contract verifier,GC pin handle unpin token root and frame contracts are verified before LLVM lowering
UMB-0451,B-29,InternalBugSentinel,crates/scoopc/src/llvm/codegen/gc.rs,404,GC.handleGet raw field type,P7-B3.4,GC intrinsic contract verifier,GC pin handle unpin token root and frame contracts are verified before LLVM lowering
UMB-0452,B-29,InternalBugSentinel,crates/scoopc/src/llvm/codegen/gc.rs,410,GC.handleGet raw value,P7-B3.4,GC intrinsic contract verifier,GC pin handle unpin token root and frame contracts are verified before LLVM lowering
UMB-0453,B-29,InternalBugSentinel,crates/scoopc/src/llvm/codegen/gc.rs,416,GC.handleGet raw value type,P7-B3.4,GC intrinsic contract verifier,GC pin handle unpin token root and frame contracts are verified before LLVM lowering
UMB-0454,B-29,InternalBugSentinel,crates/scoopc/src/llvm/codegen/gc.rs,435,GC.handleGet return value,P7-B3.4,GC intrinsic contract verifier,GC pin handle unpin token root and frame contracts are verified before LLVM lowering
UMB-0455,B-29,InternalBugSentinel,crates/scoopc/src/llvm/codegen/gc.rs,440,GC.handleGet return type,P7-B3.4,GC intrinsic contract verifier,GC pin handle unpin token root and frame contracts are verified before LLVM lowering
UMB-0458,B-29,InternalBugSentinel,crates/scoopc/src/llvm/codegen/gc.rs,499,GC.handleDrop arity mismatch,P7-B3.4,GC intrinsic contract verifier,GC pin handle unpin token root and frame contracts are verified before LLVM lowering
UMB-0459,B-29,InternalBugSentinel,crates/scoopc/src/llvm/codegen/gc.rs,505,GC.handleDrop named arg,P7-B3.4,GC intrinsic contract verifier,GC pin handle unpin token root and frame contracts are verified before LLVM lowering
UMB-0460,B-29,InternalBugSentinel,crates/scoopc/src/llvm/codegen/gc.rs,513,GC.handleDrop arg type,P7-B3.4,GC intrinsic contract verifier,GC pin handle unpin token root and frame contracts are verified before LLVM lowering
UMB-0461,B-29,InternalBugSentinel,crates/scoopc/src/llvm/codegen/gc.rs,519,GC.handleDrop arg value,P7-B3.4,GC intrinsic contract verifier,GC pin handle unpin token root and frame contracts are verified before LLVM lowering
UMB-0462,B-29,InternalBugSentinel,crates/scoopc/src/llvm/codegen/gc.rs,525,GC.handleDrop arg value type,P7-B3.4,GC intrinsic contract verifier,GC pin handle unpin token root and frame contracts are verified before LLVM lowering
UMB-0463,B-29,InternalBugSentinel,crates/scoopc/src/llvm/codegen/gc.rs,539,GC.handleDrop raw field type,P7-B3.4,GC intrinsic contract verifier,GC pin handle unpin token root and frame contracts are verified before LLVM lowering
UMB-0464,B-29,InternalBugSentinel,crates/scoopc/src/llvm/codegen/gc.rs,545,GC.handleDrop raw value,P7-B3.4,GC intrinsic contract verifier,GC pin handle unpin token root and frame contracts are verified before LLVM lowering
UMB-0465,B-29,InternalBugSentinel,crates/scoopc/src/llvm/codegen/gc.rs,551,GC.handleDrop raw value type,P7-B3.4,GC intrinsic contract verifier,GC pin handle unpin token root and frame contracts are verified before LLVM lowering
UMB-0466,B-29,InternalBugSentinel,crates/scoopc/src/llvm/codegen/gc.rs,570,GC.handleDrop return value,P7-B3.4,GC intrinsic contract verifier,GC pin handle unpin token root and frame contracts are verified before LLVM lowering
UMB-0467,B-29,InternalBugSentinel,crates/scoopc/src/llvm/codegen/gc.rs,575,GC.handleDrop return type,P7-B3.4,GC intrinsic contract verifier,GC pin handle unpin token root and frame contracts are verified before LLVM lowering
UMB-0470,B-29,InternalBugSentinel,crates/scoopc/src/llvm/codegen/gc.rs,635,GC.unpin arity mismatch,P7-B3.4,GC intrinsic contract verifier,GC pin handle unpin token root and frame contracts are verified before LLVM lowering
UMB-0471,B-29,InternalBugSentinel,crates/scoopc/src/llvm/codegen/gc.rs,641,GC.unpin named arg,P7-B3.4,GC intrinsic contract verifier,GC pin handle unpin token root and frame contracts are verified before LLVM lowering
UMB-0472,B-29,InternalBugSentinel,crates/scoopc/src/llvm/codegen/gc.rs,649,GC.unpin arg type,P7-B3.4,GC intrinsic contract verifier,GC pin handle unpin token root and frame contracts are verified before LLVM lowering
UMB-0473,B-29,InternalBugSentinel,crates/scoopc/src/llvm/codegen/gc.rs,655,GC.unpin arg value,P7-B3.4,GC intrinsic contract verifier,GC pin handle unpin token root and frame contracts are verified before LLVM lowering
UMB-0474,B-29,InternalBugSentinel,crates/scoopc/src/llvm/codegen/gc.rs,661,GC.unpin arg value type,P7-B3.4,GC intrinsic contract verifier,GC pin handle unpin token root and frame contracts are verified before LLVM lowering
UMB-0475,B-29,InternalBugSentinel,crates/scoopc/src/llvm/codegen/gc.rs,676,GC.unpin value,P7-B3.4,GC intrinsic contract verifier,GC pin handle unpin token root and frame contracts are verified before LLVM lowering
UMB-0476,B-29,InternalBugSentinel,crates/scoopc/src/llvm/codegen/gc.rs,682,GC.unpin value type,P7-B3.4,GC intrinsic contract verifier,GC pin handle unpin token root and frame contracts are verified before LLVM lowering
UMB-0477,B-29,InternalBugSentinel,crates/scoopc/src/llvm/codegen/gc.rs,695,GC.unpin return value,P7-B3.4,GC intrinsic contract verifier,GC pin handle unpin token root and frame contracts are verified before LLVM lowering
UMB-0478,B-29,InternalBugSentinel,crates/scoopc/src/llvm/codegen/gc.rs,700,GC.unpin return type,P7-B3.4,GC intrinsic contract verifier,GC pin handle unpin token root and frame contracts are verified before LLVM lowering
UMB-0481,B-29,InternalBugSentinel,crates/scoopc/src/llvm/codegen/gc.rs,935,local explicit frame root slot,P7-B3.4,GC intrinsic contract verifier,GC pin handle unpin token root and frame contracts are verified before LLVM lowering
UMB-0482,B-29,InternalBugSentinel,crates/scoopc/src/llvm/codegen/gc.rs,1169,type descriptor field offset,P7-B3.4,GC intrinsic contract verifier,GC pin handle unpin token root and frame contracts are verified before LLVM lowering
UMB-0483,B-29,InternalBugSentinel,crates/scoopc/src/llvm/codegen/gc.rs,1932,store exact value type mismatch,P7-B3.4,GC intrinsic contract verifier,GC pin handle unpin token root and frame contracts are verified before LLVM lowering
UMB-0484,B-29,InternalBugSentinel,crates/scoopc/src/llvm/codegen/gc.rs,1954,store value,P7-B3.4,GC intrinsic contract verifier,GC pin handle unpin token root and frame contracts are verified before LLVM lowering
UMB-0485,B-29,InternalBugSentinel,crates/scoopc/src/llvm/codegen/gc.rs,1967,write barrier value type (ptr),P7-B3.4,GC intrinsic contract verifier,GC pin handle unpin token root and frame contracts are verified before LLVM lowering
UMB-0486,B-29,InternalBugSentinel,crates/scoopc/src/llvm/codegen/gc.rs,2000,store value,P7-B3.4,GC intrinsic contract verifier,GC pin handle unpin token root and frame contracts are verified before LLVM lowering
UMB-0487,B-29,InternalBugSentinel,crates/scoopc/src/llvm/codegen/gc.rs,2014,write barrier value type (ptr),P7-B3.4,GC intrinsic contract verifier,GC pin handle unpin token root and frame contracts are verified before LLVM lowering
UMB-0488,B-29,InternalBugSentinel,crates/scoopc/src/llvm/codegen/gc.rs,2111,tagged union enum heap store,P7-B3.4,GC intrinsic contract verifier,GC pin handle unpin token root and frame contracts are verified before LLVM lowering
UMB-0489,B-29,InternalBugSentinel,crates/scoopc/src/llvm/codegen/gc.rs,2133,tagged union enum gc payload field,P7-B3.4,GC intrinsic contract verifier,GC pin handle unpin token root and frame contracts are verified before LLVM lowering
UMB-0490,B-29,InternalBugSentinel,crates/scoopc/src/llvm/codegen/gc.rs,2144,tagged union enum word payload field,P7-B3.4,GC intrinsic contract verifier,GC pin handle unpin token root and frame contracts are verified before LLVM lowering
UMB-0491,B-29,InternalBugSentinel,crates/scoopc/src/llvm/codegen/gc.rs,2153,tagged union enum tag field,P7-B3.4,GC intrinsic contract verifier,GC pin handle unpin token root and frame contracts are verified before LLVM lowering
UMB-0644,B-29,InternalBugSentinel,crates/scoopc/src/llvm/codegen/intrinsics/named.rs,2808,named runtime intrinsic GC ref operand value,P7-B3.4,GC intrinsic contract verifier,GC pin handle unpin token root and frame contracts are verified before LLVM lowering
UMB-0654,B-29,InternalBugSentinel,crates/scoopc/src/llvm/codegen/intrinsics/named.rs,2952,named runtime intrinsic GC ref return value,P7-B3.4,GC intrinsic contract verifier,GC pin handle unpin token root and frame contracts are verified before LLVM lowering
UMB-0882,B-29,InternalBugSentinel,crates/scoopc/src/llvm/codegen/main/frame.rs,483,single gc ptr explicit frame reload slot,P7-B3.4,GC intrinsic contract verifier,GC pin handle unpin token root and frame contracts are verified before LLVM lowering
UMB-0900,B-29,InternalBugSentinel,crates/scoopc/src/llvm/codegen/main/gc_locals.rs,325,deferred gc ref reload,P7-B3.4,GC intrinsic contract verifier,GC pin handle unpin token root and frame contracts are verified before LLVM lowering
UMB-0901,B-29,InternalBugSentinel,crates/scoopc/src/llvm/codegen/main/gc_locals.rs,331,deferred gc ref reload type,P7-B3.4,GC intrinsic contract verifier,GC pin handle unpin token root and frame contracts are verified before LLVM lowering
UMB-1149,B-29,InternalBugSentinel,crates/scoopc/src/llvm/codegen/mir_body/member.rs,404,MIR GC.handleNew arg contract,P7-B3.4,GC intrinsic contract verifier,GC pin handle unpin token root and frame contracts are verified before LLVM lowering
UMB-1150,B-29,InternalBugSentinel,crates/scoopc/src/llvm/codegen/mir_body/member.rs,410,MIR GC.handleNew call without expected handle type,P7-B3.4,GC intrinsic contract verifier,GC pin handle unpin token root and frame contracts are verified before LLVM lowering
UMB-1151,B-29,InternalBugSentinel,crates/scoopc/src/llvm/codegen/mir_body/member.rs,418,MIR GC.handleNew raw field type,P7-B3.4,GC intrinsic contract verifier,GC pin handle unpin token root and frame contracts are verified before LLVM lowering
UMB-1152,B-29,InternalBugSentinel,crates/scoopc/src/llvm/codegen/mir_body/member.rs,429,MIR GC.handleNew arg value,P7-B3.4,GC intrinsic contract verifier,GC pin handle unpin token root and frame contracts are verified before LLVM lowering
UMB-1153,B-29,InternalBugSentinel,crates/scoopc/src/llvm/codegen/mir_body/member.rs,442,MIR GC.handleNew return value,P7-B3.4,GC intrinsic contract verifier,GC pin handle unpin token root and frame contracts are verified before LLVM lowering
UMB-1154,B-29,InternalBugSentinel,crates/scoopc/src/llvm/codegen/mir_body/member.rs,447,MIR GC.handleNew return type,P7-B3.4,GC intrinsic contract verifier,GC pin handle unpin token root and frame contracts are verified before LLVM lowering
UMB-1157,B-29,InternalBugSentinel,crates/scoopc/src/llvm/codegen/mir_body/member.rs,517,MIR GC.handleGet arg contract,P7-B3.4,GC intrinsic contract verifier,GC pin handle unpin token root and frame contracts are verified before LLVM lowering
UMB-1158,B-29,InternalBugSentinel,crates/scoopc/src/llvm/codegen/mir_body/member.rs,523,MIR GC.handleGet target type,P7-B3.4,GC intrinsic contract verifier,GC pin handle unpin token root and frame contracts are verified before LLVM lowering
UMB-1159,B-29,InternalBugSentinel,crates/scoopc/src/llvm/codegen/mir_body/member.rs,532,MIR GC.handleGet arg type,P7-B3.4,GC intrinsic contract verifier,GC pin handle unpin token root and frame contracts are verified before LLVM lowering
UMB-1160,B-29,InternalBugSentinel,crates/scoopc/src/llvm/codegen/mir_body/member.rs,538,MIR GC.handleGet arg value,P7-B3.4,GC intrinsic contract verifier,GC pin handle unpin token root and frame contracts are verified before LLVM lowering
UMB-1161,B-29,InternalBugSentinel,crates/scoopc/src/llvm/codegen/mir_body/member.rs,550,MIR GC.handleGet raw field type,P7-B3.4,GC intrinsic contract verifier,GC pin handle unpin token root and frame contracts are verified before LLVM lowering
UMB-1162,B-29,InternalBugSentinel,crates/scoopc/src/llvm/codegen/mir_body/member.rs,556,MIR GC.handleGet raw value,P7-B3.4,GC intrinsic contract verifier,GC pin handle unpin token root and frame contracts are verified before LLVM lowering
UMB-1163,B-29,InternalBugSentinel,crates/scoopc/src/llvm/codegen/mir_body/member.rs,576,MIR GC.handleGet return value,P7-B3.4,GC intrinsic contract verifier,GC pin handle unpin token root and frame contracts are verified before LLVM lowering
UMB-1164,B-29,InternalBugSentinel,crates/scoopc/src/llvm/codegen/mir_body/member.rs,581,MIR GC.handleGet return type,P7-B3.4,GC intrinsic contract verifier,GC pin handle unpin token root and frame contracts are verified before LLVM lowering
UMB-1167,B-29,InternalBugSentinel,crates/scoopc/src/llvm/codegen/mir_body/member.rs,636,MIR GC.handleDrop arg contract,P7-B3.4,GC intrinsic contract verifier,GC pin handle unpin token root and frame contracts are verified before LLVM lowering
UMB-1168,B-29,InternalBugSentinel,crates/scoopc/src/llvm/codegen/mir_body/member.rs,644,MIR GC.handleDrop arg type,P7-B3.4,GC intrinsic contract verifier,GC pin handle unpin token root and frame contracts are verified before LLVM lowering
UMB-1169,B-29,InternalBugSentinel,crates/scoopc/src/llvm/codegen/mir_body/member.rs,650,MIR GC.handleDrop arg value,P7-B3.4,GC intrinsic contract verifier,GC pin handle unpin token root and frame contracts are verified before LLVM lowering
UMB-1170,B-29,InternalBugSentinel,crates/scoopc/src/llvm/codegen/mir_body/member.rs,662,MIR GC.handleDrop raw field type,P7-B3.4,GC intrinsic contract verifier,GC pin handle unpin token root and frame contracts are verified before LLVM lowering
UMB-1171,B-29,InternalBugSentinel,crates/scoopc/src/llvm/codegen/mir_body/member.rs,668,MIR GC.handleDrop raw value,P7-B3.4,GC intrinsic contract verifier,GC pin handle unpin token root and frame contracts are verified before LLVM lowering
UMB-1172,B-29,InternalBugSentinel,crates/scoopc/src/llvm/codegen/mir_body/member.rs,688,MIR GC.handleDrop return value,P7-B3.4,GC intrinsic contract verifier,GC pin handle unpin token root and frame contracts are verified before LLVM lowering
UMB-1173,B-29,InternalBugSentinel,crates/scoopc/src/llvm/codegen/mir_body/member.rs,693,MIR GC.handleDrop return type,P7-B3.4,GC intrinsic contract verifier,GC pin handle unpin token root and frame contracts are verified before LLVM lowering
UMB-0031,B-30,InternalBugSentinel,crates/scoopc/src/llvm/codegen/call/lowering.rs,1345,funptr callee value type,P7-B3.5,named unsafe FunPtr intrinsic contract verifier,named intrinsic FunPtr pointer conversion and stackmap contracts are verified before LLVM lowering
UMB-0033,B-30,InternalBugSentinel,crates/scoopc/src/llvm/codegen/call/lowering.rs,1393,funptr signature type,P7-B3.5,named unsafe FunPtr intrinsic contract verifier,named intrinsic FunPtr pointer conversion and stackmap contracts are verified before LLVM lowering
UMB-0034,B-30,InternalBugSentinel,crates/scoopc/src/llvm/codegen/call/lowering.rs,1400,funptr signature kind,P7-B3.5,named unsafe FunPtr intrinsic contract verifier,named intrinsic FunPtr pointer conversion and stackmap contracts are verified before LLVM lowering
UMB-0037,B-30,InternalBugSentinel,crates/scoopc/src/llvm/codegen/call/lowering.rs,1644,funptr signature type,P7-B3.5,named unsafe FunPtr intrinsic contract verifier,named intrinsic FunPtr pointer conversion and stackmap contracts are verified before LLVM lowering
UMB-0038,B-30,InternalBugSentinel,crates/scoopc/src/llvm/codegen/call/lowering.rs,1651,funptr signature kind,P7-B3.5,named unsafe FunPtr intrinsic contract verifier,named intrinsic FunPtr pointer conversion and stackmap contracts are verified before LLVM lowering
UMB-0051,B-30,InternalBugSentinel,crates/scoopc/src/llvm/codegen/call/lowering.rs,2406,funptr call arity mismatch,P7-B3.5,named unsafe FunPtr intrinsic contract verifier,named intrinsic FunPtr pointer conversion and stackmap contracts are verified before LLVM lowering
UMB-0052,B-30,InternalBugSentinel,crates/scoopc/src/llvm/codegen/call/lowering.rs,2468,funptr call deferred return value,P7-B3.5,named unsafe FunPtr intrinsic contract verifier,named intrinsic FunPtr pointer conversion and stackmap contracts are verified before LLVM lowering
UMB-0354,B-30,InternalBugSentinel,crates/scoopc/src/llvm/codegen/effect_lowered/value.rs,3922,stackmap statepoint smoke arity mismatch,P7-B3.5,named unsafe FunPtr intrinsic contract verifier,named intrinsic FunPtr pointer conversion and stackmap contracts are verified before LLVM lowering
UMB-0355,B-30,InternalBugSentinel,crates/scoopc/src/llvm/codegen/effect_lowered/value.rs,3932,stackmap statepoint smoke caller function,P7-B3.5,named unsafe FunPtr intrinsic contract verifier,named intrinsic FunPtr pointer conversion and stackmap contracts are verified before LLVM lowering
UMB-0356,B-30,InternalBugSentinel,crates/scoopc/src/llvm/codegen/effect_lowered/value.rs,3946,stackmap statepoint smoke return value,P7-B3.5,named unsafe FunPtr intrinsic contract verifier,named intrinsic FunPtr pointer conversion and stackmap contracts are verified before LLVM lowering
UMB-0357,B-30,InternalBugSentinel,crates/scoopc/src/llvm/codegen/effect_lowered/value.rs,3952,stackmap statepoint smoke return type,P7-B3.5,named unsafe FunPtr intrinsic contract verifier,named intrinsic FunPtr pointer conversion and stackmap contracts are verified before LLVM lowering
UMB-0422,B-30,InternalBugSentinel,crates/scoopc/src/llvm/codegen/gc.rs,46,stackmap statepoint smoke arity mismatch,P7-B3.5,named unsafe FunPtr intrinsic contract verifier,named intrinsic FunPtr pointer conversion and stackmap contracts are verified before LLVM lowering
UMB-0423,B-30,InternalBugSentinel,crates/scoopc/src/llvm/codegen/gc.rs,62,stackmap statepoint smoke caller function,P7-B3.5,named unsafe FunPtr intrinsic contract verifier,named intrinsic FunPtr pointer conversion and stackmap contracts are verified before LLVM lowering
UMB-0424,B-30,InternalBugSentinel,crates/scoopc/src/llvm/codegen/gc.rs,80,stackmap statepoint smoke return value,P7-B3.5,named unsafe FunPtr intrinsic contract verifier,named intrinsic FunPtr pointer conversion and stackmap contracts are verified before LLVM lowering
UMB-0425,B-30,InternalBugSentinel,crates/scoopc/src/llvm/codegen/gc.rs,85,stackmap statepoint smoke return type,P7-B3.5,named unsafe FunPtr intrinsic contract verifier,named intrinsic FunPtr pointer conversion and stackmap contracts are verified before LLVM lowering
UMB-0553,B-30,InternalBugSentinel,crates/scoopc/src/llvm/codegen/intrinsics/builtin.rs,162,toInt ext arity,P7-B3.5,named unsafe FunPtr intrinsic contract verifier,named intrinsic FunPtr pointer conversion and stackmap contracts are verified before LLVM lowering
UMB-0554,B-30,InternalBugSentinel,crates/scoopc/src/llvm/codegen/intrinsics/builtin.rs,169,toInt ext named arg,P7-B3.5,named unsafe FunPtr intrinsic contract verifier,named intrinsic FunPtr pointer conversion and stackmap contracts are verified before LLVM lowering
UMB-0555,B-30,InternalBugSentinel,crates/scoopc/src/llvm/codegen/intrinsics/builtin.rs,182,toInt ext unsupported CgTy,P7-B3.5,named unsafe FunPtr intrinsic contract verifier,named intrinsic FunPtr pointer conversion and stackmap contracts are verified before LLVM lowering
UMB-0556,B-30,InternalBugSentinel,crates/scoopc/src/llvm/codegen/intrinsics/builtin.rs,200,hash ext arity,P7-B3.5,named unsafe FunPtr intrinsic contract verifier,named intrinsic FunPtr pointer conversion and stackmap contracts are verified before LLVM lowering
UMB-0557,B-30,InternalBugSentinel,crates/scoopc/src/llvm/codegen/intrinsics/builtin.rs,207,hash ext named arg,P7-B3.5,named unsafe FunPtr intrinsic contract verifier,named intrinsic FunPtr pointer conversion and stackmap contracts are verified before LLVM lowering
UMB-0558,B-30,InternalBugSentinel,crates/scoopc/src/llvm/codegen/intrinsics/builtin.rs,221,hash ext unsupported CgTy,P7-B3.5,named unsafe FunPtr intrinsic contract verifier,named intrinsic FunPtr pointer conversion and stackmap contracts are verified before LLVM lowering
UMB-0559,B-30,InternalBugSentinel,crates/scoopc/src/llvm/codegen/intrinsics/builtin.rs,235,abs ext arity,P7-B3.5,named unsafe FunPtr intrinsic contract verifier,named intrinsic FunPtr pointer conversion and stackmap contracts are verified before LLVM lowering
UMB-0560,B-30,InternalBugSentinel,crates/scoopc/src/llvm/codegen/intrinsics/builtin.rs,242,abs ext named arg,P7-B3.5,named unsafe FunPtr intrinsic contract verifier,named intrinsic FunPtr pointer conversion and stackmap contracts are verified before LLVM lowering
UMB-0561,B-30,InternalBugSentinel,crates/scoopc/src/llvm/codegen/intrinsics/builtin.rs,251,abs ext unsupported CgTy,P7-B3.5,named unsafe FunPtr intrinsic contract verifier,named intrinsic FunPtr pointer conversion and stackmap contracts are verified before LLVM lowering
UMB-0562,B-30,InternalBugSentinel,crates/scoopc/src/llvm/codegen/intrinsics/builtin.rs,265,isNaN ext arity,P7-B3.5,named unsafe FunPtr intrinsic contract verifier,named intrinsic FunPtr pointer conversion and stackmap contracts are verified before LLVM lowering
UMB-0563,B-30,InternalBugSentinel,crates/scoopc/src/llvm/codegen/intrinsics/builtin.rs,272,isNaN ext named arg,P7-B3.5,named unsafe FunPtr intrinsic contract verifier,named intrinsic FunPtr pointer conversion and stackmap contracts are verified before LLVM lowering
UMB-0564,B-30,InternalBugSentinel,crates/scoopc/src/llvm/codegen/intrinsics/builtin.rs,281,isNaN ext unsupported CgTy,P7-B3.5,named unsafe FunPtr intrinsic contract verifier,named intrinsic FunPtr pointer conversion and stackmap contracts are verified before LLVM lowering
UMB-0565,B-30,InternalBugSentinel,crates/scoopc/src/llvm/codegen/intrinsics/builtin.rs,295,isInfinite ext arity,P7-B3.5,named unsafe FunPtr intrinsic contract verifier,named intrinsic FunPtr pointer conversion and stackmap contracts are verified before LLVM lowering
UMB-0566,B-30,InternalBugSentinel,crates/scoopc/src/llvm/codegen/intrinsics/builtin.rs,302,isInfinite ext named arg,P7-B3.5,named unsafe FunPtr intrinsic contract verifier,named intrinsic FunPtr pointer conversion and stackmap contracts are verified before LLVM lowering
UMB-0567,B-30,InternalBugSentinel,crates/scoopc/src/llvm/codegen/intrinsics/builtin.rs,311,isInfinite ext unsupported CgTy,P7-B3.5,named unsafe FunPtr intrinsic contract verifier,named intrinsic FunPtr pointer conversion and stackmap contracts are verified before LLVM lowering
UMB-0570,B-30,InternalBugSentinel,crates/scoopc/src/llvm/codegen/intrinsics/builtin.rs,356,alignOf() arg type,P7-B3.5,named unsafe FunPtr intrinsic contract verifier,named intrinsic FunPtr pointer conversion and stackmap contracts are verified before LLVM lowering
UMB-0572,B-30,InternalBugSentinel,crates/scoopc/src/llvm/codegen/intrinsics/builtin.rs,438,DYNAMIC:name,P7-B3.5,named unsafe FunPtr intrinsic contract verifier,named intrinsic FunPtr pointer conversion and stackmap contracts are verified before LLVM lowering
UMB-0573,B-30,InternalBugSentinel,crates/scoopc/src/llvm/codegen/intrinsics/builtin.rs,500,String method receiver value,P7-B3.5,named unsafe FunPtr intrinsic contract verifier,named intrinsic FunPtr pointer conversion and stackmap contracts are verified before LLVM lowering
UMB-0574,B-30,InternalBugSentinel,crates/scoopc/src/llvm/codegen/intrinsics/builtin.rs,506,String method receiver type,P7-B3.5,named unsafe FunPtr intrinsic contract verifier,named intrinsic FunPtr pointer conversion and stackmap contracts are verified before LLVM lowering
UMB-0581,B-30,InternalBugSentinel,crates/scoopc/src/llvm/codegen/intrinsics/builtin.rs,699,unknown String method,P7-B3.5,named unsafe FunPtr intrinsic contract verifier,named intrinsic FunPtr pointer conversion and stackmap contracts are verified before LLVM lowering
UMB-0582,B-30,InternalBugSentinel,crates/scoopc/src/llvm/codegen/intrinsics/builtin.rs,718,String method receiver reload value,P7-B3.5,named unsafe FunPtr intrinsic contract verifier,named intrinsic FunPtr pointer conversion and stackmap contracts are verified before LLVM lowering
UMB-0583,B-30,InternalBugSentinel,crates/scoopc/src/llvm/codegen/intrinsics/builtin.rs,724,String method receiver reload type,P7-B3.5,named unsafe FunPtr intrinsic contract verifier,named intrinsic FunPtr pointer conversion and stackmap contracts are verified before LLVM lowering
UMB-0588,B-30,InternalBugSentinel,crates/scoopc/src/llvm/codegen/intrinsics/builtin.rs,855,DYNAMIC:kind,P7-B3.5,named unsafe FunPtr intrinsic contract verifier,named intrinsic FunPtr pointer conversion and stackmap contracts are verified before LLVM lowering
UMB-0589,B-30,InternalBugSentinel,crates/scoopc/src/llvm/codegen/intrinsics/builtin.rs,861,DYNAMIC:kind,P7-B3.5,named unsafe FunPtr intrinsic contract verifier,named intrinsic FunPtr pointer conversion and stackmap contracts are verified before LLVM lowering
UMB-0590,B-30,InternalBugSentinel,crates/scoopc/src/llvm/codegen/intrinsics/builtin.rs,867,DYNAMIC:kind,P7-B3.5,named unsafe FunPtr intrinsic contract verifier,named intrinsic FunPtr pointer conversion and stackmap contracts are verified before LLVM lowering
UMB-0593,B-30,InternalBugSentinel,crates/scoopc/src/llvm/codegen/intrinsics/builtin.rs,936,Float64.hash bits type,P7-B3.5,named unsafe FunPtr intrinsic contract verifier,named intrinsic FunPtr pointer conversion and stackmap contracts are verified before LLVM lowering
UMB-0594,B-30,InternalBugSentinel,crates/scoopc/src/llvm/codegen/intrinsics/builtin.rs,950,Float32.hash bits type,P7-B3.5,named unsafe FunPtr intrinsic contract verifier,named intrinsic FunPtr pointer conversion and stackmap contracts are verified before LLVM lowering
UMB-0595,B-30,InternalBugSentinel,crates/scoopc/src/llvm/codegen/intrinsics/builtin.rs,978,Float64.abs bits type,P7-B3.5,named unsafe FunPtr intrinsic contract verifier,named intrinsic FunPtr pointer conversion and stackmap contracts are verified before LLVM lowering
UMB-0596,B-30,InternalBugSentinel,crates/scoopc/src/llvm/codegen/intrinsics/builtin.rs,994,Float64.abs return type,P7-B3.5,named unsafe FunPtr intrinsic contract verifier,named intrinsic FunPtr pointer conversion and stackmap contracts are verified before LLVM lowering
UMB-0597,B-30,InternalBugSentinel,crates/scoopc/src/llvm/codegen/intrinsics/builtin.rs,1008,Float32.abs bits type,P7-B3.5,named unsafe FunPtr intrinsic contract verifier,named intrinsic FunPtr pointer conversion and stackmap contracts are verified before LLVM lowering
UMB-0598,B-30,InternalBugSentinel,crates/scoopc/src/llvm/codegen/intrinsics/builtin.rs,1022,Float32.abs return type,P7-B3.5,named unsafe FunPtr intrinsic contract verifier,named intrinsic FunPtr pointer conversion and stackmap contracts are verified before LLVM lowering
UMB-0599,B-30,InternalBugSentinel,crates/scoopc/src/llvm/codegen/intrinsics/builtin.rs,1068,Float64.isInfinite bits type,P7-B3.5,named unsafe FunPtr intrinsic contract verifier,named intrinsic FunPtr pointer conversion and stackmap contracts are verified before LLVM lowering
UMB-0600,B-30,InternalBugSentinel,crates/scoopc/src/llvm/codegen/intrinsics/builtin.rs,1095,Float32.isInfinite bits type,P7-B3.5,named unsafe FunPtr intrinsic contract verifier,named intrinsic FunPtr pointer conversion and stackmap contracts are verified before LLVM lowering
UMB-0601,B-30,InternalBugSentinel,crates/scoopc/src/llvm/codegen/intrinsics/named.rs,413,named intrinsic dummy_ir operand arity,P7-B3.5,named unsafe FunPtr intrinsic contract verifier,named intrinsic FunPtr pointer conversion and stackmap contracts are verified before LLVM lowering
UMB-0602,B-30,InternalBugSentinel,crates/scoopc/src/llvm/codegen/intrinsics/named.rs,1012,named intrinsic IR rule lookup,P7-B3.5,named unsafe FunPtr intrinsic contract verifier,named intrinsic FunPtr pointer conversion and stackmap contracts are verified before LLVM lowering
UMB-0603,B-30,InternalBugSentinel,crates/scoopc/src/llvm/codegen/intrinsics/named.rs,1104,named intrinsic MIR operand type,P7-B3.5,named unsafe FunPtr intrinsic contract verifier,named intrinsic FunPtr pointer conversion and stackmap contracts are verified before LLVM lowering
UMB-0613,B-30,InternalBugSentinel,crates/scoopc/src/llvm/codegen/intrinsics/named.rs,1485,named intrinsic unsafe ref passthrough operand arity,P7-B3.5,named unsafe FunPtr intrinsic contract verifier,named intrinsic FunPtr pointer conversion and stackmap contracts are verified before LLVM lowering
UMB-0614,B-30,InternalBugSentinel,crates/scoopc/src/llvm/codegen/intrinsics/named.rs,1498,named intrinsic unsafe value-to-any operand arity,P7-B3.5,named unsafe FunPtr intrinsic contract verifier,named intrinsic FunPtr pointer conversion and stackmap contracts are verified before LLVM lowering
UMB-0615,B-30,InternalBugSentinel,crates/scoopc/src/llvm/codegen/intrinsics/named.rs,1520,named intrinsic unsafe value-to-word operand arity,P7-B3.5,named unsafe FunPtr intrinsic contract verifier,named intrinsic FunPtr pointer conversion and stackmap contracts are verified before LLVM lowering
UMB-0616,B-30,InternalBugSentinel,crates/scoopc/src/llvm/codegen/intrinsics/named.rs,1537,named intrinsic unsafe value-to-word bool value,P7-B3.5,named unsafe FunPtr intrinsic contract verifier,named intrinsic FunPtr pointer conversion and stackmap contracts are verified before LLVM lowering
UMB-0617,B-30,InternalBugSentinel,crates/scoopc/src/llvm/codegen/intrinsics/named.rs,1549,named intrinsic unsafe value-to-word int value,P7-B3.5,named unsafe FunPtr intrinsic contract verifier,named intrinsic FunPtr pointer conversion and stackmap contracts are verified before LLVM lowering
UMB-0618,B-30,InternalBugSentinel,crates/scoopc/src/llvm/codegen/intrinsics/named.rs,1560,named intrinsic unsafe value-to-word float32 value,P7-B3.5,named unsafe FunPtr intrinsic contract verifier,named intrinsic FunPtr pointer conversion and stackmap contracts are verified before LLVM lowering
UMB-0619,B-30,InternalBugSentinel,crates/scoopc/src/llvm/codegen/intrinsics/named.rs,1582,named intrinsic unsafe value-to-word float64 value,P7-B3.5,named unsafe FunPtr intrinsic contract verifier,named intrinsic FunPtr pointer conversion and stackmap contracts are verified before LLVM lowering
UMB-0620,B-30,InternalBugSentinel,crates/scoopc/src/llvm/codegen/intrinsics/named.rs,1602,named intrinsic unsafe value-to-word ref value,P7-B3.5,named unsafe FunPtr intrinsic contract verifier,named intrinsic FunPtr pointer conversion and stackmap contracts are verified before LLVM lowering
UMB-0621,B-30,InternalBugSentinel,crates/scoopc/src/llvm/codegen/intrinsics/named.rs,1627,named intrinsic unsafe value-slot operand arity,P7-B3.5,named unsafe FunPtr intrinsic contract verifier,named intrinsic FunPtr pointer conversion and stackmap contracts are verified before LLVM lowering
UMB-0622,B-30,InternalBugSentinel,crates/scoopc/src/llvm/codegen/intrinsics/named.rs,2187,DYNAMIC:kind,P7-B3.5,named unsafe FunPtr intrinsic contract verifier,named intrinsic FunPtr pointer conversion and stackmap contracts are verified before LLVM lowering
UMB-0623,B-30,InternalBugSentinel,crates/scoopc/src/llvm/codegen/intrinsics/named.rs,2201,DYNAMIC:kind,P7-B3.5,named unsafe FunPtr intrinsic contract verifier,named intrinsic FunPtr pointer conversion and stackmap contracts are verified before LLVM lowering
UMB-0624,B-30,InternalBugSentinel,crates/scoopc/src/llvm/codegen/intrinsics/named.rs,2215,DYNAMIC:kind,P7-B3.5,named unsafe FunPtr intrinsic contract verifier,named intrinsic FunPtr pointer conversion and stackmap contracts are verified before LLVM lowering
UMB-0625,B-30,InternalBugSentinel,crates/scoopc/src/llvm/codegen/intrinsics/named.rs,2229,DYNAMIC:kind,P7-B3.5,named unsafe FunPtr intrinsic contract verifier,named intrinsic FunPtr pointer conversion and stackmap contracts are verified before LLVM lowering
UMB-0626,B-30,InternalBugSentinel,crates/scoopc/src/llvm/codegen/intrinsics/named.rs,2306,DYNAMIC:kind,P7-B3.5,named unsafe FunPtr intrinsic contract verifier,named intrinsic FunPtr pointer conversion and stackmap contracts are verified before LLVM lowering
UMB-0627,B-30,InternalBugSentinel,crates/scoopc/src/llvm/codegen/intrinsics/named.rs,2328,DYNAMIC:kind,P7-B3.5,named unsafe FunPtr intrinsic contract verifier,named intrinsic FunPtr pointer conversion and stackmap contracts are verified before LLVM lowering
UMB-0628,B-30,InternalBugSentinel,crates/scoopc/src/llvm/codegen/intrinsics/named.rs,2361,DYNAMIC:kind,P7-B3.5,named unsafe FunPtr intrinsic contract verifier,named intrinsic FunPtr pointer conversion and stackmap contracts are verified before LLVM lowering
UMB-0629,B-30,InternalBugSentinel,crates/scoopc/src/llvm/codegen/intrinsics/named.rs,2367,DYNAMIC:kind,P7-B3.5,named unsafe FunPtr intrinsic contract verifier,named intrinsic FunPtr pointer conversion and stackmap contracts are verified before LLVM lowering
UMB-0631,B-30,InternalBugSentinel,crates/scoopc/src/llvm/codegen/intrinsics/named.rs,2639,named runtime intrinsic symbol metadata,P7-B3.5,named unsafe FunPtr intrinsic contract verifier,named intrinsic FunPtr pointer conversion and stackmap contracts are verified before LLVM lowering
UMB-0632,B-30,InternalBugSentinel,crates/scoopc/src/llvm/codegen/intrinsics/named.rs,2645,named runtime intrinsic signature metadata,P7-B3.5,named unsafe FunPtr intrinsic contract verifier,named intrinsic FunPtr pointer conversion and stackmap contracts are verified before LLVM lowering
UMB-0633,B-30,InternalBugSentinel,crates/scoopc/src/llvm/codegen/intrinsics/named.rs,2651,named runtime intrinsic reason metadata,P7-B3.5,named unsafe FunPtr intrinsic contract verifier,named intrinsic FunPtr pointer conversion and stackmap contracts are verified before LLVM lowering
UMB-0634,B-30,InternalBugSentinel,crates/scoopc/src/llvm/codegen/intrinsics/named.rs,2656,named runtime intrinsic operand arity,P7-B3.5,named unsafe FunPtr intrinsic contract verifier,named intrinsic FunPtr pointer conversion and stackmap contracts are verified before LLVM lowering
UMB-0635,B-30,InternalBugSentinel,crates/scoopc/src/llvm/codegen/intrinsics/named.rs,2704,named runtime intrinsic void parameter type,P7-B3.5,named unsafe FunPtr intrinsic contract verifier,named intrinsic FunPtr pointer conversion and stackmap contracts are verified before LLVM lowering
UMB-0636,B-30,InternalBugSentinel,crates/scoopc/src/llvm/codegen/intrinsics/named.rs,2740,named runtime intrinsic void operand,P7-B3.5,named unsafe FunPtr intrinsic contract verifier,named intrinsic FunPtr pointer conversion and stackmap contracts are verified before LLVM lowering
UMB-0637,B-30,InternalBugSentinel,crates/scoopc/src/llvm/codegen/intrinsics/named.rs,2751,named runtime intrinsic i32 operand value,P7-B3.5,named unsafe FunPtr intrinsic contract verifier,named intrinsic FunPtr pointer conversion and stackmap contracts are verified before LLVM lowering
UMB-0638,B-30,InternalBugSentinel,crates/scoopc/src/llvm/codegen/intrinsics/named.rs,2762,named runtime intrinsic i64 operand value,P7-B3.5,named unsafe FunPtr intrinsic contract verifier,named intrinsic FunPtr pointer conversion and stackmap contracts are verified before LLVM lowering
UMB-0639,B-30,InternalBugSentinel,crates/scoopc/src/llvm/codegen/intrinsics/named.rs,2773,named runtime intrinsic word operand value,P7-B3.5,named unsafe FunPtr intrinsic contract verifier,named intrinsic FunPtr pointer conversion and stackmap contracts are verified before LLVM lowering
UMB-0640,B-30,InternalBugSentinel,crates/scoopc/src/llvm/codegen/intrinsics/named.rs,2780,named runtime intrinsic bool operand value,P7-B3.5,named unsafe FunPtr intrinsic contract verifier,named intrinsic FunPtr pointer conversion and stackmap contracts are verified before LLVM lowering
UMB-0641,B-30,InternalBugSentinel,crates/scoopc/src/llvm/codegen/intrinsics/named.rs,2787,named runtime intrinsic f32 operand value,P7-B3.5,named unsafe FunPtr intrinsic contract verifier,named intrinsic FunPtr pointer conversion and stackmap contracts are verified before LLVM lowering
UMB-0642,B-30,InternalBugSentinel,crates/scoopc/src/llvm/codegen/intrinsics/named.rs,2794,named runtime intrinsic f64 operand value,P7-B3.5,named unsafe FunPtr intrinsic contract verifier,named intrinsic FunPtr pointer conversion and stackmap contracts are verified before LLVM lowering
UMB-0643,B-30,InternalBugSentinel,crates/scoopc/src/llvm/codegen/intrinsics/named.rs,2801,named runtime intrinsic string operand value,P7-B3.5,named unsafe FunPtr intrinsic contract verifier,named intrinsic FunPtr pointer conversion and stackmap contracts are verified before LLVM lowering
UMB-0645,B-30,InternalBugSentinel,crates/scoopc/src/llvm/codegen/intrinsics/named.rs,2817,named runtime intrinsic raw pointer operand value,P7-B3.5,named unsafe FunPtr intrinsic contract verifier,named intrinsic FunPtr pointer conversion and stackmap contracts are verified before LLVM lowering
UMB-0646,B-30,InternalBugSentinel,crates/scoopc/src/llvm/codegen/intrinsics/named.rs,2831,named runtime intrinsic raw pointer operand type,P7-B3.5,named unsafe FunPtr intrinsic contract verifier,named intrinsic FunPtr pointer conversion and stackmap contracts are verified before LLVM lowering
UMB-0647,B-30,InternalBugSentinel,crates/scoopc/src/llvm/codegen/intrinsics/named.rs,2854,named runtime intrinsic i32 return value,P7-B3.5,named unsafe FunPtr intrinsic contract verifier,named intrinsic FunPtr pointer conversion and stackmap contracts are verified before LLVM lowering
UMB-0648,B-30,InternalBugSentinel,crates/scoopc/src/llvm/codegen/intrinsics/named.rs,2871,named runtime intrinsic i64 return value,P7-B3.5,named unsafe FunPtr intrinsic contract verifier,named intrinsic FunPtr pointer conversion and stackmap contracts are verified before LLVM lowering
UMB-0649,B-30,InternalBugSentinel,crates/scoopc/src/llvm/codegen/intrinsics/named.rs,2888,named runtime intrinsic word return value,P7-B3.5,named unsafe FunPtr intrinsic contract verifier,named intrinsic FunPtr pointer conversion and stackmap contracts are verified before LLVM lowering
UMB-0650,B-30,InternalBugSentinel,crates/scoopc/src/llvm/codegen/intrinsics/named.rs,2905,named runtime intrinsic bool return value,P7-B3.5,named unsafe FunPtr intrinsic contract verifier,named intrinsic FunPtr pointer conversion and stackmap contracts are verified before LLVM lowering
UMB-0651,B-30,InternalBugSentinel,crates/scoopc/src/llvm/codegen/intrinsics/named.rs,2916,named runtime intrinsic f32 return value,P7-B3.5,named unsafe FunPtr intrinsic contract verifier,named intrinsic FunPtr pointer conversion and stackmap contracts are verified before LLVM lowering
UMB-0652,B-30,InternalBugSentinel,crates/scoopc/src/llvm/codegen/intrinsics/named.rs,2927,named runtime intrinsic f64 return value,P7-B3.5,named unsafe FunPtr intrinsic contract verifier,named intrinsic FunPtr pointer conversion and stackmap contracts are verified before LLVM lowering
UMB-0653,B-30,InternalBugSentinel,crates/scoopc/src/llvm/codegen/intrinsics/named.rs,2938,named runtime intrinsic string return value,P7-B3.5,named unsafe FunPtr intrinsic contract verifier,named intrinsic FunPtr pointer conversion and stackmap contracts are verified before LLVM lowering
UMB-0655,B-30,InternalBugSentinel,crates/scoopc/src/llvm/codegen/intrinsics/named.rs,2966,named runtime intrinsic raw pointer return value,P7-B3.5,named unsafe FunPtr intrinsic contract verifier,named intrinsic FunPtr pointer conversion and stackmap contracts are verified before LLVM lowering
UMB-0709,B-30,InternalBugSentinel,crates/scoopc/src/llvm/codegen/intrinsics/sysroot.rs,19,funptr invoke arity mismatch,P7-B3.5,named unsafe FunPtr intrinsic contract verifier,named intrinsic FunPtr pointer conversion and stackmap contracts are verified before LLVM lowering
UMB-0710,B-30,InternalBugSentinel,crates/scoopc/src/llvm/codegen/intrinsics/sysroot.rs,26,funptr invoke receiver (named arg),P7-B3.5,named unsafe FunPtr intrinsic contract verifier,named intrinsic FunPtr pointer conversion and stackmap contracts are verified before LLVM lowering
UMB-0711,B-30,InternalBugSentinel,crates/scoopc/src/llvm/codegen/intrinsics/sysroot.rs,33,funptr invoke receiver (non-local),P7-B3.5,named unsafe FunPtr intrinsic contract verifier,named intrinsic FunPtr pointer conversion and stackmap contracts are verified before LLVM lowering
UMB-0712,B-30,InternalBugSentinel,crates/scoopc/src/llvm/codegen/intrinsics/sysroot.rs,43,unknown local funptr receiver,P7-B3.5,named unsafe FunPtr intrinsic contract verifier,named intrinsic FunPtr pointer conversion and stackmap contracts are verified before LLVM lowering
UMB-0713,B-30,InternalBugSentinel,crates/scoopc/src/llvm/codegen/intrinsics/sysroot.rs,49,funptr invoke receiver type,P7-B3.5,named unsafe FunPtr intrinsic contract verifier,named intrinsic FunPtr pointer conversion and stackmap contracts are verified before LLVM lowering
UMB-0714,B-30,InternalBugSentinel,crates/scoopc/src/llvm/codegen/intrinsics/sysroot.rs,56,funptr invoke receiver kind,P7-B3.5,named unsafe FunPtr intrinsic contract verifier,named intrinsic FunPtr pointer conversion and stackmap contracts are verified before LLVM lowering
UMB-0715,B-30,InternalBugSentinel,crates/scoopc/src/llvm/codegen/intrinsics/sysroot.rs,62,funptr invoke receiver kind,P7-B3.5,named unsafe FunPtr intrinsic contract verifier,named intrinsic FunPtr pointer conversion and stackmap contracts are verified before LLVM lowering
UMB-0716,B-30,InternalBugSentinel,crates/scoopc/src/llvm/codegen/intrinsics/sysroot.rs,72,funptr invoke signature type,P7-B3.5,named unsafe FunPtr intrinsic contract verifier,named intrinsic FunPtr pointer conversion and stackmap contracts are verified before LLVM lowering
UMB-0717,B-30,InternalBugSentinel,crates/scoopc/src/llvm/codegen/intrinsics/sysroot.rs,77,funptr invoke signature kind,P7-B3.5,named unsafe FunPtr intrinsic contract verifier,named intrinsic FunPtr pointer conversion and stackmap contracts are verified before LLVM lowering
UMB-0719,B-30,InternalBugSentinel,crates/scoopc/src/llvm/codegen/intrinsics/sysroot.rs,119,funptrToUIntPtr arity mismatch,P7-B3.5,named unsafe FunPtr intrinsic contract verifier,named intrinsic FunPtr pointer conversion and stackmap contracts are verified before LLVM lowering
UMB-0720,B-30,InternalBugSentinel,crates/scoopc/src/llvm/codegen/intrinsics/sysroot.rs,126,funptrToUIntPtr named arg,P7-B3.5,named unsafe FunPtr intrinsic contract verifier,named intrinsic FunPtr pointer conversion and stackmap contracts are verified before LLVM lowering
UMB-0721,B-30,InternalBugSentinel,crates/scoopc/src/llvm/codegen/intrinsics/sysroot.rs,133,funptrToUIntPtr arg type,P7-B3.5,named unsafe FunPtr intrinsic contract verifier,named intrinsic FunPtr pointer conversion and stackmap contracts are verified before LLVM lowering
UMB-0722,B-30,InternalBugSentinel,crates/scoopc/src/llvm/codegen/intrinsics/sysroot.rs,153,uintPtrToFunPtr arity mismatch,P7-B3.5,named unsafe FunPtr intrinsic contract verifier,named intrinsic FunPtr pointer conversion and stackmap contracts are verified before LLVM lowering
UMB-0723,B-30,InternalBugSentinel,crates/scoopc/src/llvm/codegen/intrinsics/sysroot.rs,160,uintPtrToFunPtr named arg,P7-B3.5,named unsafe FunPtr intrinsic contract verifier,named intrinsic FunPtr pointer conversion and stackmap contracts are verified before LLVM lowering
UMB-0724,B-30,InternalBugSentinel,crates/scoopc/src/llvm/codegen/intrinsics/sysroot.rs,167,uintPtrToFunPtr arg type,P7-B3.5,named unsafe FunPtr intrinsic contract verifier,named intrinsic FunPtr pointer conversion and stackmap contracts are verified before LLVM lowering
UMB-0977,B-30,InternalBugSentinel,crates/scoopc/src/llvm/codegen/mir_body/aggregates.rs,704,pass MIR FunPtr invoke arity mismatch,P7-B3.5,named unsafe FunPtr intrinsic contract verifier,named intrinsic FunPtr pointer conversion and stackmap contracts are verified before LLVM lowering
UMB-0978,B-30,InternalBugSentinel,crates/scoopc/src/llvm/codegen/mir_body/aggregates.rs,710,pass MIR FunPtr invoke receiver binding,P7-B3.5,named unsafe FunPtr intrinsic contract verifier,named intrinsic FunPtr pointer conversion and stackmap contracts are verified before LLVM lowering
UMB-0979,B-30,InternalBugSentinel,crates/scoopc/src/llvm/codegen/mir_body/aggregates.rs,717,pass MIR FunPtr invoke receiver type,P7-B3.5,named unsafe FunPtr intrinsic contract verifier,named intrinsic FunPtr pointer conversion and stackmap contracts are verified before LLVM lowering
UMB-0997,B-30,InternalBugSentinel,crates/scoopc/src/llvm/codegen/mir_body/call.rs,49,pass MIR FunPtr callee type,P7-B3.5,named unsafe FunPtr intrinsic contract verifier,named intrinsic FunPtr pointer conversion and stackmap contracts are verified before LLVM lowering
UMB-1007,B-30,InternalBugSentinel,crates/scoopc/src/llvm/codegen/mir_body/call.rs,591,pass MIR FunPtr callee value,P7-B3.5,named unsafe FunPtr intrinsic contract verifier,named intrinsic FunPtr pointer conversion and stackmap contracts are verified before LLVM lowering
UMB-1008,B-30,InternalBugSentinel,crates/scoopc/src/llvm/codegen/mir_body/call.rs,597,pass MIR FunPtr call arity mismatch,P7-B3.5,named unsafe FunPtr intrinsic contract verifier,named intrinsic FunPtr pointer conversion and stackmap contracts are verified before LLVM lowering
UMB-1009,B-30,InternalBugSentinel,crates/scoopc/src/llvm/codegen/mir_body/call.rs,653,pass MIR FunPtr deferred return value,P7-B3.5,named unsafe FunPtr intrinsic contract verifier,named intrinsic FunPtr pointer conversion and stackmap contracts are verified before LLVM lowering
UMB-1019,B-30,InternalBugSentinel,crates/scoopc/src/llvm/codegen/mir_body/call.rs,942,plain FunPtr callee type,P7-B3.5,named unsafe FunPtr intrinsic contract verifier,named intrinsic FunPtr pointer conversion and stackmap contracts are verified before LLVM lowering
UMB-1228,B-30,InternalBugSentinel,crates/scoopc/src/llvm/codegen/mir_body/value_args.rs,99,pass MIR FunPtr call arg binding,P7-B3.5,named unsafe FunPtr intrinsic contract verifier,named intrinsic FunPtr pointer conversion and stackmap contracts are verified before LLVM lowering
UMB-1229,B-30,InternalBugSentinel,crates/scoopc/src/llvm/codegen/mir_body/value_args.rs,112,pass MIR FunPtr call arg type,P7-B3.5,named unsafe FunPtr intrinsic contract verifier,named intrinsic FunPtr pointer conversion and stackmap contracts are verified before LLVM lowering
UMB-1230,B-30,InternalBugSentinel,crates/scoopc/src/llvm/codegen/mir_body/value_args.rs,131,pass MIR FunPtr call arg binding,P7-B3.5,named unsafe FunPtr intrinsic contract verifier,named intrinsic FunPtr pointer conversion and stackmap contracts are verified before LLVM lowering
UMB-0568,B-24,RealImpl,crates/scoopc/src/llvm/codegen/intrinsics/builtin.rs,326,sizeOf() arity mismatch,P7-C1,reflection/comptime intrinsic real implementation,sizeOf<T>() and legacy value overloads now lower through real static type size codegen
UMB-0569,B-24,RealImpl,crates/scoopc/src/llvm/codegen/intrinsics/builtin.rs,334,sizeOf() arg type,P7-C1,reflection/comptime intrinsic real implementation,sizeOf argument codegen type drift now hits verified intrinsic contract instead of UMB diagnostic
UMB-0571,B-24,RealImpl,crates/scoopc/src/llvm/codegen/intrinsics/builtin.rs,429,reflection intrinsic call binding,P7-C1,reflection/comptime intrinsic real implementation,reflection type-argument binding is required by typed call-site contracts before LLVM lowering
UMB-0954,B-24,RealImpl,crates/scoopc/src/llvm/codegen/mir_body/aggregates.rs,101,pass MIR sizeOf arg type,P7-C1,reflection/comptime intrinsic real implementation,materialized MIR sizeOf lowers supported type metadata and verifier drift uses intrinsic contract panic
UMB-0956,B-24,RealImpl,crates/scoopc/src/llvm/codegen/mir_body/aggregates.rs,160,pass MIR kindOf arg type,P7-C1,reflection/comptime intrinsic real implementation,materialized MIR kindOf lowers supported type metadata and verifier drift uses intrinsic contract panic
UMB-0957,B-24,RealImpl,crates/scoopc/src/llvm/codegen/mir_body/aggregates.rs,201,pass MIR descOf arg type,P7-C1,reflection/comptime intrinsic real implementation,materialized MIR descOf lowers supported type metadata and verifier drift uses intrinsic contract panic
UMB-1044,B-25,RealImpl,crates/scoopc/src/llvm/codegen/mir_body/cast.rs,20,MIR runtime type-check metadata,P7-C2,platform RTTI runtime implementation,MIR runtime type-check metadata drift is verified before LLVM lowering and valid RTTI paths lower through runtime descriptors
UMB-1057,B-25,RealImpl,crates/scoopc/src/llvm/codegen/mir_body/cast.rs,186,MIR `as?` target runtime type,P7-C2,platform RTTI runtime implementation,MIR as? target runtime type is verified before LLVM lowering and valid casts lower through runtime descriptors
UMB-1060,B-25,RealImpl,crates/scoopc/src/llvm/codegen/mir_body/cast.rs,241,MIR runtime type descriptor,P7-C2,platform RTTI runtime implementation,MIR runtime descriptors are verified and codegen-supported dynamic targets lower through real type descriptor checks
UMB-1061,B-25,RealImpl,crates/scoopc/src/llvm/codegen/mir_body/cast.rs,248,MIR runtime type target,P7-C2,platform RTTI runtime implementation,runtime type target TypeStore equivalence is verified before LLVM lowering
UMB-1062,B-25,RealImpl,crates/scoopc/src/llvm/codegen/mir_body/cast.rs,267,MIR runtime type operand,P7-C2,platform RTTI runtime implementation,runtime type operands are verified as reference-like values before LLVM lowering
UMB-1063,B-25,RealImpl,crates/scoopc/src/llvm/codegen/mir_body/cast.rs,274,MIR runtime type operand value,P7-C2,platform RTTI runtime implementation,runtime type operands materialize real pointer values before LLVM lowering
UMB-1086,B-25,RealImpl,crates/scoopc/src/llvm/codegen/mir_body/const_pat.rs,273,pass MIR pattern is runtime type descriptor,P7-C2,platform RTTI runtime implementation,MIR pattern runtime descriptors are verified and valid is-patterns lower through real runtime descriptor checks
UMB-1089,B-25,RealImpl,crates/scoopc/src/llvm/codegen/mir_body/const_pat.rs,291,pass MIR pattern is target runtime type,P7-C2,platform RTTI runtime implementation,MIR pattern runtime targets are verified before LLVM lowering
UMB-1215,B-25,RealImpl,crates/scoopc/src/llvm/codegen/mir_body/transport.rs,219,getPlatform intrinsic result type,P7-C2,platform RTTI runtime implementation,getPlatform result type is guaranteed by sysroot contracts and lowers to a real Platform literal
UMB-1216,B-25,RealImpl,crates/scoopc/src/llvm/codegen/mir_body/transport.rs,225,getPlatform intrinsic nominal Platform type,P7-C2,platform RTTI runtime implementation,getPlatform nominal result is guaranteed by sysroot contracts and lowers to a real Platform literal
UMB-1217,B-25,RealImpl,crates/scoopc/src/llvm/codegen/mir_body/transport.rs,231,getPlatform intrinsic Platform target,P7-C2,platform RTTI runtime implementation,getPlatform target is verified as scoop.core.Platform before LLVM lowering
UMB-1218,B-25,RealImpl,crates/scoopc/src/llvm/codegen/mir_body/transport.rs,241,getPlatform intrinsic Platform layout,P7-C2,platform RTTI runtime implementation,Platform struct layout is required before getPlatform literal lowering
UMB-1219,B-25,RealImpl,crates/scoopc/src/llvm/codegen/mir_body/transport.rs,261,getPlatform intrinsic Platform field,P7-C2,platform RTTI runtime implementation,Platform fields are mapped from target triple components during real literal lowering
UMB-1220,B-25,RealImpl,crates/scoopc/src/llvm/codegen/mir_body/transport.rs,296,getPlatform intrinsic field value,P7-C2,platform RTTI runtime implementation,Platform field values materialize as real string values before struct insertion
UMB-0198,B-13,RealImpl,crates/scoopc/src/llvm/codegen/effect_lowered/body/composed_call.rs,480,composed call replay block,P7-C3,composite transport metadata real implementation,late-lowered replay source slices now treat missing blocks as verified internal invariants rather than UMB diagnostics
UMB-0214,B-13,RealImpl,crates/scoopc/src/llvm/codegen/effect_lowered/body/payload.rs,79,task transport resume payload type,P7-C3,composite transport metadata real implementation,task transport resume payload codegen type is required by materialized verifier before LLVM lowering
UMB-0315,B-13,RealImpl,crates/scoopc/src/llvm/codegen/effect_lowered/value.rs,3086,task transport operand source type,P7-C3,composite transport metadata real implementation,effect-lowered task transport operands now require published source type metadata before LLVM lowering
UMB-0364,B-13,RealImpl,crates/scoopc/src/llvm/codegen/effect_outcome.rs,324,task transport tuple value,P7-C3,composite transport metadata real implementation,task transport tuple value shape is enforced as a verifier-backed codegen invariant
UMB-0365,B-13,RealImpl,crates/scoopc/src/llvm/codegen/effect_outcome.rs,330,task transport tuple type,P7-C3,composite transport metadata real implementation,task transport tuple metadata is validated before split and decode lowering
UMB-0366,B-13,RealImpl,crates/scoopc/src/llvm/codegen/effect_outcome.rs,336,task transport tuple raw value,P7-C3,composite transport metadata real implementation,task transport tuple raw payload is required by verified tuple lowering
UMB-0372,B-13,RealImpl,crates/scoopc/src/llvm/codegen/effect_outcome.rs,430,coerce composite value to u64 word,P7-C3,composite transport metadata real implementation,composite effect payloads are boxed into descriptor-backed GC refs instead of scalar words
UMB-0374,B-13,RealImpl,crates/scoopc/src/llvm/codegen/effect_outcome.rs,462,effect transport ref value,P7-C3,composite transport metadata real implementation,reference effect transports require published pointer payloads before LLVM lowering
UMB-0375,B-13,RealImpl,crates/scoopc/src/llvm/codegen/effect_outcome.rs,473,effect transport string value,P7-C3,composite transport metadata real implementation,string effect transports require published pointer payloads before LLVM lowering
UMB-0376,B-13,RealImpl,crates/scoopc/src/llvm/codegen/effect_outcome.rs,486,effect transport composite source type,P7-C3,composite transport metadata real implementation,composite effect transport source types are derived from CgTy when call-site metadata is absent; legacy_gap=PIPELINE_GAPS §4.1
UMB-0379,B-13,RealImpl,crates/scoopc/src/llvm/codegen/effect_outcome.rs,609,task transport tuple first raw value,P7-C3,composite transport metadata real implementation,decoded task transport tuple word values now use verified payload invariants
UMB-0380,B-13,RealImpl,crates/scoopc/src/llvm/codegen/effect_outcome.rs,613,task transport tuple second raw value,P7-C3,composite transport metadata real implementation,decoded task transport tuple ref values now use verified payload invariants
UMB-0381,B-13,RealImpl,crates/scoopc/src/llvm/codegen/effect_outcome.rs,635,decode effect transport composite source type,P7-C3,composite transport metadata real implementation,composite effect transport decode derives source type from target CgTy when needed
UMB-0605,B-13,RealImpl,crates/scoopc/src/llvm/codegen/intrinsics/named.rs,1135,named intrinsic array_size operand arity,P7-C3,array metadata real implementation,array_size arity drift is handled by verified intrinsic contract after real array lowering; legacy_gap=PIPELINE_GAPS §4.5
UMB-0606,B-13,RealImpl,crates/scoopc/src/llvm/codegen/intrinsics/named.rs,1169,named intrinsic array_get operand arity,P7-C3,array metadata real implementation,array_get arity drift is handled by verified intrinsic contract after real array lowering
UMB-0608,B-13,RealImpl,crates/scoopc/src/llvm/codegen/intrinsics/named.rs,1275,named intrinsic array_set operand arity,P7-C3,array metadata real implementation,array_set arity drift is handled by verified intrinsic contract after real array lowering
UMB-0610,B-13,RealImpl,crates/scoopc/src/llvm/codegen/intrinsics/named.rs,1344,named intrinsic array_set ref value,P7-C3,array metadata real implementation,array_set reference payloads require verified pointer values before stores and barriers
UMB-0611,B-13,RealImpl,crates/scoopc/src/llvm/codegen/intrinsics/named.rs,1437,named intrinsic array_set scalar value,P7-C3,array metadata real implementation,array_set scalar payloads require verified runtime values before slot stores
UMB-0612,B-13,RealImpl,crates/scoopc/src/llvm/codegen/intrinsics/named.rs,1457,named intrinsic array_data_ptr operand arity,P7-C3,array metadata real implementation,array_data_ptr arity drift is handled by verified intrinsic contract after real array lowering
UMB-0630,B-13,RealImpl,crates/scoopc/src/llvm/codegen/intrinsics/named.rs,2465,named intrinsic array element stride,P7-C3,array metadata real implementation,array element stride lowering supports descriptor-backed scalar and composite element layouts
UMB-0945,B-13,RealImpl,crates/scoopc/src/llvm/codegen/main/runtime_error.rs,141,effect transport value box return value,P7-C3,composite transport metadata real implementation,effect transport value box allocation now uses standard call result invariants
UMB-0946,B-13,RealImpl,crates/scoopc/src/llvm/codegen/main/runtime_error.rs,146,effect transport value box return type,P7-C3,composite transport metadata real implementation,effect transport value box allocation now requires pointer result invariants
UMB-1211,B-13,RealImpl,crates/scoopc/src/llvm/codegen/mir_body/transport.rs,72,MIR transport to String requires ordinary ToString lowering,P7-C3,composite transport metadata real implementation,MIR String transports now require prior ordinary ToString lowering and no longer expose UMB diagnostics
UMB-1212,B-13,RealImpl,crates/scoopc/src/llvm/codegen/mir_body/transport.rs,104,value erasure transport source kind,P7-C3,composite transport metadata real implementation,Float value erasure now lowers through descriptor-backed MIR value boxing and Never uses target defaults
UMB-0092,B-12,RealImpl,crates/scoopc/src/llvm/codegen/closure/mod.rs,85,lambda without expected function type,P7-C4,closure lambda capture real implementation,typed lambda/function-value contracts publish expected function ABI before closure lowering; legacy_gap=PIPELINE_GAPS §3.11
UMB-0094,B-12,RealImpl,crates/scoopc/src/llvm/codegen/closure/mod.rs,121,lambda return type,P7-C4,closure lambda capture real implementation,lambda return lowering uses published codegen type and hidden-sret ABI instead of UMB fallback
UMB-0095,B-12,RealImpl,crates/scoopc/src/llvm/codegen/closure/mod.rs,201,capture local not found,P7-C4,closure lambda capture real implementation,closure capture locals are verifier-backed HIR bindings before closure body emission
UMB-0096,B-12,RealImpl,crates/scoopc/src/llvm/codegen/closure/mod.rs,207,capture local type,P7-C4,closure lambda capture real implementation,closure capture HIR types are required by typed lowering before env layout publication
UMB-0099,B-12,RealImpl,crates/scoopc/src/llvm/codegen/closure/mod.rs,306,capture local not found,P7-C4,closure lambda capture real implementation,closure env materialization reuses verified capture local bindings
UMB-0100,B-12,RealImpl,crates/scoopc/src/llvm/codegen/closure/mod.rs,312,capture local type,P7-C4,closure lambda capture real implementation,closure env materialization reuses verified capture HIR types
UMB-0103,B-12,RealImpl,crates/scoopc/src/llvm/codegen/closure/mod.rs,365,capture local not found,P7-C4,closure lambda capture real implementation,capture value writes use verified local slots and real env object fields
UMB-0104,B-12,RealImpl,crates/scoopc/src/llvm/codegen/closure/mod.rs,373,capture local type,P7-C4,closure lambda capture real implementation,capture value writes use published codegen types for env fields
UMB-0105,B-12,RealImpl,crates/scoopc/src/llvm/codegen/closure/mod.rs,381,capture local (non-scalar),P7-C4,closure lambda capture real implementation,closure env fields now accept aggregate captures through normal LLVM basic aggregate storage
UMB-0106,B-12,RealImpl,crates/scoopc/src/llvm/codegen/closure/mod.rs,490,receiver lambda missing this binder,P7-C4,closure lambda capture real implementation,receiver lambda this binding is a verified typecheck lowering invariant
UMB-0107,B-12,RealImpl,crates/scoopc/src/llvm/codegen/closure/mod.rs,523,implicit it lambda missing it binder,P7-C4,closure lambda capture real implementation,implicit-it lambda binding is a verified typecheck lowering invariant
UMB-0108,B-12,RealImpl,crates/scoopc/src/llvm/codegen/closure/mod.rs,538,lambda param arity mismatch,P7-C4,closure lambda capture real implementation,lambda parameter arity is checked by typed function-value contracts before codegen
UMB-0109,B-12,RealImpl,crates/scoopc/src/llvm/codegen/closure/mod.rs,564,lambda return type,P7-C4,closure lambda capture real implementation,closure body return type is published before body lowering and hidden-sret setup
UMB-0110,B-12,RealImpl,crates/scoopc/src/llvm/codegen/closure/mod.rs,578,missing llvm lambda sret param,P7-C4,closure lambda capture real implementation,lambda hidden-sret parameter is emitted from the published ABI signature
UMB-0111,B-12,RealImpl,crates/scoopc/src/llvm/codegen/closure/mod.rs,603,missing llvm lambda env param,P7-C4,closure lambda capture real implementation,lambda env parameter is emitted from the published closure object ABI
UMB-0112,B-12,RealImpl,crates/scoopc/src/llvm/codegen/closure/mod.rs,622,capture type,P7-C4,closure lambda capture real implementation,closure body capture loads use published codegen types for env fields
UMB-0113,B-12,RealImpl,crates/scoopc/src/llvm/codegen/closure/mod.rs,630,capture local (non-scalar),P7-C4,closure lambda capture real implementation,closure body capture loads support aggregate captures through normal alloca/store lowering
UMB-0114,B-12,RealImpl,crates/scoopc/src/llvm/codegen/closure/mod.rs,767,capture type,P7-C4,closure lambda capture real implementation,closure env LLVM type layout uses published capture codegen types
UMB-0115,B-12,RealImpl,crates/scoopc/src/llvm/codegen/closure/mod.rs,775,capture local (non-scalar),P7-C4,closure lambda capture real implementation,closure env LLVM type layout supports aggregate capture fields
UMB-0917,B-12,RealImpl,crates/scoopc/src/llvm/codegen/main/identity.rs,359,materialized MIR closure stable key,P7-C4,closure lambda capture real implementation,materialized closure identity is resolved from published MIR callable families and stable owner keys
UMB-0918,B-12,RealImpl,crates/scoopc/src/llvm/codegen/main/identity.rs,365,materialized MIR closure stable key,P7-C4,closure lambda capture real implementation,materialized closure identity verifies closure body shape before stable key derivation
UMB-0919,B-12,RealImpl,crates/scoopc/src/llvm/codegen/main/identity.rs,375,materialized MIR closure owner,P7-C4,closure lambda capture real implementation,materialized closure owner lookup is a verified pass-view/HIR handoff invariant
UMB-0920,B-12,RealImpl,crates/scoopc/src/llvm/codegen/main/identity.rs,415,closure callable owner fqn,P7-C4,closure lambda capture real implementation,direct HIR closure callable FQN uses the verified current callable owner
UMB-0971,B-12,RealImpl,crates/scoopc/src/llvm/codegen/mir_body/aggregates.rs,471,pass MIR closure target type,P7-C4,closure lambda capture real implementation,MIR MakeClosure targets are verified as function-value references before object allocation
UMB-0976,B-12,RealImpl,crates/scoopc/src/llvm/codegen/mir_body/aggregates.rs,599,pass MIR closure env value,P7-C4,closure lambda capture real implementation,MIR closure env tuple values are materialized into real GC-managed env objects
UMB-0995,B-12,RealImpl,crates/scoopc/src/llvm/codegen/mir_body/call.rs,31,pass MIR closure callee type,P7-C4,closure lambda capture real implementation,MIR closure calls use verified function callee types and real closure object dispatch
UMB-1005,B-12,RealImpl,crates/scoopc/src/llvm/codegen/mir_body/call.rs,534,pass MIR closure callee value,P7-C4,closure lambda capture real implementation,MIR closure callees materialize as pointer closure objects before indirect calls
UMB-1013,B-12,RealImpl,crates/scoopc/src/llvm/codegen/mir_body/call.rs,879,plain closure callee type,P7-C4,closure lambda capture real implementation,plain closure dynamic calls use verified function callee types before ABI dispatch
UMB-1023,B-12,RealImpl,crates/scoopc/src/llvm/codegen/mir_body/callable_lookup.rs,136,pass MIR closure function,P7-C4,closure lambda capture real implementation,materialized closure bodies are looked up from published callable families before LLVM declaration
UMB-1024,B-12,RealImpl,crates/scoopc/src/llvm/codegen/mir_body/callable_lookup.rs,141,pass MIR closure function,P7-C4,closure lambda capture real implementation,materialized callable lookup verifies closure body shape before emission
UMB-1027,B-12,RealImpl,crates/scoopc/src/llvm/codegen/mir_body/callable_lookup.rs,269,pass MIR closure return type,P7-C4,closure lambda capture real implementation,materialized closure return ABI uses verified codegen return types
UMB-1028,B-12,RealImpl,crates/scoopc/src/llvm/codegen/mir_body/callable_lookup.rs,287,pass MIR closure param type,P7-C4,closure lambda capture real implementation,materialized closure param ABI uses TypeStore-equivalent published types
UMB-1032,B-12,RealImpl,crates/scoopc/src/llvm/codegen/mir_body/callable_lookup.rs,418,pass MIR closure return type,P7-C4,closure lambda capture real implementation,materialized closure body emission uses verified return codegen type
UMB-1035,B-12,RealImpl,crates/scoopc/src/llvm/codegen/mir_body/callable_lookup.rs,512,pass MIR closure env param,P7-C4,closure lambda capture real implementation,materialized closure env parameter is required by the published closure ABI
UMB-1036,B-12,RealImpl,crates/scoopc/src/llvm/codegen/mir_body/callable_lookup.rs,517,pass MIR closure env param,P7-C4,closure lambda capture real implementation,materialized closure first parameter shape is verified as `$env`
UMB-1037,B-12,RealImpl,crates/scoopc/src/llvm/codegen/mir_body/callable_lookup.rs,525,pass MIR closure env local,P7-C4,closure lambda capture real implementation,materialized closure env local slots are allocated by MIR verifier-backed locals
UMB-1041,B-12,RealImpl,crates/scoopc/src/llvm/codegen/mir_body/callable_lookup.rs,590,pass MIR closure env shape,P7-C4,closure lambda capture real implementation,materialized closure env tuple shape is verified before env object decode
UMB-1042,B-12,RealImpl,crates/scoopc/src/llvm/codegen/mir_body/callable_lookup.rs,597,missing pass MIR closure env param,P7-C4,closure lambda capture real implementation,materialized closure env LLVM parameter is emitted by the published ABI signature
UMB-1043,B-12,RealImpl,crates/scoopc/src/llvm/codegen/mir_body/callable_lookup.rs,638,pass MIR closure env type,P7-C4,closure lambda capture real implementation,materialized closure env param lowering supports Unit and tuple env contracts
UMB-1184,B-12,RealImpl,crates/scoopc/src/llvm/codegen/mir_body/operand.rs,356,pass MIR closure env contract mismatch,P7-C4,closure lambda capture real implementation,closure env contract source type is validated before codegen and used for real descriptor-backed env lowering
UMB-1185,B-12,RealImpl,crates/scoopc/src/llvm/codegen/mir_body/operand.rs,363,pass MIR closure env shape,P7-C4,closure lambda capture real implementation,closure env tuple shape is verified before capture element codegen
UMB-1186,B-12,RealImpl,crates/scoopc/src/llvm/codegen/mir_body/operand.rs,369,pass MIR closure env capture schema arity,P7-C4,closure lambda capture real implementation,closure env capture arity is validated against published env contract metadata
UMB-1187,B-12,RealImpl,crates/scoopc/src/llvm/codegen/mir_body/operand.rs,393,pass MIR closure env contract shape,P7-C4,closure lambda capture real implementation,closure env contract metadata is validated as Unit or tuple env before descriptor emission
UMB-1188,B-12,RealImpl,crates/scoopc/src/llvm/codegen/mir_body/operand.rs,405,pass MIR closure env capture schema element,P7-C4,closure lambda capture real implementation,closure capture schema elements are validated against env tuple metadata before codegen
UMB-1189,B-12,RealImpl,crates/scoopc/src/llvm/codegen/mir_body/operand.rs,412,pass MIR closure env capture schema type,P7-C4,closure lambda capture real implementation,closure capture schema types are validated against published transport metadata
UMB-1203,B-12,RealImpl,crates/scoopc/src/llvm/codegen/mir_body/terminator.rs,381,pass MIR closure env type,P7-C4,closure lambda capture real implementation,MIR MakeClosure env operands use verified codegen env types before closure object allocation
UMB-1207,B-12,RealImpl,crates/scoopc/src/llvm/codegen/mir_body/terminator.rs,563,value primitive closure carrier requires published ABI,P7-C4,closure lambda capture real implementation,effect-neutral MIR value primitive lowering now builds real closure objects for MakeClosure values
UMB-1225,B-12,RealImpl,crates/scoopc/src/llvm/codegen/mir_body/value_args.rs,18,pass MIR closure call arg binding,P7-C4,closure lambda capture real implementation,closure call argument binding is verified by MIR call ABI before indirect dispatch
UMB-1226,B-12,RealImpl,crates/scoopc/src/llvm/codegen/mir_body/value_args.rs,30,pass MIR closure call arg type,P7-C4,closure lambda capture real implementation,closure call arguments use published function parameter codegen types
UMB-1227,B-12,RealImpl,crates/scoopc/src/llvm/codegen/mir_body/value_args.rs,49,pass MIR closure call arg binding,P7-C4,closure lambda capture real implementation,closure call argument mapping must be complete before call argument materialization
UMB-0006,B-10,RealImpl,crates/scoopc/src/llvm/codegen/call/abi.rs,396,missing incoming_resume_token_ref param,P7-C5,effect callable adapter and ABI routing real implementation,effect callable adapter / continuation carrier / resume token / outcome slot ABI now lowers through real effect routing or verifier-backed internal invariants; legacy_gap=PIPELINE_GAPS §3.1; legacy_gap=PIPELINE_GAPS §3.2; legacy_gap=PIPELINE_GAPS §3.3; legacy_gap=PIPELINE_GAPS §3.12; legacy_gap=PIPELINE_GAPS §5.1
UMB-0007,B-10,RealImpl,crates/scoopc/src/llvm/codegen/call/abi.rs,405,missing effect outcome param,P7-C5,effect callable adapter and ABI routing real implementation,effect callable adapter / continuation carrier / resume token / outcome slot ABI now lowers through real effect routing or verifier-backed internal invariants
UMB-0022,B-10,RealImpl,crates/scoopc/src/llvm/codegen/call/lowering.rs,772,itable effect outcome slot,P7-C5,effect callable adapter and ABI routing real implementation,effect callable adapter / continuation carrier / resume token / outcome slot ABI now lowers through real effect routing or verifier-backed internal invariants
UMB-0029,B-10,RealImpl,crates/scoopc/src/llvm/codegen/call/lowering.rs,1279,Continuation.resume lowering,P7-C5,effect callable adapter and ABI routing real implementation,effect callable adapter / continuation carrier / resume token / outcome slot ABI now lowers through real effect routing or verifier-backed internal invariants
UMB-0194,B-10,RealImpl,crates/scoopc/src/llvm/codegen/effect_lowered/body/call_invoke.rs,89,funptr carrier source type,P7-C5,effect callable adapter and ABI routing real implementation,effect callable adapter / continuation carrier / resume token / outcome slot ABI now lowers through real effect routing or verifier-backed internal invariants
UMB-0196,B-10,RealImpl,crates/scoopc/src/llvm/codegen/effect_lowered/body/call_invoke.rs,110,virtual receiver type,P7-C5,effect callable adapter and ABI routing real implementation,effect callable adapter / continuation carrier / resume token / outcome slot ABI now lowers through real effect routing or verifier-backed internal invariants
UMB-0197,B-10,RealImpl,crates/scoopc/src/llvm/codegen/effect_lowered/body/call_invoke.rs,123,interface receiver type,P7-C5,effect callable adapter and ABI routing real implementation,effect callable adapter / continuation carrier / resume token / outcome slot ABI now lowers through real effect routing or verifier-backed internal invariants
UMB-0199,B-10,RealImpl,crates/scoopc/src/llvm/codegen/effect_lowered/body/composed_call.rs,489,composed call replay statement,P7-C5,effect callable adapter and ABI routing real implementation,effect callable adapter / continuation carrier / resume token / outcome slot ABI now lowers through real effect routing or verifier-backed internal invariants
UMB-0200,B-10,RealImpl,crates/scoopc/src/llvm/codegen/effect_lowered/body/main_carrier.rs,431,carrier arg type,P7-C5,effect callable adapter and ABI routing real implementation,effect callable adapter / continuation carrier / resume token / outcome slot ABI now lowers through real effect routing or verifier-backed internal invariants
UMB-0201,B-10,RealImpl,crates/scoopc/src/llvm/codegen/effect_lowered/body/main_carrier.rs,453,closure env type,P7-C5,effect callable adapter and ABI routing real implementation,effect callable adapter / continuation carrier / resume token / outcome slot ABI now lowers through real effect routing or verifier-backed internal invariants
UMB-0202,B-10,RealImpl,crates/scoopc/src/llvm/codegen/effect_lowered/body/main_carrier.rs,462,closure env payload shape,P7-C5,effect callable adapter and ABI routing real implementation,effect callable adapter / continuation carrier / resume token / outcome slot ABI now lowers through real effect routing or verifier-backed internal invariants
UMB-0203,B-10,RealImpl,crates/scoopc/src/llvm/codegen/effect_lowered/body/main_carrier.rs,468,closure env tuple type,P7-C5,effect callable adapter and ABI routing real implementation,effect callable adapter / continuation carrier / resume token / outcome slot ABI now lowers through real effect routing or verifier-backed internal invariants
UMB-0204,B-10,RealImpl,crates/scoopc/src/llvm/codegen/effect_lowered/body/main_carrier.rs,477,closure env capture type,P7-C5,effect callable adapter and ABI routing real implementation,effect callable adapter / continuation carrier / resume token / outcome slot ABI now lowers through real effect routing or verifier-backed internal invariants
UMB-0205,B-10,RealImpl,crates/scoopc/src/llvm/codegen/effect_lowered/body/main_entry.rs,460,plain callable cfg,P7-C5,effect callable adapter and ABI routing real implementation,effect callable adapter / continuation carrier / resume token / outcome slot ABI now lowers through real effect routing or verifier-backed internal invariants
UMB-0206,B-10,RealImpl,crates/scoopc/src/llvm/codegen/effect_lowered/body/main_entry.rs,483,plain callable return type,P7-C5,effect callable adapter and ABI routing real implementation,effect callable adapter / continuation carrier / resume token / outcome slot ABI now lowers through real effect routing or verifier-backed internal invariants
UMB-0207,B-10,RealImpl,crates/scoopc/src/llvm/codegen/effect_lowered/body/main_entry.rs,496,missing plain llvm function sret param,P7-C5,effect callable adapter and ABI routing real implementation,effect callable adapter / continuation carrier / resume token / outcome slot ABI now lowers through real effect routing or verifier-backed internal invariants
UMB-0208,B-10,RealImpl,crates/scoopc/src/llvm/codegen/effect_lowered/body/main_entry.rs,589,plain callable start block,P7-C5,effect callable adapter and ABI routing real implementation,effect callable adapter / continuation carrier / resume token / outcome slot ABI now lowers through real effect routing or verifier-backed internal invariants
UMB-0209,B-10,RealImpl,crates/scoopc/src/llvm/codegen/effect_lowered/body/main_entry.rs,670,plain goto target,P7-C5,effect callable adapter and ABI routing real implementation,effect callable adapter / continuation carrier / resume token / outcome slot ABI now lowers through real effect routing or verifier-backed internal invariants
UMB-0210,B-10,RealImpl,crates/scoopc/src/llvm/codegen/effect_lowered/body/main_entry.rs,686,plain branch condition,P7-C5,effect callable adapter and ABI routing real implementation,effect callable adapter / continuation carrier / resume token / outcome slot ABI now lowers through real effect routing or verifier-backed internal invariants
UMB-0211,B-10,RealImpl,crates/scoopc/src/llvm/codegen/effect_lowered/body/main_entry.rs,693,plain then target,P7-C5,effect callable adapter and ABI routing real implementation,effect callable adapter / continuation carrier / resume token / outcome slot ABI now lowers through real effect routing or verifier-backed internal invariants
UMB-0212,B-10,RealImpl,crates/scoopc/src/llvm/codegen/effect_lowered/body/main_entry.rs,700,plain else target,P7-C5,effect callable adapter and ABI routing real implementation,effect callable adapter / continuation carrier / resume token / outcome slot ABI now lowers through real effect routing or verifier-backed internal invariants
UMB-0213,B-10,RealImpl,crates/scoopc/src/llvm/codegen/effect_lowered/body/main_entry.rs,715,plain callable effect/control terminator,P7-C5,effect callable adapter and ABI routing real implementation,effect callable adapter / continuation carrier / resume token / outcome slot ABI now lowers through real effect routing or verifier-backed internal invariants
UMB-0219,B-10,RealImpl,crates/scoopc/src/llvm/codegen/effect_lowered/body/states.rs,59,direct param type,P7-C5,effect callable adapter and ABI routing real implementation,effect callable adapter / continuation carrier / resume token / outcome slot ABI now lowers through real effect routing or verifier-backed internal invariants
UMB-0220,B-10,RealImpl,crates/scoopc/src/llvm/codegen/effect_lowered/body/states.rs,200,direct tuple param element type,P7-C5,effect callable adapter and ABI routing real implementation,effect callable adapter / continuation carrier / resume token / outcome slot ABI now lowers through real effect routing or verifier-backed internal invariants
UMB-0221,B-10,RealImpl,crates/scoopc/src/llvm/codegen/effect_lowered/body/states.rs,289,source slice block,P7-C5,effect callable adapter and ABI routing real implementation,effect callable adapter / continuation carrier / resume token / outcome slot ABI now lowers through real effect routing or verifier-backed internal invariants
UMB-0222,B-10,RealImpl,crates/scoopc/src/llvm/codegen/effect_lowered/body/states.rs,295,source slice statement,P7-C5,effect callable adapter and ABI routing real implementation,effect callable adapter / continuation carrier / resume token / outcome slot ABI now lowers through real effect routing or verifier-backed internal invariants
UMB-0223,B-10,RealImpl,crates/scoopc/src/llvm/codegen/effect_lowered/body/states.rs,361,state branch condition,P7-C5,effect callable adapter and ABI routing real implementation,effect callable adapter / continuation carrier / resume token / outcome slot ABI now lowers through real effect routing or verifier-backed internal invariants
UMB-0224,B-10,RealImpl,crates/scoopc/src/llvm/codegen/effect_lowered/body/wrapper.rs,487,default Complete payload type,P7-C5,effect callable adapter and ABI routing real implementation,effect callable adapter / continuation carrier / resume token / outcome slot ABI now lowers through real effect routing or verifier-backed internal invariants
UMB-0226,B-10,RealImpl,crates/scoopc/src/llvm/codegen/effect_lowered/value.rs,372,enum variant call requires MIR enum payload schema,P7-C5,effect callable adapter and ABI routing real implementation,effect callable adapter / continuation carrier / resume token / outcome slot ABI now lowers through real effect routing or verifier-backed internal invariants
UMB-0227,B-10,RealImpl,crates/scoopc/src/llvm/codegen/effect_lowered/value.rs,389,effect-typed closure coercion env type,P7-C5,effect callable adapter and ABI routing real implementation,effect callable adapter / continuation carrier / resume token / outcome slot ABI now lowers through real effect routing or verifier-backed internal invariants
UMB-0228,B-10,RealImpl,crates/scoopc/src/llvm/codegen/effect_lowered/value.rs,421,pure closure carrier env type,P7-C5,effect callable adapter and ABI routing real implementation,effect callable adapter / continuation carrier / resume token / outcome slot ABI now lowers through real effect routing or verifier-backed internal invariants
UMB-0229,B-10,RealImpl,crates/scoopc/src/llvm/codegen/effect_lowered/value.rs,749,effect-typed closure surface function type,P7-C5,effect callable adapter and ABI routing real implementation,effect callable adapter / continuation carrier / resume token / outcome slot ABI now lowers through real effect routing or verifier-backed internal invariants
UMB-0230,B-10,RealImpl,crates/scoopc/src/llvm/codegen/effect_lowered/value.rs,809,struct closure adapter layout,P7-C5,effect callable adapter and ABI routing real implementation,effect callable adapter / continuation carrier / resume token / outcome slot ABI now lowers through real effect routing or verifier-backed internal invariants
UMB-0231,B-10,RealImpl,crates/scoopc/src/llvm/codegen/effect_lowered/value.rs,932,struct closure adapter value,P7-C5,effect callable adapter and ABI routing real implementation,effect callable adapter / continuation carrier / resume token / outcome slot ABI now lowers through real effect routing or verifier-backed internal invariants
UMB-0232,B-10,RealImpl,crates/scoopc/src/llvm/codegen/effect_lowered/value.rs,1144,effect-typed plain adapter carrier param,P7-C5,effect callable adapter and ABI routing real implementation,effect callable adapter / continuation carrier / resume token / outcome slot ABI now lowers through real effect routing or verifier-backed internal invariants
UMB-0233,B-10,RealImpl,crates/scoopc/src/llvm/codegen/effect_lowered/value.rs,1184,effect-typed plain adapter sret payload type,P7-C5,effect callable adapter and ABI routing real implementation,effect callable adapter / continuation carrier / resume token / outcome slot ABI now lowers through real effect routing or verifier-backed internal invariants
UMB-0234,B-10,RealImpl,crates/scoopc/src/llvm/codegen/effect_lowered/value.rs,1232,effect-typed plain adapter plain return value,P7-C5,effect callable adapter and ABI routing real implementation,effect callable adapter / continuation carrier / resume token / outcome slot ABI now lowers through real effect routing or verifier-backed internal invariants
UMB-0235,B-10,RealImpl,crates/scoopc/src/llvm/codegen/effect_lowered/value.rs,1352,effect-typed closure adapter carrier param,P7-C5,effect callable adapter and ABI routing real implementation,effect callable adapter / continuation carrier / resume token / outcome slot ABI now lowers through real effect routing or verifier-backed internal invariants
UMB-0236,B-10,RealImpl,crates/scoopc/src/llvm/codegen/effect_lowered/value.rs,1377,effect-typed closure adapter source carrier return,P7-C5,effect callable adapter and ABI routing real implementation,effect callable adapter / continuation carrier / resume token / outcome slot ABI now lowers through real effect routing or verifier-backed internal invariants
UMB-0237,B-10,RealImpl,crates/scoopc/src/llvm/codegen/effect_lowered/value.rs,1414,effect-typed plain adapter args payload,P7-C5,effect callable adapter and ABI routing real implementation,effect callable adapter / continuation carrier / resume token / outcome slot ABI now lowers through real effect routing or verifier-backed internal invariants
UMB-0238,B-10,RealImpl,crates/scoopc/src/llvm/codegen/effect_lowered/value.rs,1499,pure statement resume call requires boundary lowering,P7-C5,effect callable adapter and ABI routing real implementation,effect callable adapter / continuation carrier / resume token / outcome slot ABI now lowers through real effect routing or verifier-backed internal invariants
UMB-0240,B-10,RealImpl,crates/scoopc/src/llvm/codegen/effect_lowered/value.rs,1582,getPlatform intrinsic arity,P7-C5,effect callable adapter and ABI routing real implementation,effect callable adapter / continuation carrier / resume token / outcome slot ABI now lowers through real effect routing or verifier-backed internal invariants
UMB-0241,B-10,RealImpl,crates/scoopc/src/llvm/codegen/effect_lowered/value.rs,1699,pure statement declaration-only direct call,P7-C5,effect callable adapter and ABI routing real implementation,effect callable adapter / continuation carrier / resume token / outcome slot ABI now lowers through real effect routing or verifier-backed internal invariants
UMB-0242,B-10,RealImpl,crates/scoopc/src/llvm/codegen/effect_lowered/value.rs,1723,pure statement effectful direct call requires boundary lowering,P7-C5,effect callable adapter and ABI routing real implementation,effect callable adapter / continuation carrier / resume token / outcome slot ABI now lowers through real effect routing or verifier-backed internal invariants
UMB-0251,B-10,RealImpl,crates/scoopc/src/llvm/codegen/effect_lowered/value.rs,2160,sync intrinsic arg contract,P7-C5,effect callable adapter and ABI routing real implementation,effect callable adapter / continuation carrier / resume token / outcome slot ABI now lowers through real effect routing or verifier-backed internal invariants
UMB-0252,B-10,RealImpl,crates/scoopc/src/llvm/codegen/effect_lowered/value.rs,2182,sync intrinsic ref arg,P7-C5,effect callable adapter and ABI routing real implementation,effect callable adapter / continuation carrier / resume token / outcome slot ABI now lowers through real effect routing or verifier-backed internal invariants
UMB-0253,B-10,RealImpl,crates/scoopc/src/llvm/codegen/effect_lowered/value.rs,2200,sync intrinsic return value,P7-C5,effect callable adapter and ABI routing real implementation,effect callable adapter / continuation carrier / resume token / outcome slot ABI now lowers through real effect routing or verifier-backed internal invariants
UMB-0254,B-10,RealImpl,crates/scoopc/src/llvm/codegen/effect_lowered/value.rs,2205,sync intrinsic return type,P7-C5,effect callable adapter and ABI routing real implementation,effect callable adapter / continuation carrier / resume token / outcome slot ABI now lowers through real effect routing or verifier-backed internal invariants
UMB-0274,B-10,RealImpl,crates/scoopc/src/llvm/codegen/effect_lowered/value.rs,2449,toInt arg contract,P7-C5,effect callable adapter and ABI routing real implementation,effect callable adapter / continuation carrier / resume token / outcome slot ABI now lowers through real effect routing or verifier-backed internal invariants
UMB-0275,B-10,RealImpl,crates/scoopc/src/llvm/codegen/effect_lowered/value.rs,2460,toInt receiver type,P7-C5,effect callable adapter and ABI routing real implementation,effect callable adapter / continuation carrier / resume token / outcome slot ABI now lowers through real effect routing or verifier-backed internal invariants
UMB-0276,B-10,RealImpl,crates/scoopc/src/llvm/codegen/effect_lowered/value.rs,2488,Float.toInt receiver value,P7-C5,effect callable adapter and ABI routing real implementation,effect callable adapter / continuation carrier / resume token / outcome slot ABI now lowers through real effect routing or verifier-backed internal invariants
UMB-0277,B-10,RealImpl,crates/scoopc/src/llvm/codegen/effect_lowered/value.rs,2505,Float.toInt return value,P7-C5,effect callable adapter and ABI routing real implementation,effect callable adapter / continuation carrier / resume token / outcome slot ABI now lowers through real effect routing or verifier-backed internal invariants
UMB-0278,B-10,RealImpl,crates/scoopc/src/llvm/codegen/effect_lowered/value.rs,2511,Float.toInt return type,P7-C5,effect callable adapter and ABI routing real implementation,effect callable adapter / continuation carrier / resume token / outcome slot ABI now lowers through real effect routing or verifier-backed internal invariants
UMB-0279,B-10,RealImpl,crates/scoopc/src/llvm/codegen/effect_lowered/value.rs,2527,toInt unsupported receiver type,P7-C5,effect callable adapter and ABI routing real implementation,effect callable adapter / continuation carrier / resume token / outcome slot ABI now lowers through real effect routing or verifier-backed internal invariants
UMB-0280,B-10,RealImpl,crates/scoopc/src/llvm/codegen/effect_lowered/value.rs,2544,hash arg contract,P7-C5,effect callable adapter and ABI routing real implementation,effect callable adapter / continuation carrier / resume token / outcome slot ABI now lowers through real effect routing or verifier-backed internal invariants
UMB-0281,B-10,RealImpl,crates/scoopc/src/llvm/codegen/effect_lowered/value.rs,2555,hash receiver type,P7-C5,effect callable adapter and ABI routing real implementation,effect callable adapter / continuation carrier / resume token / outcome slot ABI now lowers through real effect routing or verifier-backed internal invariants
UMB-0282,B-10,RealImpl,crates/scoopc/src/llvm/codegen/effect_lowered/value.rs,2571,Char.hash receiver value,P7-C5,effect callable adapter and ABI routing real implementation,effect callable adapter / continuation carrier / resume token / outcome slot ABI now lowers through real effect routing or verifier-backed internal invariants
UMB-0283,B-10,RealImpl,crates/scoopc/src/llvm/codegen/effect_lowered/value.rs,2592,Int.hash receiver value,P7-C5,effect callable adapter and ABI routing real implementation,effect callable adapter / continuation carrier / resume token / outcome slot ABI now lowers through real effect routing or verifier-backed internal invariants
UMB-0284,B-10,RealImpl,crates/scoopc/src/llvm/codegen/effect_lowered/value.rs,2603,hash unsupported receiver type,P7-C5,effect callable adapter and ABI routing real implementation,effect callable adapter / continuation carrier / resume token / outcome slot ABI now lowers through real effect routing or verifier-backed internal invariants
UMB-0285,B-10,RealImpl,crates/scoopc/src/llvm/codegen/effect_lowered/value.rs,2617,panic arg contract,P7-C5,effect callable adapter and ABI routing real implementation,effect callable adapter / continuation carrier / resume token / outcome slot ABI now lowers through real effect routing or verifier-backed internal invariants
UMB-0286,B-10,RealImpl,crates/scoopc/src/llvm/codegen/effect_lowered/value.rs,2631,panic message value,P7-C5,effect callable adapter and ABI routing real implementation,effect callable adapter / continuation carrier / resume token / outcome slot ABI now lowers through real effect routing or verifier-backed internal invariants
UMB-0316,B-10,RealImpl,crates/scoopc/src/llvm/codegen/effect_lowered/value.rs,3142,top-level FunPtr effect-typed direct call,P7-C5,effect callable adapter and ABI routing real implementation,effect callable adapter / continuation carrier / resume token / outcome slot ABI now lowers through real effect routing or verifier-backed internal invariants
UMB-0317,B-10,RealImpl,crates/scoopc/src/llvm/codegen/effect_lowered/value.rs,3152,top-level FunPtr value metadata,P7-C5,effect callable adapter and ABI routing real implementation,effect callable adapter / continuation carrier / resume token / outcome slot ABI now lowers through real effect routing or verifier-backed internal invariants
UMB-0318,B-10,RealImpl,crates/scoopc/src/llvm/codegen/effect_lowered/value.rs,3160,top-level FunPtr value,P7-C5,effect callable adapter and ABI routing real implementation,effect callable adapter / continuation carrier / resume token / outcome slot ABI now lowers through real effect routing or verifier-backed internal invariants
UMB-0319,B-10,RealImpl,crates/scoopc/src/llvm/codegen/effect_lowered/value.rs,3178,top-level FunPtr direct call arity,P7-C5,effect callable adapter and ABI routing real implementation,effect callable adapter / continuation carrier / resume token / outcome slot ABI now lowers through real effect routing or verifier-backed internal invariants
UMB-0320,B-10,RealImpl,crates/scoopc/src/llvm/codegen/effect_lowered/value.rs,3190,top-level FunPtr named arg,P7-C5,effect callable adapter and ABI routing real implementation,effect callable adapter / continuation carrier / resume token / outcome slot ABI now lowers through real effect routing or verifier-backed internal invariants
UMB-0321,B-10,RealImpl,crates/scoopc/src/llvm/codegen/effect_lowered/value.rs,3200,top-level FunPtr arg mapping,P7-C5,effect callable adapter and ABI routing real implementation,effect callable adapter / continuation carrier / resume token / outcome slot ABI now lowers through real effect routing or verifier-backed internal invariants
UMB-0322,B-10,RealImpl,crates/scoopc/src/llvm/codegen/effect_lowered/value.rs,3214,top-level FunPtr param type,P7-C5,effect callable adapter and ABI routing real implementation,effect callable adapter / continuation carrier / resume token / outcome slot ABI now lowers through real effect routing or verifier-backed internal invariants
UMB-0323,B-10,RealImpl,crates/scoopc/src/llvm/codegen/effect_lowered/value.rs,3219,top-level FunPtr missing arg,P7-C5,effect callable adapter and ABI routing real implementation,effect callable adapter / continuation carrier / resume token / outcome slot ABI now lowers through real effect routing or verifier-backed internal invariants
UMB-0324,B-10,RealImpl,crates/scoopc/src/llvm/codegen/effect_lowered/value.rs,3230,top-level FunPtr arg value,P7-C5,effect callable adapter and ABI routing real implementation,effect callable adapter / continuation carrier / resume token / outcome slot ABI now lowers through real effect routing or verifier-backed internal invariants
UMB-0325,B-10,RealImpl,crates/scoopc/src/llvm/codegen/effect_lowered/value.rs,3240,top-level FunPtr return type,P7-C5,effect callable adapter and ABI routing real implementation,effect callable adapter / continuation carrier / resume token / outcome slot ABI now lowers through real effect routing or verifier-backed internal invariants
UMB-0326,B-10,RealImpl,crates/scoopc/src/llvm/codegen/effect_lowered/value.rs,3272,top-level FunPtr return value,P7-C5,effect callable adapter and ABI routing real implementation,effect callable adapter / continuation carrier / resume token / outcome slot ABI now lowers through real effect routing or verifier-backed internal invariants
UMB-0327,B-10,RealImpl,crates/scoopc/src/llvm/codegen/effect_lowered/value.rs,3319,top-level function-value effect-typed direct call,P7-C5,effect callable adapter and ABI routing real implementation,effect callable adapter / continuation carrier / resume token / outcome slot ABI now lowers through real effect routing or verifier-backed internal invariants
UMB-0328,B-10,RealImpl,crates/scoopc/src/llvm/codegen/effect_lowered/value.rs,3329,top-level function-value metadata,P7-C5,effect callable adapter and ABI routing real implementation,effect callable adapter / continuation carrier / resume token / outcome slot ABI now lowers through real effect routing or verifier-backed internal invariants
UMB-0329,B-10,RealImpl,crates/scoopc/src/llvm/codegen/effect_lowered/value.rs,3338,top-level function-value value,P7-C5,effect callable adapter and ABI routing real implementation,effect callable adapter / continuation carrier / resume token / outcome slot ABI now lowers through real effect routing or verifier-backed internal invariants
UMB-0330,B-10,RealImpl,crates/scoopc/src/llvm/codegen/effect_lowered/value.rs,3384,DYNAMIC:kind,P7-C5,effect callable adapter and ABI routing real implementation,effect callable adapter / continuation carrier / resume token / outcome slot ABI now lowers through real effect routing or verifier-backed internal invariants
UMB-0331,B-10,RealImpl,crates/scoopc/src/llvm/codegen/effect_lowered/value.rs,3399,core byteLength arg contract,P7-C5,effect callable adapter and ABI routing real implementation,effect callable adapter / continuation carrier / resume token / outcome slot ABI now lowers through real effect routing or verifier-backed internal invariants
UMB-0332,B-10,RealImpl,crates/scoopc/src/llvm/codegen/effect_lowered/value.rs,3425,core byteLength load type,P7-C5,effect callable adapter and ABI routing real implementation,effect callable adapter / continuation carrier / resume token / outcome slot ABI now lowers through real effect routing or verifier-backed internal invariants
UMB-0333,B-10,RealImpl,crates/scoopc/src/llvm/codegen/effect_lowered/value.rs,3447,core getByte arg contract,P7-C5,effect callable adapter and ABI routing real implementation,effect callable adapter / continuation carrier / resume token / outcome slot ABI now lowers through real effect routing or verifier-backed internal invariants
UMB-0334,B-10,RealImpl,crates/scoopc/src/llvm/codegen/effect_lowered/value.rs,3471,core getByte index value,P7-C5,effect callable adapter and ABI routing real implementation,effect callable adapter / continuation carrier / resume token / outcome slot ABI now lowers through real effect routing or verifier-backed internal invariants
UMB-0335,B-10,RealImpl,crates/scoopc/src/llvm/codegen/effect_lowered/value.rs,3601,Float extension intrinsic arity,P7-C5,effect callable adapter and ABI routing real implementation,effect callable adapter / continuation carrier / resume token / outcome slot ABI now lowers through real effect routing or verifier-backed internal invariants
UMB-0336,B-10,RealImpl,crates/scoopc/src/llvm/codegen/effect_lowered/value.rs,3607,Float extension intrinsic named arg,P7-C5,effect callable adapter and ABI routing real implementation,effect callable adapter / continuation carrier / resume token / outcome slot ABI now lowers through real effect routing or verifier-backed internal invariants
UMB-0337,B-10,RealImpl,crates/scoopc/src/llvm/codegen/effect_lowered/value.rs,3615,Float extension intrinsic arg type,P7-C5,effect callable adapter and ABI routing real implementation,effect callable adapter / continuation carrier / resume token / outcome slot ABI now lowers through real effect routing or verifier-backed internal invariants
UMB-0338,B-10,RealImpl,crates/scoopc/src/llvm/codegen/effect_lowered/value.rs,3654,internal print string arg contract,P7-C5,effect callable adapter and ABI routing real implementation,effect callable adapter / continuation carrier / resume token / outcome slot ABI now lowers through real effect routing or verifier-backed internal invariants
UMB-0339,B-10,RealImpl,crates/scoopc/src/llvm/codegen/effect_lowered/value.rs,3668,internal print string arg value,P7-C5,effect callable adapter and ABI routing real implementation,effect callable adapter / continuation carrier / resume token / outcome slot ABI now lowers through real effect routing or verifier-backed internal invariants
UMB-0358,B-10,RealImpl,crates/scoopc/src/llvm/codegen/effect_lowered/value.rs,3994,named call arg,P7-C5,effect callable adapter and ABI routing real implementation,effect callable adapter / continuation carrier / resume token / outcome slot ABI now lowers through real effect routing or verifier-backed internal invariants
UMB-0359,B-10,RealImpl,crates/scoopc/src/llvm/codegen/effect_lowered/value.rs,4017,scalar call arg type,P7-C5,effect callable adapter and ABI routing real implementation,effect callable adapter / continuation carrier / resume token / outcome slot ABI now lowers through real effect routing or verifier-backed internal invariants
UMB-0360,B-10,RealImpl,crates/scoopc/src/llvm/codegen/effect_lowered/value.rs,4029,scalar call arg value,P7-C5,effect callable adapter and ABI routing real implementation,effect callable adapter / continuation carrier / resume token / outcome slot ABI now lowers through real effect routing or verifier-backed internal invariants
UMB-0361,B-10,RealImpl,crates/scoopc/src/llvm/codegen/effect_lowered/value.rs,4066,tuple call arg type,P7-C5,effect callable adapter and ABI routing real implementation,effect callable adapter / continuation carrier / resume token / outcome slot ABI now lowers through real effect routing or verifier-backed internal invariants
UMB-0362,B-10,RealImpl,crates/scoopc/src/llvm/codegen/effect_lowered/value.rs,4077,tuple call arg value,P7-C5,effect callable adapter and ABI routing real implementation,effect callable adapter / continuation carrier / resume token / outcome slot ABI now lowers through real effect routing or verifier-backed internal invariants
UMB-0363,B-10,RealImpl,crates/scoopc/src/llvm/codegen/effect_lowered/value.rs,4196,operand source type,P7-C5,effect callable adapter and ABI routing real implementation,effect callable adapter / continuation carrier / resume token / outcome slot ABI now lowers through real effect routing or verifier-backed internal invariants
UMB-0419,B-10,RealImpl,crates/scoopc/src/llvm/codegen/expr.rs,312,HIR perform payload tuple contract,P7-C5,effect callable adapter and ABI routing real implementation,effect callable adapter / continuation carrier / resume token / outcome slot ABI now lowers through real effect routing or verifier-backed internal invariants
UMB-0420,B-10,RealImpl,crates/scoopc/src/llvm/codegen/expr.rs,338,perform payload tuple type,P7-C5,effect callable adapter and ABI routing real implementation,effect callable adapter / continuation carrier / resume token / outcome slot ABI now lowers through real effect routing or verifier-backed internal invariants
UMB-0421,B-10,RealImpl,crates/scoopc/src/llvm/codegen/expr.rs,351,perform payload tuple value,P7-C5,effect callable adapter and ABI routing real implementation,effect callable adapter / continuation carrier / resume token / outcome slot ABI now lowers through real effect routing or verifier-backed internal invariants
UMB-1014,B-10,RealImpl,crates/scoopc/src/llvm/codegen/mir_body/call.rs,895,plain closure call target may outward-effect,P7-C5,effect callable adapter and ABI routing real implementation,effect callable adapter / continuation carrier / resume token / outcome slot ABI now lowers through real effect routing or verifier-backed internal invariants
UMB-1015,B-10,RealImpl,crates/scoopc/src/llvm/codegen/mir_body/call.rs,901,plain closure call effect-typed surface requires adapter,P7-C5,effect callable adapter and ABI routing real implementation,effect callable adapter / continuation carrier / resume token / outcome slot ABI now lowers through real effect routing or verifier-backed internal invariants
UMB-1017,B-10,RealImpl,crates/scoopc/src/llvm/codegen/mir_body/call.rs,924,plain function-value call target may outward-effect,P7-C5,effect callable adapter and ABI routing real implementation,effect callable adapter / continuation carrier / resume token / outcome slot ABI now lowers through real effect routing or verifier-backed internal invariants
UMB-1018,B-10,RealImpl,crates/scoopc/src/llvm/codegen/mir_body/call.rs,930,plain function-value call effect-typed surface requires adapter,P7-C5,effect callable adapter and ABI routing real implementation,effect callable adapter / continuation carrier / resume token / outcome slot ABI now lowers through real effect routing or verifier-backed internal invariants
UMB-1020,B-10,RealImpl,crates/scoopc/src/llvm/codegen/mir_body/call.rs,947,plain FunPtr call effect-typed surface requires adapter,P7-C5,effect callable adapter and ABI routing real implementation,effect callable adapter / continuation carrier / resume token / outcome slot ABI now lowers through real effect routing or verifier-backed internal invariants
UMB-1111,B-10,RealImpl,crates/scoopc/src/llvm/codegen/mir_body/dispatch.rs,158,static interface dispatch target may outward-effect,P7-C5,effect callable adapter and ABI routing real implementation,effect callable adapter / continuation carrier / resume token / outcome slot ABI now lowers through real effect routing or verifier-backed internal invariants
UMB-1116,B-10,RealImpl,crates/scoopc/src/llvm/codegen/mir_body/dispatch.rs,297,plain dispatch target may outward-effect,P7-C5,effect callable adapter and ABI routing real implementation,effect callable adapter / continuation carrier / resume token / outcome slot ABI now lowers through real effect routing or verifier-backed internal invariants
UMB-1179,B-10,RealImpl,crates/scoopc/src/llvm/codegen/mir_body/mod.rs,281,pass MIR ambiguous member continuation route,P7-C5,effect callable adapter and ABI routing real implementation,effect callable adapter / continuation carrier / resume token / outcome slot ABI now lowers through real effect routing or verifier-backed internal invariants
UMB-1180,B-10,RealImpl,crates/scoopc/src/llvm/codegen/mir_body/mod.rs,289,pass MIR member continuation route missing source local,P7-C5,effect callable adapter and ABI routing real implementation,effect callable adapter / continuation carrier / resume token / outcome slot ABI now lowers through real effect routing or verifier-backed internal invariants
UMB-1181,B-10,RealImpl,crates/scoopc/src/llvm/codegen/mir_body/mod.rs,295,pass MIR member continuation route source type drift,P7-C5,effect callable adapter and ABI routing real implementation,effect callable adapter / continuation carrier / resume token / outcome slot ABI now lowers through real effect routing or verifier-backed internal invariants
UMB-1245,B-10,RealImpl,crates/scoopc/src/llvm/codegen/ordinary_callee.rs,264,callee resume local type,P7-C5,effect callable adapter and ABI routing real implementation,effect callable adapter / continuation carrier / resume token / outcome slot ABI now lowers through real effect routing or verifier-backed internal invariants
UMB-1246,B-10,RealImpl,crates/scoopc/src/llvm/codegen/ordinary_callee.rs,270,callee resume local field index,P7-C5,effect callable adapter and ABI routing real implementation,effect callable adapter / continuation carrier / resume token / outcome slot ABI now lowers through real effect routing or verifier-backed internal invariants
UMB-1247,B-10,RealImpl,crates/scoopc/src/llvm/codegen/ordinary_callee.rs,316,callee resume slot type,P7-C5,effect callable adapter and ABI routing real implementation,effect callable adapter / continuation carrier / resume token / outcome slot ABI now lowers through real effect routing or verifier-backed internal invariants
UMB-1248,B-10,RealImpl,crates/scoopc/src/llvm/codegen/ordinary_callee.rs,529,missing callee resume sret param,P7-C5,effect callable adapter and ABI routing real implementation,effect callable adapter / continuation carrier / resume token / outcome slot ABI now lowers through real effect routing or verifier-backed internal invariants
UMB-1249,B-10,RealImpl,crates/scoopc/src/llvm/codegen/ordinary_callee.rs,549,missing incoming resume token ref,P7-C5,effect callable adapter and ABI routing real implementation,effect callable adapter / continuation carrier / resume token / outcome slot ABI now lowers through real effect routing or verifier-backed internal invariants
